"flu_season","year_week","start_date","end_date","number_healthcare_workers","number_cases","population","incidence","pop_0-4","cases_0-4","inc_0-4","pop_5-14","cases_5-14","inc_5-14","pop_15-64","cases_15-64","inc_15-64","pop_65+","cases_65+","inc_65+"
"2003-2004","2003-42",2003-10-13,2003-10-19,776,357,1000656,"0.36",60552,43,"0.71",124369,48,"0.39",624850,206,"0.33",190885,60,"0.31"
"2003-2004","2003-43",2003-10-20,2003-10-26,824,500,1066723,"0.47",63246,61,"0.96",130992,66,"0.5",668897,299,"0.45",203588,74,"0.36"
"2003-2004","2003-44",2003-10-27,2003-11-02,887,597,1150866,"0.52",67190,72,"1.07",140176,76,"0.54",724178,354,"0.49",219322,95,"0.43"
"2003-2004","2003-45",2003-11-03,2003-11-09,922,723,1204797,"0.6",67698,90,"1.33",144237,98,"0.68",760942,431,"0.57",231920,104,"0.45"
"2003-2004","2003-46",2003-11-10,2003-11-16,955,742,1251026,"0.59",69826,90,"1.29",148325,95,"0.64",792406,438,"0.55",240469,119,"0.49"
"2003-2004","2003-47",2003-11-17,2003-11-23,952,866,1244433,"0.7",70630,113,"1.6",149176,119,"0.8",785088,523,"0.67",239539,111,"0.46"
"2003-2004","2003-48",2003-11-24,2003-11-30,956,805,1250648,"0.64",70893,108,"1.52",149869,125,"0.83",789786,488,"0.62",240100,84,"0.35"
"2003-2004","2003-49",2003-12-01,2003-12-07,949,990,1242983,"0.8",69728,142,"2.04",147142,175,"1.19",786028,562,"0.71",240085,111,"0.46"
"2003-2004","2003-50",2003-12-08,2003-12-14,960,1238,1256363,"0.99",69854,207,"2.96",148522,211,"1.42",796545,690,"0.87",241442,130,"0.54"
"2003-2004","2003-51",2003-12-15,2003-12-21,949,1615,1242043,"1.3",69775,225,"3.22",146986,293,"1.99",786760,898,"1.14",238522,199,"0.83"
"2003-2004","2003-52",2003-12-22,2003-12-28,922,1589,1207104,"1.32",66498,208,"3.13",140657,313,"2.23",766001,880,"1.15",233948,188,"0.8"
"2003-2004","2004-01",2003-12-29,2004-01-04,917,2058,1202319,"1.71",64167,169,"2.63",138457,308,"2.22",767556,1297,"1.69",232139,284,"1.22"
"2003-2004","2004-02",2004-01-05,2004-01-11,940,2670,1227765,"2.17",68036,240,"3.53",144499,353,"2.44",779243,1755,"2.25",235987,322,"1.36"
"2003-2004","2004-03",2004-01-12,2004-01-18,950,3512,1243420,"2.82",68895,440,"6.39",146349,586,"4",788509,2092,"2.65",239667,394,"1.64"
"2003-2004","2004-04",2004-01-19,2004-01-25,947,4543,1237574,"3.67",69575,805,"11.57",147078,945,"6.43",784420,2391,"3.05",236501,402,"1.7"
"2003-2004","2004-05",2004-01-26,2004-02-01,947,5440,1236811,"4.4",68181,851,"12.48",145941,1225,"8.39",784564,2925,"3.73",238125,439,"1.84"
"2003-2004","2004-06",2004-02-02,2004-02-08,951,5988,1240307,"4.83",69397,968,"13.95",147342,1340,"9.09",785714,3172,"4.04",237854,508,"2.14"
"2003-2004","2004-07",2004-02-09,2004-02-15,934,5809,1222902,"4.75",66420,963,"14.5",141905,1283,"9.04",778672,3005,"3.86",235905,558,"2.37"
"2003-2004","2004-08",2004-02-16,2004-02-22,932,5618,1215472,"4.62",68480,878,"12.82",145206,1272,"8.76",768755,2960,"3.85",233031,508,"2.18"
"2003-2004","2004-09",2004-02-23,2004-02-29,919,4793,1197005,"4",67357,718,"10.66",143483,1099,"7.66",757337,2521,"3.33",228828,455,"1.99"
"2003-2004","2004-10",2004-03-01,2004-03-07,919,4267,1198232,"3.56",66184,612,"9.25",142221,1051,"7.39",760293,2200,"2.89",229534,404,"1.76"
"2003-2004","2004-11",2004-03-08,2004-03-14,916,3922,1191925,"3.29",66033,614,"9.3",141839,976,"6.88",755914,2018,"2.67",228139,314,"1.38"
"2003-2004","2004-12",2004-03-15,2004-03-21,899,3205,1168862,"2.74",66678,434,"6.51",140349,914,"6.51",737824,1566,"2.12",224011,291,"1.3"
"2003-2004","2004-13",2004-03-22,2004-03-28,877,2458,1144868,"2.15",65752,391,"5.95",138354,761,"5.5",722765,1124,"1.56",217997,182,"0.83"
"2003-2004","2004-14",2004-03-29,2004-04-04,850,1870,1110636,"1.68",63431,259,"4.08",133216,572,"4.29",701362,911,"1.3",212627,128,"0.6"
"2003-2004","2004-15",2004-04-05,2004-04-11,818,1285,1067732,"1.2",60200,159,"2.64",128768,370,"2.87",675375,649,"0.96",203389,107,"0.53"
"2003-2004","2004-16",2004-04-12,2004-04-18,778,782,1016345,"0.77",55831,96,"1.72",120664,196,"1.62",645241,405,"0.63",194609,85,"0.44"
"2003-2004","2004-17",2004-04-19,2004-04-25,695,539,901833,"0.6",49767,74,"1.49",107274,124,"1.16",570423,273,"0.48",174369,68,"0.39"
"2004-2005","2004-42",2004-10-11,2004-10-17,650,210,845492,"0.25",50056,40,"0.8",101365,28,"0.28",530787,109,"0",163284,33,"0.2"
"2004-2005","2004-43",2004-10-18,2004-10-24,697,332,907066,"0.37",54252,67,"1.23",110099,74,"0.67",568037,158,"0",174678,33,"0.19"
"2004-2005","2004-44",2004-10-25,2004-10-31,755,284,985895,"0.29",57434,51,"0.89",118497,45,"0.38",619812,159,"0",190152,29,"0.15"
"2004-2005","2004-45",2004-11-01,2004-11-07,809,386,1054900,"0.37",61081,60,"0.98",127790,73,"0.57",662601,203,"0",203428,50,"0.25"
"2004-2005","2004-46",2004-11-08,2004-11-14,842,508,1095060,"0.46",64379,64,"0.99",133844,86,"0.64",685807,278,"0",211030,80,"0.38"
"2004-2005","2004-47",2004-11-15,2004-11-21,863,715,1118847,"0.64",65920,107,"1.62",136687,122,"0.89",700633,395,"1",215607,91,"0.42"
"2004-2005","2004-48",2004-11-22,2004-11-28,870,739,1128794,"0.65",66429,90,"1.35",138889,131,"0.94",705692,431,"1",217784,87,"0.4"
"2004-2005","2004-49",2004-11-29,2004-12-05,862,869,1118415,"0.78",64629,142,"2.2",136480,135,"0.99",700761,500,"1",216545,92,"0.42"
"2004-2005","2004-50",2004-12-06,2004-12-12,876,956,1135350,"0.84",65726,153,"2.33",137893,175,"1.27",713189,517,"1",218542,111,"0.51"
"2004-2005","2004-51",2004-12-13,2004-12-19,872,1402,1130134,"1.24",64968,202,"3.11",137972,299,"2.17",708896,734,"1",218298,167,"0.77"
"2004-2005","2004-52",2004-12-20,2004-12-26,859,1989,1116857,"1.78",62685,288,"4.59",132539,456,"3.44",703559,1020,"1",218074,225,"1.03"
"2004-2005","2004-53",2004-12-27,2005-01-02,851,3195,1102496,"2.9",65918,421,"6.39",134826,559,"4.15",689369,1735,"3",212383,480,"2.26"
"2004-2005","2005-01",2005-01-03,2005-01-09,859,3901,1116650,"3.49",65114,411,"6.31",133957,545,"4.07",702112,2369,"3",215467,576,"2.67"
"2004-2005","2005-02",2005-01-10,2005-01-16,876,5749,1135002,"5.07",67038,603,"8.99",138490,1005,"7.26",710822,3394,"5",218652,747,"3.42"
"2004-2005","2005-03",2005-01-17,2005-01-23,871,8926,1131789,"7.89",65986,1175,"17.81",137168,2209,"16.1",709956,4295,"6",218679,1247,"5.7"
"2004-2005","2005-04",2005-01-24,2005-01-30,870,12797,1128454,"11.34",65935,1527,"23.16",136678,3453,"25.26",708184,6362,"9",217657,1455,"6.68"
"2004-2005","2005-05",2005-01-31,2005-02-06,863,15388,1120885,"13.73",64730,1770,"27.34",135412,4032,"29.78",704100,7820,"11",216643,1766,"8.15"
"2004-2005","2005-06",2005-02-07,2005-02-13,867,16370,1122150,"14.59",64409,1933,"30.01",134464,3867,"28.76",704953,8725,"12",218324,1845,"8.45"
"2004-2005","2005-07",2005-02-14,2005-02-20,852,14026,1103065,"12.72",63394,1768,"27.89",132760,3288,"24.77",693348,7131,"10",213563,1839,"8.61"
"2004-2005","2005-08",2005-02-21,2005-02-27,842,10361,1089376,"9.51",63338,1332,"21.03",131808,2513,"19.07",683047,5278,"8",211183,1238,"5.86"
"2004-2005","2005-09",2005-02-28,2005-03-06,813,7253,1050834,"6.9",62660,954,"15.23",129638,1765,"13.61",656931,3583,"5",201605,951,"4.72"
"2004-2005","2005-10",2005-03-07,2005-03-13,801,5147,1039688,"4.95",59830,711,"11.88",126082,1236,"9.8",652276,2501,"4",201500,699,"3.47"
"2004-2005","2005-11",2005-03-14,2005-03-20,731,3249,949596,"3.42",52898,417,"7.88",110840,662,"5.97",599378,1658,"3",186480,512,"2.75"
"2004-2005","2005-12",2005-03-21,2005-03-27,728,1940,945662,"2.05",53592,258,"4.81",113473,367,"3.23",594895,1021,"2",183702,294,"1.6"
"2004-2005","2005-13",2005-03-28,2005-04-03,709,1099,924574,"1.19",51987,139,"2.67",109096,174,"1.59",583778,565,"1",179713,221,"1.23"
"2004-2005","2005-14",2005-04-04,2005-04-10,674,789,874554,"0.9",52331,98,"1.87",106443,104,"0.98",546157,416,"1",169623,171,"1.01"
"2004-2005","2005-15",2005-04-11,2005-04-17,622,530,813623,"0.65",48872,68,"1.39",98480,71,"0.72",508416,329,"1",157855,62,"0.39"
"2004-2005","2005-16",2005-04-18,2005-04-24,419,261,543499,"0.48",31214,48,"1.54",63492,39,"0.61",342131,158,"0",106662,16,"0.15"
"2005-2006","2005-42",2005-10-17,2005-10-23,835,276,1070858,"0.26",67212,40,"0.6",138193,44,"0.32",658030,160,"0.24",207423,32,"0.15"
"2005-2006","2005-43",2005-10-24,2005-10-30,861,311,1110383,"0.28",66330,37,"0.56",137933,51,"0.37",689835,178,"0.26",216285,45,"0.21"
"2005-2006","2005-44",2005-10-31,2005-11-06,904,361,1166611,"0.31",69358,51,"0.74",145478,49,"0.34",723565,211,"0.29",228210,50,"0.22"
"2005-2006","2005-45",2005-11-07,2005-11-13,907,431,1170176,"0.37",69165,65,"0.94",144888,61,"0.42",725643,264,"0.36",230480,41,"0.18"
"2005-2006","2005-46",2005-11-14,2005-11-20,908,567,1169337,"0.48",70064,88,"1.26",146415,102,"0.7",722665,312,"0.43",230193,65,"0.28"
"2005-2006","2005-47",2005-11-21,2005-11-27,932,786,1205935,"0.65",70672,115,"1.63",148324,117,"0.79",749131,469,"0.63",237808,85,"0.36"
"2005-2006","2005-48",2005-11-28,2005-12-04,921,869,1193932,"0.73",69501,139,"2",146162,144,"0.99",741404,483,"0.65",236865,103,"0.43"
"2005-2006","2005-49",2005-12-05,2005-12-11,943,884,1219439,"0.72",72046,154,"2.14",151584,170,"1.12",755761,482,"0.64",240048,78,"0.32"
"2005-2006","2005-50",2005-12-12,2005-12-18,936,1102,1213338,"0.91",72520,167,"2.3",151726,198,"1.3",750130,612,"0.82",238962,125,"0.52"
"2005-2006","2005-51",2005-12-19,2005-12-25,921,1229,1198878,"1.03",68011,215,"3.16",147544,231,"1.57",745192,664,"0.89",238131,119,"0.5"
"2005-2006","2005-52",2005-12-26,2006-01-01,909,1398,1173595,"1.19",69340,236,"3.4",147165,239,"1.62",725513,744,"1.03",231577,179,"0.77"
"2005-2006","2006-01",2006-01-02,2006-01-08,922,1529,1195086,"1.28",69327,205,"2.96",146255,267,"1.83",742299,856,"1.15",237205,201,"0.85"
"2005-2006","2006-02",2006-01-09,2006-01-15,940,1892,1214098,"1.56",71149,192,"2.7",149717,261,"1.74",752891,1226,"1.63",240341,213,"0.89"
"2005-2006","2006-03",2006-01-16,2006-01-22,943,2230,1218285,"1.83",71856,302,"4.2",151320,388,"2.56",754275,1285,"1.7",240834,255,"1.06"
"2005-2006","2006-04",2006-01-23,2006-01-29,938,2489,1215707,"2.05",70849,420,"5.93",148100,472,"3.19",755386,1336,"1.77",241372,261,"1.08"
"2005-2006","2006-05",2006-01-30,2006-02-05,930,2773,1207067,"2.3",69348,494,"7.12",146849,647,"4.41",750884,1371,"1.83",239986,261,"1.09"
"2005-2006","2006-06",2006-02-06,2006-02-12,938,2970,1212493,"2.45",71060,552,"7.77",148682,651,"4.38",751861,1489,"1.98",240890,278,"1.15"
"2005-2006","2006-07",2006-02-13,2006-02-19,933,3029,1206890,"2.51",70062,503,"7.18",146976,661,"4.5",749582,1574,"2.1",240270,291,"1.21"
"2005-2006","2006-08",2006-02-20,2006-02-26,924,3091,1196278,"2.58",69993,562,"8.03",147074,791,"5.38",741953,1460,"1.97",237258,278,"1.17"
"2005-2006","2006-09",2006-02-27,2006-03-05,901,3029,1166752,"2.6",66864,570,"8.52",140731,724,"5.14",726081,1481,"2.04",233076,254,"1.09"
"2005-2006","2006-10",2006-03-06,2006-03-12,906,2951,1171636,"2.52",67141,492,"7.33",141876,872,"6.15",729308,1381,"1.89",233311,206,"0.88"
"2005-2006","2006-11",2006-03-13,2006-03-19,893,3102,1157701,"2.68",65772,532,"8.09",139601,983,"7.04",721479,1361,"1.89",230849,226,"0.98"
"2005-2006","2006-12",2006-03-20,2006-03-26,880,3089,1142725,"2.7",63766,529,"8.3",136794,1013,"7.41",712878,1333,"1.87",229287,214,"0.93"
"2005-2006","2006-13",2006-03-27,2006-04-02,855,2491,1108213,"2.25",62670,431,"6.88",134146,878,"6.55",689070,1021,"1.48",222327,161,"0.72"
"2005-2006","2006-14",2006-04-03,2006-04-09,820,1846,1063264,"1.74",60368,307,"5.09",130086,665,"5.11",661847,761,"1.15",210963,113,"0.54"
"2005-2006","2006-15",2006-04-10,2006-04-16,743,1104,967359,"1.14",52715,229,"4.34",113508,365,"3.22",607175,453,"0.75",193961,57,"0.29"
"2005-2006","2006-16",2006-04-17,2006-04-23,692,668,899141,"0.74",46944,129,"2.75",104071,205,"1.97",570036,271,"0.48",178090,63,"0.35"
"2005-2006","2006-17",2006-04-24,2006-04-30,598,382,791858,"0.48",39863,66,"1.66",89301,120,"1.34",502371,173,"0.34",160323,23,"0.14"
"2006-2007","2006-42",2006-10-16,2006-10-22,648,216,839158,"0.26",51835,37,"0.71",102959,41,"0.4",517666,126,"0.24",166698,12,"0.07"
"2006-2007","2006-43",2006-10-23,2006-10-29,728,257,940408,"0.27",59022,36,"0.61",116931,47,"0.4",577968,132,"0.23",186487,42,"0.23"
"2006-2007","2006-44",2006-10-30,2006-11-05,786,264,1018516,"0.26",62682,35,"0.56",125363,42,"0.34",628684,139,"0.22",201787,48,"0.24"
"2006-2007","2006-45",2006-11-06,2006-11-12,856,482,1112240,"0.43",67877,68,"1",136640,71,"0.52",688677,268,"0.39",219046,75,"0.34"
"2006-2007","2006-46",2006-11-13,2006-11-19,871,576,1128853,"0.51",69186,97,"1.4",138125,100,"0.72",698096,294,"0.42",223446,85,"0.38"
"2006-2007","2006-47",2006-11-20,2006-11-26,879,599,1139219,"0.53",69851,103,"1.47",139663,113,"0.81",704022,294,"0.42",225683,89,"0.39"
"2006-2007","2006-48",2006-11-27,2006-12-03,893,683,1157608,"0.59",71539,122,"1.71",142777,141,"0.99",714675,342,"0.48",228617,78,"0.34"
"2006-2007","2006-49",2006-12-04,2006-12-10,890,751,1155228,"0.65",70660,125,"1.77",140718,149,"1.06",715045,373,"0.52",228805,104,"0.45"
"2006-2007","2006-50",2006-12-11,2006-12-17,878,1022,1141139,"0.9",70294,195,"2.77",139662,175,"1.25",705366,521,"0.74",225817,131,"0.58"
"2006-2007","2006-51",2006-12-18,2006-12-24,846,1221,1101079,"1.11",67194,245,"3.65",133957,259,"1.93",681364,566,"0.83",218564,151,"0.69"
"2006-2007","2006-52",2006-12-25,2006-12-31,846,1783,1098249,"1.62",66726,353,"5.29",133863,363,"2.71",680464,850,"1.25",217196,217,"1"
"2006-2007","2007-01",2007-01-01,2007-01-07,881,2069,1143863,"1.81",68450,298,"4.35",138304,338,"2.44",710399,1169,"1.65",226710,264,"1.16"
"2006-2007","2007-02",2007-01-08,2007-01-14,896,2599,1162870,"2.23",70343,335,"4.76",140988,437,"3.1",720948,1536,"2.13",230591,291,"1.26"
"2006-2007","2007-03",2007-01-15,2007-01-21,902,3639,1171110,"3.11",70797,727,"10.27",143040,924,"6.46",725338,1719,"2.37",231935,269,"1.16"
"2006-2007","2007-04",2007-01-22,2007-01-28,896,5436,1164898,"4.67",69517,1165,"16.76",140697,1552,"11.03",723060,2322,"3.21",231624,397,"1.71"
"2006-2007","2007-05",2007-01-29,2007-02-04,895,7210,1160725,"6.21",70095,1371,"19.56",140652,2095,"14.89",719488,3284,"4.56",230490,460,"2"
"2006-2007","2007-06",2007-02-05,2007-02-11,897,8830,1165694,"7.57",70261,1594,"22.69",140822,2448,"17.38",723288,4191,"5.79",231323,597,"2.58"
"2006-2007","2007-07",2007-02-12,2007-02-18,876,8729,1134904,"7.69",68784,1646,"23.93",137875,2390,"17.33",703445,4098,"5.83",224800,595,"2.65"
"2006-2007","2007-08",2007-02-19,2007-02-25,874,7335,1132554,"6.48",67849,1426,"21.02",137319,1947,"14.18",702049,3443,"4.9",225337,519,"2.3"
"2006-2007","2007-09",2007-02-26,2007-03-04,867,5202,1123879,"4.63",68345,980,"14.34",137179,1358,"9.9",694920,2481,"3.57",223435,383,"1.71"
"2006-2007","2007-10",2007-03-05,2007-03-11,852,3424,1100967,"3.11",66668,620,"9.3",134331,834,"6.21",681988,1675,"2.46",217980,295,"1.35"
"2006-2007","2007-11",2007-03-12,2007-03-18,830,2417,1076824,"2.24",64592,453,"7.01",130137,594,"4.56",668579,1166,"1.74",213516,204,"0.96"
"2006-2007","2007-12",2007-03-19,2007-03-25,813,1886,1056618,"1.78",62493,373,"5.97",127521,462,"3.62",655249,885,"1.35",211355,166,"0.79"
"2006-2007","2007-13",2007-03-26,2007-04-01,806,1421,1047465,"1.36",60894,262,"4.3",124301,328,"2.64",652075,723,"1.11",210195,108,"0.51"
"2006-2007","2007-14",2007-04-02,2007-04-08,758,906,985213,"0.92",56441,158,"2.8",114510,191,"1.67",616710,485,"0.79",197552,72,"0.36"
"2006-2007","2007-15",2007-04-09,2007-04-15,742,689,965529,"0.71",56816,134,"2.36",113822,139,"1.22",602059,349,"0.58",192832,67,"0.35"
"2006-2007","2007-16",2007-04-16,2007-04-22,719,518,933995,"0.55",55421,116,"2.09",111333,111,"1",580421,239,"0.41",186820,52,"0.28"
"2006-2007","2007-17",2007-04-23,2007-04-29,664,268,867269,"0.31",49762,54,"1.09",98420,67,"0.68",543972,114,"0.21",175115,33,"0.19"
"2007-2008","2007-42",2007-10-15,2007-10-21,822,209,1075194,"0.19",64169,30,"0.47",129981,19,"0.15",666481,126,"0.19",214563,34,"0.16"
"2007-2008","2007-43",2007-10-22,2007-10-28,839,353,1112987,"0.32",65623,44,"0.67",133821,54,"0.4",691445,209,"0.3",222098,46,"0.21"
"2007-2008","2007-44",2007-10-29,2007-11-04,857,290,1133791,"0.26",66954,37,"0.55",136386,39,"0.29",704275,158,"0.22",226176,56,"0.25"
"2007-2008","2007-45",2007-11-05,2007-11-11,885,477,1172206,"0.41",69957,91,"1.3",142702,79,"0.55",726430,249,"0.34",233117,58,"0.25"
"2007-2008","2007-46",2007-11-12,2007-11-18,899,608,1191998,"0.51",69756,98,"1.4",142611,101,"0.71",740577,328,"0.44",239054,81,"0.34"
"2007-2008","2007-47",2007-11-19,2007-11-25,914,729,1197422,"0.61",71311,118,"1.65",143526,127,"0.88",743373,394,"0.53",239212,90,"0.38"
"2007-2008","2007-48",2007-11-26,2007-12-02,885,914,1157504,"0.79",71020,149,"2.1",143171,171,"1.19",714527,483,"0.68",228786,111,"0.49"
"2007-2008","2007-49",2007-12-03,2007-12-09,922,1079,1206693,"0.89",72786,165,"2.27",147324,195,"1.32",746894,598,"0.8",239689,121,"0.5"
"2007-2008","2007-50",2007-12-10,2007-12-16,916,1444,1198903,"1.2",71920,235,"3.27",145566,263,"1.81",742277,789,"1.06",239140,157,"0.66"
"2007-2008","2007-51",2007-12-17,2007-12-23,903,2224,1175626,"1.89",72095,334,"4.63",143142,508,"3.55",728036,1187,"1.63",232353,195,"0.84"
"2007-2008","2007-52",2007-12-24,2007-12-30,812,3126,1070366,"2.92",61951,364,"5.88",126398,603,"4.77",666387,1866,"2.8",215630,293,"1.36"
"2007-2008","2008-01",2007-12-31,2008-01-06,913,5468,1198250,"4.56",71783,548,"7.63",144485,830,"5.74",743483,3569,"4.8",238499,521,"2.18"
"2007-2008","2008-02",2008-01-07,2008-01-13,940,7390,1234887,"5.98",72184,853,"11.82",146368,1241,"8.48",769790,4627,"6.01",246545,669,"2.71"
"2007-2008","2008-03",2008-01-14,2008-01-20,936,8017,1225495,"6.54",74520,1473,"19.77",150663,1983,"13.16",758265,3960,"5.22",242047,601,"2.48"
"2007-2008","2008-04",2008-01-21,2008-01-27,914,8346,1200731,"6.95",71963,1596,"22.18",145479,2392,"16.44",746098,3799,"5.09",237191,559,"2.36"
"2007-2008","2008-05",2008-01-28,2008-02-03,917,8701,1206563,"7.21",71273,1643,"23.05",145168,2535,"17.46",751043,3925,"5.23",239079,598,"2.5"
"2007-2008","2008-06",2008-02-04,2008-02-10,909,8287,1192437,"6.95",69443,1566,"22.55",140989,2449,"17.37",744158,3664,"4.92",237847,608,"2.56"
"2007-2008","2008-07",2008-02-11,2008-02-17,905,7839,1185316,"6.61",71063,1350,"19",142156,2153,"15.15",737231,3736,"5.07",234866,600,"2.55"
"2007-2008","2008-08",2008-02-18,2008-02-24,895,7421,1174934,"6.32",69558,1184,"17.02",138936,2004,"14.42",732264,3664,"5",234176,569,"2.43"
"2007-2008","2008-09",2008-02-25,2008-03-02,887,6555,1165703,"5.62",68834,1084,"15.75",138103,1723,"12.48",727147,3223,"4.43",231619,525,"2.27"
"2007-2008","2008-10",2008-03-03,2008-03-09,872,4705,1140119,"4.13",67990,742,"10.91",135699,1224,"9.02",710849,2324,"3.27",225581,415,"1.84"
"2007-2008","2008-11",2008-03-10,2008-03-16,826,2978,1082848,"2.75",63184,459,"7.26",127397,733,"5.75",676092,1528,"2.26",216175,258,"1.19"
"2007-2008","2008-12",2008-03-17,2008-03-23,793,2009,1045931,"1.92",59443,286,"4.81",117970,459,"3.89",657930,1055,"1.6",210588,209,"0.99"
"2007-2008","2008-13",2008-03-24,2008-03-30,787,1390,1040374,"1.34",58424,192,"3.29",116630,262,"2.25",655639,779,"1.19",209681,157,"0.75"
"2007-2008","2008-14",2008-03-31,2008-04-06,759,966,999892,"0.97",57341,128,"2.23",113985,162,"1.42",628134,548,"0.87",200432,128,"0.64"
"2007-2008","2008-15",2008-04-07,2008-04-13,711,644,941501,"0.68",52677,81,"1.54",105108,101,"0.96",593877,377,"0.63",189839,85,"0.45"
"2007-2008","2008-16",2008-04-14,2008-04-20,622,394,827900,"0.48",44056,59,"1.34",89412,49,"0.55",526642,239,"0.45",167790,47,"0.28"
"2007-2008","2008-17",2008-04-21,2008-04-27,433,176,568094,"0.31",30898,27,"0.87",63080,23,"0.36",358056,110,"0.31",116060,16,"0.14"
"2008-2009","2008-42",2008-10-13,2008-10-19,846,309,1098775,"0.28",66354,25,"0.38",133471,41,"0.31",681075,181,"0.27",217875,62,"0.28"
"2008-2009","2008-43",2008-10-20,2008-10-26,859,302,1120921,"0.27",67414,22,"0.33",136870,55,"0.4",694467,171,"0.25",222170,54,"0.24"
"2008-2009","2008-44",2008-10-27,2008-11-02,895,380,1169369,"0.32",68825,48,"0.7",140717,33,"0.23",727582,217,"0.3",232245,82,"0.35"
"2008-2009","2008-45",2008-11-03,2008-11-09,913,510,1187706,"0.43",73275,78,"1.06",148402,84,"0.57",731950,256,"0.35",234079,92,"0.39"
"2008-2009","2008-46",2008-11-10,2008-11-16,901,566,1170373,"0.48",71818,82,"1.14",146304,95,"0.65",721281,290,"0.4",230970,99,"0.43"
"2008-2009","2008-47",2008-11-17,2008-11-23,923,740,1199961,"0.62",72644,121,"1.67",148447,130,"0.88",741688,382,"0.52",237182,107,"0.45"
"2008-2009","2008-48",2008-11-24,2008-11-30,932,930,1215980,"0.76",72512,113,"1.56",147952,165,"1.12",753992,520,"0.69",241524,132,"0.55"
"2008-2009","2008-49",2008-12-01,2008-12-07,930,1078,1212677,"0.89",73370,154,"2.1",148309,209,"1.41",750832,578,"0.77",240166,137,"0.57"
"2008-2009","2008-50",2008-12-08,2008-12-14,937,1400,1220694,"1.15",74578,208,"2.79",151008,253,"1.68",753406,764,"1.01",241702,175,"0.72"
"2008-2009","2008-51",2008-12-15,2008-12-21,926,1886,1207894,"1.56",72835,271,"3.72",147440,395,"2.68",746537,1037,"1.39",241082,183,"0.76"
"2008-2009","2008-52",2008-12-22,2008-12-28,899,2350,1174447,"2",70511,337,"4.78",142975,521,"3.64",726209,1254,"1.73",234752,238,"1.01"
"2008-2009","2009-01",2008-12-29,2009-01-04,921,3823,1202722,"3.18",70053,411,"5.87",142085,606,"4.27",749814,2309,"3.08",240770,497,"2.06"
"2008-2009","2009-02",2009-01-05,2009-01-11,948,5446,1236473,"4.4",73961,542,"7.33",150693,847,"5.62",766539,3492,"4.56",245280,565,"2.3"
"2008-2009","2009-03",2009-01-12,2009-01-18,948,7748,1233964,"6.28",74537,1166,"15.64",151844,1654,"10.89",762573,4193,"5.5",245010,735,"3"
"2008-2009","2009-04",2009-01-19,2009-01-25,939,10061,1222667,"8.23",74794,1801,"24.08",152162,2745,"18.04",753387,4697,"6.23",242324,818,"3.38"
"2008-2009","2009-05",2009-01-26,2009-02-01,941,9375,1227083,"7.64",73717,1739,"23.59",150592,2571,"17.07",759146,4331,"5.71",243628,734,"3.01"
"2008-2009","2009-06",2009-02-02,2009-02-08,928,8012,1205860,"6.64",72099,1444,"20.03",147780,1999,"13.53",746579,3872,"5.19",239402,697,"2.91"
"2008-2009","2009-07",2009-02-09,2009-02-15,937,6265,1220852,"5.13",73874,1117,"15.12",149484,1580,"10.57",755383,2999,"3.97",242111,569,"2.35"
"2008-2009","2009-08",2009-02-16,2009-02-22,915,4973,1193113,"4.17",72401,817,"11.28",145999,1156,"7.92",737263,2543,"3.45",237450,457,"1.92"
"2008-2009","2009-09",2009-02-23,2009-03-01,905,4405,1178157,"3.74",71484,715,"10",143093,1073,"7.5",730661,2197,"3.01",232919,420,"1.8"
"2008-2009","2009-10",2009-03-02,2009-03-08,900,3417,1174522,"2.91",69990,552,"7.89",143323,880,"6.14",727978,1727,"2.37",233231,258,"1.11"
"2008-2009","2009-11",2009-03-09,2009-03-15,891,2502,1162785,"2.15",70310,418,"5.95",142762,644,"4.51",720057,1220,"1.69",229656,220,"0.96"
"2008-2009","2009-12",2009-03-16,2009-03-22,884,1984,1148544,"1.73",70421,324,"4.6",143121,533,"3.72",708188,973,"1.37",226814,154,"0.68"
"2008-2009","2009-13",2009-03-23,2009-03-29,866,1607,1118649,"1.44",70260,276,"3.93",139740,461,"3.3",686782,723,"1.05",221867,147,"0.66"
"2008-2009","2009-14",2009-03-30,2009-04-05,853,1293,1116091,"1.16",65395,209,"3.2",131913,344,"2.61",695416,629,"0.9",223367,111,"0.5"
"2008-2009","2009-15",2009-04-06,2009-04-12,810,803,1058547,"0.76",63609,149,"2.34",126864,214,"1.69",655550,352,"0.54",212524,88,"0.41"
"2008-2009","2009-16",2009-04-13,2009-04-19,799,609,1043951,"0.58",62603,115,"1.84",125222,138,"1.1",647778,278,"0.43",208348,78,"0.37"
"2008-2009","2009-17",2009-04-20,2009-04-26,803,521,1062890,"0.49",63174,84,"1.33",127415,113,"0.89",660151,248,"0.38",212150,76,"0.36"
"2009-2010","2009-42",2022-10-12,2022-10-18,607,1411,800360,"1.76",45542,283,"6.21",94818,408,"4.3",500397,630,"1.26",159603,90,"0.56"
"2009-2010","2009-43",2022-10-19,2022-10-25,1094,6379,1419989,"4.49",98112,1027,"10.47",193598,2787,"14.4",846515,2304,"2.72",281764,261,"0.93"
"2009-2010","2009-44",2022-10-26,2022-11-01,1133,13716,1472629,"9.31",101746,1830,"17.99",202312,6822,"33.72",878095,4687,"5.34",290476,377,"1.3"
"2009-2010","2009-45",2022-11-02,2022-11-08,1150,18893,1494023,"12.65",105533,2717,"25.75",207282,9037,"43.6",888019,6644,"7.48",293189,495,"1.69"
"2009-2010","2009-46",2022-11-09,2022-11-15,1165,19515,1509971,"12.92",108495,2788,"25.7",211597,9128,"43.14",894505,7049,"7.88",295374,550,"1.86"
"2009-2010","2009-47",2022-11-16,2022-11-22,1141,16318,1480887,"11.02",106412,2427,"22.81",208308,7519,"36.1",875461,5875,"6.71",290706,497,"1.71"
"2009-2010","2009-48",2022-11-23,2022-11-29,1148,9989,1486770,"6.72",107627,1676,"15.57",209372,4003,"19.12",879669,3864,"4.39",290102,446,"1.54"
"2009-2010","2009-49",2022-11-30,2022-12-06,1082,5269,1400389,"3.76",101243,952,"9.4",196523,1738,"8.84",828017,2277,"2.75",274606,302,"1.1"
"2009-2010","2009-50",2022-12-07,2022-12-13,1124,3284,1457341,"2.25",102921,602,"5.85",201554,912,"4.52",866466,1520,"1.75",286400,250,"0.87"
"2009-2010","2009-51",2022-12-14,2022-12-20,1132,2707,1471026,"1.84",104995,462,"4.4",206281,685,"3.32",869183,1318,"1.52",290567,242,"0.83"
"2009-2010","2009-52",2022-12-21,2022-12-27,1085,1870,1420740,"1.32",99446,274,"2.76",197388,454,"2.3",844388,928,"1.1",279518,214,"0.77"
"2009-2010","2009-53",2022-12-28,2023-01-03,1034,1726,1337006,"1.29",93240,228,"2.45",186680,390,"2.09",794770,868,"1.09",262316,240,"0.91"
"2009-2010","2010-01",2023-01-04,2023-01-10,1111,1966,1443528,"1.36",99278,240,"2.42",198025,344,"1.74",860443,1112,"1.29",285782,270,"0.94"
"2009-2010","2010-02",2023-01-11,2023-01-17,1142,2169,1480339,"1.47",104972,309,"2.94",206017,418,"2.03",878085,1183,"1.35",291265,259,"0.89"
"2009-2010","2010-03",2023-01-18,2023-01-24,1134,2451,1466107,"1.67",104933,494,"4.71",204910,545,"2.66",866374,1197,"1.38",289890,215,"0.74"
"2009-2010","2010-04",2023-01-25,2023-01-31,1134,2798,1463800,"1.91",103275,594,"5.75",203847,609,"2.99",867899,1342,"1.55",288779,253,"0.88"
"2009-2010","2010-05",2023-02-01,2023-02-07,1127,2916,1458557,"2",104436,647,"6.2",204387,681,"3.33",862580,1329,"1.54",287154,259,"0.9"
"2009-2010","2010-06",2023-02-08,2023-02-14,1103,3011,1423086,"2.12",102516,704,"6.87",200542,739,"3.69",840030,1299,"1.55",279998,269,"0.96"
"2009-2010","2010-07",2023-02-15,2023-02-21,1102,2945,1425207,"2.07",100558,757,"7.53",196570,735,"3.74",845729,1201,"1.42",282350,252,"0.89"
"2009-2010","2010-08",2023-02-22,2023-02-28,1096,2802,1416534,"1.98",102201,761,"7.45",198174,801,"4.04",838234,1014,"1.21",277925,226,"0.81"
"2009-2010","2010-09",2023-03-01,2023-03-07,1077,2508,1387460,"1.81",100631,623,"6.19",194849,720,"3.7",819013,952,"1.16",272967,213,"0.78"
"2009-2010","2010-10",2023-03-08,2023-03-14,1076,2288,1386900,"1.65",100356,579,"5.77",195542,629,"3.22",817035,884,"1.08",273967,196,"0.72"
"2009-2010","2010-11",2023-03-15,2023-03-21,1049,1872,1352529,"1.38",98410,466,"4.74",190914,514,"2.69",793920,730,"0.92",269285,162,"0.6"
"2009-2010","2010-12",2023-03-22,2023-03-28,1023,1693,1318026,"1.28",95929,412,"4.29",184818,473,"2.56",775275,643,"0.83",262004,165,"0.63"
"2009-2010","2010-13",2023-03-29,2023-04-04,996,1345,1283945,"1.05",91603,337,"3.68",176359,348,"1.97",759472,522,"0.69",256511,138,"0.54"
"2009-2010","2010-14",2023-04-05,2023-04-11,999,1204,1295391,"0.93",91422,257,"2.81",179249,286,"1.6",767363,518,"0.68",257357,143,"0.56"
"2009-2010","2010-15",2023-04-12,2023-04-18,980,1041,1269040,"0.82",89867,243,"2.7",173671,227,"1.31",751138,442,"0.59",254364,129,"0.51"
"2010-2011","2010-42",2010-10-18,2010-10-24,882,834,1158321,"0.72",82771,168,"2",160986,142,"0.88",687787,453,"0.66",226777,71,"0.31"
"2010-2011","2010-43",2010-10-25,2010-10-31,1026,1085,1345810,"0.81",93322,181,"2",182188,213,"1.17",804141,591,"0.73",266159,100,"0.38"
"2010-2011","2010-44",2010-11-01,2010-11-07,1050,1122,1375503,"0.82",97232,176,"2",187373,208,"1.11",818604,636,"0.78",272294,102,"0.37"
"2010-2011","2010-45",2010-11-08,2010-11-14,1063,1315,1396468,"0.94",96925,200,"2",185780,246,"1.32",835313,735,"0.88",278450,134,"0.48"
"2010-2011","2010-46",2010-11-15,2010-11-21,1072,1514,1409976,"1.07",97844,265,"3",187683,264,"1.41",843583,852,"1.01",280866,133,"0.47"
"2010-2011","2010-47",2010-11-22,2010-11-28,1074,1801,1409016,"1.28",98827,329,"3",189445,364,"1.92",841105,974,"1.16",279639,134,"0.48"
"2010-2011","2010-48",2010-11-29,2010-12-05,1075,1995,1409379,"1.42",100797,322,"3",193291,437,"2.26",837913,1099,"1.31",277378,137,"0.49"
"2010-2011","2010-49",2010-12-06,2010-12-12,1080,2423,1415655,"1.71",99770,418,"4",193061,653,"3.38",842916,1182,"1.4",279908,170,"0.61"
"2010-2011","2010-50",2010-12-13,2010-12-19,1091,3315,1430177,"2.32",101922,595,"6",196150,900,"4.59",849156,1635,"1.93",282949,185,"0.65"
"2010-2011","2010-51",2010-12-20,2010-12-26,1050,4369,1380714,"3.16",94975,807,"9",184309,1220,"6.62",825747,2072,"2.51",275683,270,"0.98"
"2010-2011","2010-52",2010-12-27,2011-01-02,1058,6108,1389759,"4.4",96782,1076,"11",186270,1610,"8.64",831704,3025,"3.64",275003,397,"1.44"
"2010-2011","2011-01",2011-01-03,2011-01-09,1088,7074,1419612,"4.98",98812,983,"10",188267,1237,"6.57",849818,4318,"5.08",282715,536,"1.9"
"2010-2011","2011-02",2011-01-10,2011-01-16,1116,9426,1462949,"6.44",105530,1295,"12",201636,1880,"9.32",867902,5600,"6.45",287881,651,"2.26"
"2010-2011","2011-03",2011-01-17,2011-01-23,1114,11946,1456258,"8.2",107393,2251,"21",204130,3360,"16.46",858771,5830,"6.79",285964,505,"1.77"
"2010-2011","2011-04",2011-01-24,2011-01-30,1101,14950,1435437,"10.41",105426,3017,"29",195498,4901,"25.07",850935,6447,"7.58",283578,585,"2.06"
"2010-2011","2011-05",2011-01-31,2011-02-06,1102,15940,1444480,"11.04",103412,3011,"29",197490,5646,"28.59",857645,6689,"7.8",285933,594,"2.08"
"2010-2011","2011-06",2011-02-07,2011-02-13,1089,14308,1423688,"10.05",103910,2753,"26",198179,4943,"24.94",840656,6061,"7.21",280943,551,"1.96"
"2010-2011","2011-07",2011-02-14,2011-02-20,1069,10849,1396634,"7.77",103280,2172,"21",196686,3405,"17.31",822740,4795,"5.83",273928,477,"1.74"
"2010-2011","2011-08",2011-02-21,2011-02-27,1046,7503,1375522,"5.45",98548,1489,"15",188554,2160,"11.46",815765,3509,"4.3",272655,345,"1.27"
"2010-2011","2011-09",2011-02-28,2011-03-06,1026,5594,1358931,"4.12",97760,1046,"11",187575,1419,"7.56",805000,2799,"3.48",268596,330,"1.23"
"2010-2011","2011-10",2011-03-07,2011-03-13,1000,4075,1315090,"3.1",93111,761,"8",179726,965,"5.37",779956,2092,"2.68",262297,257,"0.98"
"2010-2011","2011-11",2011-03-14,2011-03-20,916,2723,1296669,"2.1",92647,486,"5",179330,571,"3.18",766727,1461,"1.91",257965,205,"0.79"
"2010-2011","2011-12",2011-03-21,2011-03-27,963,2072,1267894,"1.63",88210,390,"4",172038,410,"2.38",753616,1117,"1.48",254030,155,"0.61"
"2010-2011","2011-13",2011-03-28,2011-04-03,932,1397,1227822,"1.14",83450,261,"3",164659,264,"1.6",733231,753,"1.03",246482,119,"0.48"
"2010-2011","2011-14",2011-04-04,2011-04-10,886,1096,1169795,"0.94",80178,212,"3",150020,209,"1.39",702183,584,"0.83",237414,91,"0.38"
"2010-2011","2011-15",2011-04-11,2011-04-17,860,926,1132491,"0.82",75330,183,"2",142450,157,"1.1",684115,502,"0.73",230596,84,"0.36"
"2010-2011","2011-16",2011-04-18,2011-04-24,781,690,1026856,"0.67",66447,143,"2",125653,101,"0.8",624044,392,"0.63",210712,54,"0.26"
"2010-2011","2011-17",2011-04-25,2011-05-01,596,412,785802,"0.52",53231,82,"2",102530,57,"0.56",468740,235,"0.5",161301,38,"0.24"
"2011-2012","2011-42",2011-10-17,2011-10-23,942,568,1218830,"0.47",81856,115,"1.4",158570,72,"0.45",730045,328,"0.45",248359,53,"0.21"
"2011-2012","2011-43",2011-10-24,2011-10-30,964,678,1249580,"0.54",85923,151,"1.76",166349,75,"0.45",746032,398,"0.53",251276,54,"0.21"
"2011-2012","2011-44",2011-10-31,2011-11-06,1011,697,1309539,"0.53",89906,137,"1.52",174811,78,"0.45",781727,396,"0.51",263095,86,"0.33"
"2011-2012","2011-45",2011-11-07,2011-11-13,1030,967,1337774,"0.72",90411,171,"1.89",176456,106,"0.6",799759,579,"0.72",271148,111,"0.41"
"2011-2012","2011-46",2011-11-14,2011-11-20,1051,1213,1365436,"0.89",95289,205,"2.15",183513,160,"0.87",812613,744,"0.92",274021,104,"0.38"
"2011-2012","2011-47",2011-11-21,2011-11-27,1057,1557,1371719,"1.14",94771,267,"2.82",183149,210,"1.15",816853,925,"1.13",276946,155,"0.56"
"2011-2012","2011-48",2011-11-28,2011-12-04,1038,1735,1343497,"1.29",91782,298,"3.25",180518,285,"1.58",800088,988,"1.23",271109,164,"0.6"
"2011-2012","2011-49",2011-12-05,2011-12-11,1062,1885,1381052,"1.36",93555,333,"3.56",182261,330,"1.81",825226,1044,"1.27",280010,178,"0.64"
"2011-2012","2011-50",2011-12-12,2011-12-18,1066,2430,1382449,"1.76",94302,418,"4.43",181998,449,"2.47",827047,1355,"1.64",279102,208,"0.75"
"2011-2012","2011-51",2011-12-19,2011-12-25,996,2843,1293427,"2.2",88940,584,"6.57",174530,578,"3.31",769285,1462,"1.9",260672,219,"0.84"
"2011-2012","2011-52",2011-12-26,2012-01-01,1025,4074,1325645,"3.07",89078,768,"8.62",174312,737,"4.23",793155,2161,"2.72",269100,408,"1.52"
"2011-2012","2012-01",2012-01-02,2012-01-08,1053,4256,1361517,"3.13",92961,593,"6.38",180584,687,"3.8",813565,2497,"3.07",274407,479,"1.75"
"2011-2012","2012-02",2012-01-09,2012-01-15,1086,5945,1402095,"4.24",98104,898,"9.15",189545,1034,"5.46",832470,3363,"4.04",281976,650,"2.31"
"2011-2012","2012-03",2012-01-16,2012-01-22,1090,8881,1407940,"6.31",98517,1982,"20.12",191234,2162,"11.31",834597,4038,"4.84",283592,699,"2.46"
"2011-2012","2012-04",2012-01-23,2012-01-29,1089,12514,1412141,"8.86",96349,2952,"30.64",188781,3361,"17.8",841882,5391,"6.4",285129,810,"2.84"
"2011-2012","2012-05",2012-01-30,2012-02-05,1085,13539,1405229,"9.63",97796,2710,"27.71",189151,3270,"17.29",835173,6490,"7.77",283109,1069,"3.78"
"2011-2012","2012-06",2012-02-06,2012-02-12,1067,12252,1381410,"8.87",93947,2161,"23",183200,2646,"14.44",824049,6387,"7.75",280214,1058,"3.78"
"2011-2012","2012-07",2012-02-13,2012-02-19,1052,9698,1360331,"7.13",93132,1638,"17.59",181793,2001,"11.01",810105,5215,"6.44",275301,844,"3.07"
"2011-2012","2012-08",2012-02-20,2012-02-26,1017,7553,1313876,"5.75",92421,1216,"13.16",177753,1483,"8.34",777997,4106,"5.28",265705,748,"2.82"
"2011-2012","2012-09",2012-02-27,2012-03-04,1016,5305,1318923,"4.02",88312,848,"9.6",170966,951,"5.56",791752,2964,"3.74",267893,542,"2.02"
"2011-2012","2012-10",2012-03-05,2012-03-11,995,3800,1288852,"2.95",87085,625,"7.18",171526,726,"4.23",768591,2057,"2.68",261650,392,"1.5"
"2011-2012","2012-11",2012-03-12,2012-03-18,958,2642,1242685,"2.13",82473,428,"5.19",161810,527,"3.26",743903,1405,"1.89",254499,282,"1.11"
"2011-2012","2012-12",2012-03-19,2012-03-25,947,1828,1227499,"1.49",84853,336,"3.96",163785,348,"2.12",730307,975,"1.34",248554,169,"0.68"
"2011-2012","2012-13",2012-03-26,2012-04-01,909,1320,1192452,"1.11",81397,249,"3.06",157412,222,"1.41",711706,728,"1.02",241937,121,"0.5"
"2011-2012","2012-14",2012-04-02,2012-04-08,842,904,1089584,"0.83",75210,156,"2.07",144642,154,"1.06",647309,496,"0.77",222423,98,"0.44"
"2011-2012","2012-15",2012-04-09,2012-04-15,824,879,1068233,"0.82",69851,126,"1.8",137492,140,"1.02",641169,527,"0.82",219721,86,"0.39"
"2011-2012","2012-16",2012-04-16,2012-04-22,757,658,979992,"0.67",62339,122,"1.96",124717,115,"0.92",588972,357,"0.61",203964,64,"0.31"
"2011-2012","2012-17",2012-04-23,2012-04-29,543,313,703107,"0.45",43076,60,"1.39",86061,61,"0.71",425219,155,"0.36",148751,37,"0.25"
"2012-2013","2012-42",2022-10-15,2022-10-21,909,397,1178056,"0.34",81821,76,"0.93",155899,46,"0.3",699519,229,"0.33",240817,46,"0.19"
"2012-2013","2012-43",2022-10-22,2022-10-28,981,588,1274569,"0.46",86180,120,"1.39",167842,68,"0.41",756187,336,"0.44",264360,64,"0.24"
"2012-2013","2012-44",2022-10-29,2022-11-04,994,665,1293685,"0.51",86195,128,"1.49",168184,87,"0.52",771051,368,"0.48",268255,82,"0.31"
"2012-2013","2012-45",2022-11-05,2022-11-11,1022,920,1328625,"0.69",90279,176,"1.95",175264,126,"0.72",787551,510,"0.65",275531,108,"0.39"
"2012-2013","2012-46",2022-11-12,2022-11-18,1027,1026,1334317,"0.77",90571,202,"2.23",174872,143,"0.82",791779,571,"0.72",277095,110,"0.4"
"2012-2013","2012-47",2022-11-19,2022-11-25,1023,1181,1331392,"0.89",90142,236,"2.62",174063,176,"1.01",790019,662,"0.84",277168,107,"0.39"
"2012-2013","2012-48",2022-11-26,2022-12-02,1047,1460,1360022,"1.07",93791,265,"2.83",180130,242,"1.34",806008,818,"1.01",280093,135,"0.48"
"2012-2013","2012-49",2022-12-03,2022-12-09,1044,1784,1359398,"1.31",90933,339,"3.73",177231,292,"1.65",809184,998,"1.23",282050,155,"0.55"
"2012-2013","2012-50",2022-12-10,2022-12-16,1053,2290,1367740,"1.67",92872,441,"4.75",180000,438,"2.43",811247,1226,"1.51",283621,185,"0.65"
"2012-2013","2012-51",2022-12-17,2022-12-23,1010,2940,1314336,"2.24",88881,634,"7.13",172340,638,"3.7",781046,1425,"1.82",272069,243,"0.89"
"2012-2013","2012-52",2022-12-24,2022-12-30,991,3302,1288749,"2.56",87298,613,"7.02",169184,695,"4.11",766216,1670,"2.18",266051,324,"1.22"
"2012-2013","2013-01",2022-12-31,2023-01-06,1037,4751,1348598,"3.52",90570,722,"7.97",176744,814,"4.61",802694,2734,"3.41",278590,481,"1.73"
"2012-2013","2013-02",2023-01-07,2023-01-13,1062,7165,1382554,"5.18",92948,1021,"10.98",178078,1297,"7.28",824212,4183,"5.08",287316,664,"2.31"
"2012-2013","2013-03",2023-01-14,2023-01-20,1056,9113,1372457,"6.64",92087,1673,"18.17",178706,2285,"12.79",816840,4489,"5.5",284824,666,"2.34"
"2012-2013","2013-04",2023-01-21,2023-01-27,1049,11237,1362074,"8.25",91706,2097,"22.87",177893,3181,"17.88",810347,5248,"6.48",282128,711,"2.52"
"2012-2013","2013-05",2023-01-28,2023-02-03,1050,13062,1366270,"9.56",92104,2387,"25.92",177992,3930,"22.08",813242,5925,"7.29",282932,820,"2.9"
"2012-2013","2013-06",2023-02-04,2023-02-10,1039,13472,1350138,"9.98",93550,2438,"26.06",180309,3936,"21.83",798594,6284,"7.87",277685,814,"2.93"
"2012-2013","2013-07",2023-02-11,2023-02-17,1026,12975,1335564,"9.71",89480,2098,"23.45",173317,3500,"20.19",794785,6531,"8.22",277982,846,"3.04"
"2012-2013","2013-08",2023-02-18,2023-02-24,1035,12423,1346390,"9.23",92272,2046,"22.17",178583,3165,"17.72",797451,6381,"8",278084,831,"2.99"
"2012-2013","2013-09",2023-02-25,2023-03-03,1034,10280,1341570,"7.66",93388,1722,"18.44",179482,2529,"14.09",792187,5344,"6.75",276513,685,"2.48"
"2012-2013","2013-10",2023-03-04,2023-03-10,1008,7734,1309596,"5.91",89558,1252,"13.98",173391,1785,"10.29",775590,4126,"5.32",271057,571,"2.11"
"2012-2013","2013-11",2023-03-11,2023-03-17,983,5469,1277946,"4.28",86297,761,"8.82",167419,1171,"6.99",758713,3113,"4.1",265517,424,"1.6"
"2012-2013","2013-12",2023-03-18,2023-03-24,955,3938,1237031,"3.18",86869,586,"6.75",167966,848,"5.05",726596,2209,"3.04",255600,295,"1.15"
"2012-2013","2013-13",2023-03-25,2023-03-31,909,2575,1183542,"2.18",78773,394,"5",154966,527,"3.4",702813,1466,"2.09",246990,188,"0.76"
"2012-2013","2013-14",2023-04-01,2023-04-07,877,1763,1138960,"1.55",78310,244,"3.12",152982,329,"2.15",671862,1040,"1.55",235806,150,"0.64"
"2012-2013","2013-15",2023-04-08,2023-04-14,833,1239,1083715,"1.14",71733,191,"2.66",141754,220,"1.55",643547,709,"1.1",226681,119,"0.52"
"2012-2013","2013-16",2023-04-15,2023-04-21,664,740,954717,"0.78",60315,124,"2.06",120129,132,"1.1",571912,409,"0.72",202361,75,"0.37"
"2012-2013","2013-17",2023-04-22,2023-04-28,588,398,774180,"0.51",43737,69,"1.58",92186,83,"0.9",468915,208,"0.44",169342,38,"0.22"
"2013-2014","2013-42",2013-10-14,2013-10-20,909,428,1176370,"0.36",79924,112,"1.4",154748,56,"0.36",693261,223,"0.32",248437,37,"0.15"
"2013-2014","2013-43",2013-10-21,2013-10-27,940,565,1222506,"0.46",82119,132,"1.61",160004,91,"0.57",722367,290,"0.4",258016,52,"0.2"
"2013-2014","2013-44",2013-10-28,2013-11-03,951,563,1236842,"0.46",82290,132,"1.6",161845,113,"0.7",730093,268,"0.37",262614,50,"0.19"
"2013-2014","2013-45",2013-11-04,2013-11-10,1012,885,1323302,"0.67",85432,197,"2.31",169413,169,"1",785156,441,"0.56",283301,78,"0.28"
"2013-2014","2013-46",2013-11-11,2013-11-17,1020,1025,1328309,"0.77",85449,202,"2.36",169727,179,"1.05",788746,548,"0.69",284387,96,"0.34"
"2013-2014","2013-47",2013-11-18,2013-11-24,1030,1270,1339233,"0.95",87575,247,"2.82",173886,208,"1.2",793744,694,"0.87",284028,121,"0.43"
"2013-2014","2013-48",2013-11-25,2013-12-01,1032,1649,1342072,"1.23",87839,329,"3.75",173454,278,"1.6",795479,881,"1.11",285300,161,"0.56"
"2013-2014","2013-49",2013-12-02,2013-12-08,1036,1914,1346922,"1.42",88906,360,"4.05",176932,345,"1.95",795639,1049,"1.32",285445,160,"0.56"
"2013-2014","2013-50",2013-12-09,2013-12-15,1026,2279,1335692,"1.71",85962,416,"4.84",172547,412,"2.39",792645,1255,"1.58",284538,196,"0.69"
"2013-2014","2013-51",2013-12-16,2013-12-22,1001,2540,1301515,"1.95",83713,447,"5.34",168046,434,"2.58",772988,1404,"1.82",276768,255,"0.92"
"2013-2014","2013-52",2013-12-23,2013-12-29,952,2766,1238876,"2.23",80154,462,"5.76",160192,443,"2.77",735087,1557,"2.12",263443,304,"1.15"
"2013-2014","2014-01",2013-12-30,2014-01-05,997,3842,1298530,"2.96",85211,517,"6.07",169474,542,"3.2",767845,2311,"3.01",276000,472,"1.71"
"2013-2014","2014-02",2014-01-06,2014-01-12,1042,5592,1356857,"4.12",88789,650,"7.32",176883,839,"4.74",803590,3477,"4.33",287595,626,"2.18"
"2013-2014","2014-03",2014-01-13,2014-01-19,1034,6763,1352620,"5",87617,1136,"12.97",174249,1280,"7.35",802555,3776,"4.7",288199,571,"1.98"
"2013-2014","2014-04",2014-01-20,2014-01-26,1036,7744,1350548,"5.73",89116,1544,"17.33",178094,1631,"9.16",795935,3917,"4.92",287403,652,"2.27"
"2013-2014","2014-05",2014-01-27,2014-02-02,1030,8716,1339157,"6.51",89009,1765,"19.83",176646,1931,"10.93",790161,4407,"5.58",283341,613,"2.16"
"2013-2014","2014-06",2014-02-03,2014-02-09,1021,8780,1327162,"6.62",88236,1675,"18.98",175794,2065,"11.75",781810,4387,"5.61",281322,653,"2.32"
"2013-2014","2014-07",2014-02-10,2014-02-16,1006,8151,1311337,"6.22",85212,1498,"17.58",170965,1840,"10.76",776284,4165,"5.37",278876,648,"2.32"
"2013-2014","2014-08",2014-02-17,2014-02-23,997,7110,1293502,"5.5",87453,1307,"14.95",173904,1578,"9.07",758570,3660,"4.82",273575,565,"2.07"
"2013-2014","2014-09",2014-02-24,2014-03-02,986,6008,1280406,"4.69",87276,1078,"12.35",172577,1316,"7.63",750624,3122,"4.16",269929,492,"1.82"
"2013-2014","2014-10",2014-03-03,2014-03-09,981,4993,1277850,"3.91",85265,863,"10.12",169578,1103,"6.5",753529,2621,"3.48",269478,406,"1.51"
"2013-2014","2014-11",2014-03-10,2014-03-16,949,4141,1234184,"3.36",80925,723,"8.93",163214,896,"5.49",728059,2190,"3.01",261986,332,"1.27"
"2013-2014","2014-12",2014-03-17,2014-03-23,949,3454,1218836,"2.83",81819,622,"7.6",162708,796,"4.89",716397,1719,"2.4",257912,317,"1.23"
"2013-2014","2014-13",2014-03-24,2014-03-30,914,2410,1191042,"2.02",77730,420,"5.4",156079,505,"3.24",704396,1278,"1.81",252837,207,"0.82"
"2013-2014","2014-14",2014-03-31,2014-04-06,887,1856,1158845,"1.6",73955,308,"4.16",148617,384,"2.58",686432,1001,"1.46",249841,163,"0.65"
"2013-2014","2014-15",2014-04-07,2014-04-13,824,1304,1077706,"1.21",67776,206,"3.04",136618,234,"1.71",641697,728,"1.13",231615,136,"0.59"
"2013-2014","2014-16",2014-04-14,2014-04-20,665,730,876296,"0.83",53375,104,"1.95",108129,124,"1.15",523988,421,"0.8",190804,81,"0.42"
"2013-2014","2014-17",2014-04-21,2014-04-27,521,310,687533,"0.45",43775,46,"1.05",86710,37,"0.43",408187,186,"0.46",148861,41,"0.28"
"2014-2015","2014-42",2014-10-13,2014-10-19,888,415,1170185,"0.35",74573,47,"0.63",145915,62,"0.42",695899,242,"0.35",253798,64,"0.25"
"2014-2015","2014-43",2014-10-20,2014-10-26,937,596,1239826,"0.48",78908,96,"1.22",153934,94,"0.61",734837,336,"0.46",272147,70,"0.26"
"2014-2015","2014-44",2014-10-27,2014-11-02,963,832,1277547,"0.65",79503,116,"1.46",156795,103,"0.66",759059,465,"0.61",282190,148,"0.52"
"2014-2015","2014-45",2014-11-03,2014-11-09,980,1040,1289699,"0.81",82303,164,"1.99",162922,137,"0.84",761019,584,"0.77",283455,155,"0.55"
"2014-2015","2014-46",2014-11-10,2014-11-16,986,1091,1288281,"0.85",85109,182,"2.14",166985,174,"1.04",751812,622,"0.83",284375,113,"0.4"
"2014-2015","2014-47",2014-11-17,2014-11-23,1001,1348,1305350,"1.03",84956,268,"3.15",167955,243,"1.45",763201,702,"0.92",289238,135,"0.47"
"2014-2015","2014-48",2014-11-24,2014-11-30,1001,1605,1302857,"1.23",80535,294,"3.65",165252,263,"1.59",769432,911,"1.18",287638,137,"0.48"
"2014-2015","2014-49",2014-12-01,2014-12-07,1013,1885,1326715,"1.42",84651,376,"4.44",169391,302,"1.78",777298,1039,"1.34",295375,168,"0.57"
"2014-2015","2014-50",2014-12-08,2014-12-14,1019,2326,1330494,"1.75",85905,472,"5.49",171167,463,"2.7",777980,1187,"1.53",295442,204,"0.69"
"2014-2015","2014-51",2014-12-15,2014-12-21,1002,2942,1308574,"2.25",84819,586,"6.91",169442,596,"3.52",764460,1507,"1.97",289853,253,"0.87"
"2014-2015","2014-52",2014-12-22,2014-12-28,978,3369,1280676,"2.63",81089,581,"7.16",161547,671,"4.15",752718,1790,"2.38",285322,327,"1.15"
"2014-2015","2015-01",2014-12-29,2015-01-04,968,5181,1265357,"4.09",79512,733,"9.22",158177,878,"5.55",745634,2921,"3.92",282034,649,"2.3"
"2014-2015","2015-02",2015-01-05,2015-01-11,1032,8292,1349399,"6.14",85988,963,"11.2",171904,1261,"7.34",791941,5157,"6.51",299566,911,"3.04"
"2014-2015","2015-03",2015-01-12,2015-01-18,1034,12096,1352350,"8.94",88072,2021,"22.95",174219,2522,"14.48",791161,6393,"8.08",298898,1160,"3.88"
"2014-2015","2015-04",2015-01-19,2015-01-25,1026,14601,1343495,"10.87",86822,2493,"28.71",172726,3614,"20.92",785556,7329,"9.33",298391,1165,"3.9"
"2014-2015","2015-05",2015-01-26,2015-02-01,1029,14253,1346764,"10.58",88634,2347,"26.48",174831,3572,"20.43",785336,7139,"9.09",297963,1195,"4.01"
"2014-2015","2015-06",2015-02-02,2015-02-08,1016,13289,1331269,"9.98",83769,1894,"22.61",169467,2951,"17.41",781917,7214,"9.23",296116,1230,"4.15"
"2014-2015","2015-07",2015-02-09,2015-02-15,1020,10971,1335114,"8.22",87453,1625,"18.58",171865,2420,"14.08",780665,5859,"7.51",295131,1067,"3.62"
"2014-2015","2015-08",2015-02-16,2015-02-22,1004,9059,1313972,"6.89",85746,1317,"15.36",170018,1965,"11.56",767459,4877,"6.35",290749,900,"3.1"
"2014-2015","2015-09",2015-02-23,2015-03-01,985,7079,1293391,"5.47",83723,972,"11.61",164131,1492,"9.09",758336,3921,"5.17",287201,694,"2.42"
"2014-2015","2015-10",2015-03-02,2015-03-08,972,5541,1273824,"4.35",82251,804,"9.77",161082,1129,"7.01",747037,3094,"4.14",283454,514,"1.81"
"2014-2015","2015-11",2015-03-09,2015-03-15,954,4669,1252074,"3.73",76480,585,"7.65",155967,927,"5.94",738369,2715,"3.68",281258,442,"1.57"
"2014-2015","2015-12",2015-03-16,2015-03-22,943,3974,1238646,"3.21",75111,491,"6.54",155408,791,"5.09",730815,2305,"3.15",277312,387,"1.4"
"2014-2015","2015-13",2015-03-23,2015-03-29,924,2974,1217884,"2.44",72428,380,"5.25",150092,560,"3.73",721605,1731,"2.4",273759,303,"1.11"
"2014-2015","2015-14",2015-03-30,2015-04-05,857,2148,1128669,"1.9",66564,284,"4.27",136265,390,"2.86",670746,1233,"1.84",255094,241,"0.94"
"2014-2015","2015-15",2015-04-06,2015-04-12,812,1589,1071439,"1.48",63670,214,"3.36",132772,250,"1.88",632724,937,"1.48",242273,188,"0.78"
"2014-2015","2015-16",2015-04-13,2015-04-19,761,1148,1001441,"1.15",60173,169,"2.81",123248,178,"1.44",592402,658,"1.11",225618,143,"0.63"
"2014-2015","2015-17",2015-04-20,2015-04-26,639,631,842408,"0.75",49829,92,"1.85",102411,122,"1.19",498642,330,"0.66",191526,87,"0.45"
"2015-2016","2015-42",2015-10-12,2015-10-18,821,425,1065225,"0.4",67338,75,"1.11",141542,60,"0.42",620444,228,"0.37",235901,62,"0.26"
"2015-2016","2015-43",2015-10-19,2015-10-25,928,604,1204096,"0.5",77442,112,"1.45",162187,82,"0.51",699419,330,"0.47",265048,80,"0.3"
"2015-2016","2015-44",2015-10-26,2015-11-01,956,842,1245366,"0.68",81550,156,"1.91",169195,108,"0.64",722511,469,"0.65",272110,109,"0.4"
"2015-2016","2015-45",2015-11-02,2015-11-08,974,966,1264970,"0.76",79453,183,"2.3",167503,140,"0.84",737462,528,"0.72",280552,115,"0.41"
"2015-2016","2015-46",2015-11-09,2015-11-15,987,1180,1343418,"0.88",79651,205,"2.57",169900,143,"0.84",750028,678,"0.9",343839,154,"0.45"
"2015-2016","2015-47",2015-11-16,2015-11-22,1002,1387,1358812,"1.02",81677,221,"2.71",173210,183,"1.06",757242,829,"1.09",346683,154,"0.44"
"2015-2016","2015-48",2015-11-23,2015-11-29,1003,1580,1357498,"1.16",83306,253,"3.04",177443,221,"1.25",751196,935,"1.24",345553,171,"0.49"
"2015-2016","2015-49",2015-11-30,2015-12-06,996,1632,1352768,"1.21",82136,253,"3.08",174257,242,"1.39",751566,941,"1.25",344809,196,"0.57"
"2015-2016","2015-50",2015-12-07,2015-12-13,1010,1978,1366123,"1.45",84190,298,"3.54",177045,254,"1.43",758217,1178,"1.55",346671,248,"0.72"
"2015-2016","2015-51",2015-12-14,2015-12-20,1014,2278,1369347,"1.66",86264,326,"3.78",182251,364,"2",755179,1339,"1.77",345653,249,"0.72"
"2015-2016","2015-52",2015-12-21,2015-12-27,972,2655,1258708,"2.11",79570,400,"5.03",168907,483,"2.86",732947,1450,"1.98",277284,322,"1.16"
"2015-2016","2015-53",2015-12-28,2016-01-03,967,2448,1309847,"1.87",77674,394,"5.07",165407,393,"2.38",730551,1375,"1.88",336215,286,"0.85"
"2015-2016","2016-01",2016-01-04,2016-01-10,1029,3329,1393405,"2.39",83606,401,"4.8",177735,484,"2.72",777647,1970,"2.53",354417,474,"1.34"
"2015-2016","2016-02",2016-01-11,2016-01-17,1026,3831,1388267,"2.76",86090,549,"6.38",182508,715,"3.92",770040,2150,"2.79",349629,417,"1.19"
"2015-2016","2016-03",2016-01-18,2016-01-24,1021,4990,1379740,"3.62",86365,925,"10.71",181944,1113,"6.12",762580,2536,"3.33",348851,416,"1.19"
"2015-2016","2016-04",2016-01-25,2016-01-31,1028,6580,1391906,"4.73",86636,1164,"13.44",182732,1901,"10.4",771131,3046,"3.95",351407,469,"1.33"
"2015-2016","2016-05",2016-02-01,2016-02-07,1017,7545,1379302,"5.47",84083,1444,"17.17",178636,2319,"12.98",767200,3241,"4.22",349383,541,"1.55"
"2015-2016","2016-06",2016-02-08,2016-02-14,1029,8425,1390518,"6.06",86493,1504,"17.39",182923,2659,"14.54",769507,3700,"4.81",351595,562,"1.6"
"2015-2016","2016-07",2016-02-15,2016-02-21,1018,8148,1381385,"5.9",84963,1504,"17.7",180053,2568,"14.26",767318,3466,"4.52",349051,610,"1.75"
"2015-2016","2016-08",2016-02-22,2016-02-28,1014,8448,1375255,"6.14",84799,1564,"18.44",180206,2700,"14.98",762908,3564,"4.67",347342,620,"1.78"
"2015-2016","2016-09",2016-02-29,2016-03-06,996,7960,1352617,"5.88",83274,1445,"17.35",176191,2563,"14.55",750930,3414,"4.55",342222,538,"1.57"
"2015-2016","2016-10",2016-03-07,2016-03-13,990,7835,1343169,"5.83",82522,1435,"17.39",176967,2593,"14.65",743148,3260,"4.39",340532,547,"1.61"
"2015-2016","2016-11",2016-03-14,2016-03-20,977,6639,1327280,"5",81420,1153,"14.16",173193,2054,"11.86",735297,2951,"4.01",337370,481,"1.43"
"2015-2016","2016-12",2016-03-21,2016-03-27,934,5370,1269573,"4.23",76818,885,"11.52",163097,1530,"9.38",704033,2510,"3.57",325625,445,"1.37"
"2015-2016","2016-13",2016-03-28,2016-04-03,926,4007,1261639,"3.18",73449,559,"7.61",159181,884,"5.55",703327,2116,"3.01",325682,448,"1.38"
"2015-2016","2016-14",2016-04-04,2016-04-10,911,2844,1233931,"2.3",75048,351,"4.68",159718,604,"3.78",681158,1551,"2.28",318007,338,"1.06"
"2015-2016","2016-15",2016-04-11,2016-04-17,883,2127,1146638,"1.85",70431,287,"4.07",150278,455,"3.03",671784,1145,"1.7",254145,240,"0.94"
"2015-2016","2016-16",2016-04-18,2016-04-24,813,1254,1051381,"1.19",65911,189,"2.87",141216,290,"2.05",611839,672,"1.1",232415,103,"0.44"
"2016-2017","2016-42",2016-10-17,2016-10-23,914,711,1195202,"0.59",71896,98,"1.36",157121,85,"0.54",700370,447,"0.64",265815,81,"0.3"
"2016-2017","2016-43",2016-10-24,2016-10-30,978,910,1278606,"0.71",76687,121,"1.58",166840,123,"0.74",748673,553,"0.74",286406,113,"0.39"
"2016-2017","2016-44",2016-10-31,2016-11-06,1020,1084,1337438,"0.81",77899,136,"1.75",173109,131,"0.76",785341,681,"0.87",301089,136,"0.45"
"2016-2017","2016-45",2016-11-07,2016-11-13,1043,1340,1368032,"0.98",79822,196,"2.46",177558,187,"1.05",802881,804,"1",307771,153,"0.5"
"2016-2017","2016-46",2016-11-14,2016-11-20,1051,1726,1378292,"1.25",81633,236,"2.89",180701,279,"1.54",806569,1034,"1.28",309389,177,"0.57"
"2016-2017","2016-47",2016-11-21,2016-11-27,1049,2178,1376418,"1.58",80659,340,"4.22",178044,366,"2.06",808009,1240,"1.53",309706,232,"0.75"
"2016-2017","2016-48",2016-11-28,2016-12-04,1040,2727,1362363,"2",79779,438,"5.49",176811,519,"2.94",798858,1493,"1.87",306915,277,"0.9"
"2016-2017","2016-49",2016-12-05,2016-12-11,1044,3447,1369108,"2.52",80440,495,"6.15",178104,696,"3.91",802203,1869,"2.33",308361,387,"1.26"
"2016-2017","2016-50",2016-12-12,2016-12-18,1075,6080,1410698,"4.31",81742,810,"9.91",180747,1173,"6.49",830461,3466,"4.17",317748,631,"1.99"
"2016-2017","2016-51",2016-12-19,2016-12-25,1112,9781,1351057,"7.24",80372,1546,"19.24",179182,2379,"13.28",788793,4842,"6.14",302710,1014,"3.35"
"2016-2017","2016-52",2016-12-26,2017-01-01,1047,13051,1364195,"9.57",79284,1974,"24.9",174561,2304,"13.2",806124,6979,"8.66",304226,1794,"5.9"
"2016-2017","2017-01",2017-01-02,2017-01-08,1027,12178,1340131,"9.09",79974,1377,"17.22",178835,1755,"9.81",781054,7148,"9.15",300268,1898,"6.32"
"2016-2017","2017-02",2017-01-09,2017-01-15,1050,11961,1374557,"8.7",82222,1287,"15.65",183604,1733,"9.44",800289,7096,"8.87",308442,1845,"5.98"
"2016-2017","2017-03",2017-01-16,2017-01-22,1051,10486,1377649,"7.61",82504,1527,"18.51",183875,2060,"11.2",802445,5591,"6.97",308825,1308,"4.24"
"2016-2017","2017-04",2017-01-23,2017-01-29,1036,8996,1360334,"6.61",81574,1432,"17.55",180632,1912,"10.59",794397,4650,"5.85",303731,1002,"3.3"
"2016-2017","2017-05",2017-01-30,2017-02-05,1036,7649,1357172,"5.64",82045,1248,"15.21",183436,1597,"8.71",788537,3960,"5.02",303154,844,"2.78"
"2016-2017","2017-06",2017-02-06,2017-02-12,1015,5652,1328704,"4.25",79047,956,"12.09",175071,1240,"7.08",776159,2869,"3.7",298427,587,"1.97"
"2016-2017","2017-07",2017-02-13,2017-02-19,1005,4203,1315730,"3.19",77779,734,"9.44",174704,927,"5.31",768049,2139,"2.78",295198,403,"1.37"
"2016-2017","2017-08",2017-02-20,2017-02-26,994,3437,1303076,"2.64",75309,517,"6.87",168393,665,"3.95",765450,1883,"2.46",293924,372,"1.27"
"2016-2017","2017-09",2017-02-27,2017-03-05,974,2785,1274081,"2.19",75392,434,"5.76",167593,526,"3.14",743446,1498,"2.01",287650,327,"1.14"
"2016-2017","2017-10",2017-03-06,2017-03-12,964,2219,1261984,"1.76",75585,333,"4.41",166931,426,"2.55",735784,1238,"1.68",283684,222,"0.78"
"2016-2017","2017-11",2017-03-13,2017-03-19,951,1848,1246411,"1.48",73462,295,"4.02",162824,315,"1.93",729207,1040,"1.43",280918,198,"0.7"
"2016-2017","2017-12",2017-03-20,2017-03-26,936,1525,1226681,"1.24",71395,248,"3.47",160521,244,"1.52",718223,857,"1.19",276542,176,"0.64"
"2016-2017","2017-13",2017-03-27,2017-04-02,887,1214,1166026,"1.04",66544,190,"2.86",148160,210,"1.42",685859,693,"1.01",265463,121,"0.46"
"2016-2017","2017-14",2017-04-03,2017-04-09,878,1007,1152973,"0.87",65969,139,"2.11",148060,176,"1.19",677044,579,"0.86",261900,113,"0.43"
"2016-2017","2017-15",2017-04-10,2017-04-16,823,747,1082410,"0.69",58726,123,"2.09",132980,128,"0.96",642770,412,"0.64",247934,84,"0.34"
"2016-2017","2017-16",2017-04-17,2017-04-23,743,566,977887,"0.58",54214,86,"1.59",121389,83,"0.68",580112,323,"0.56",222172,74,"0.33"
"2016-2017","2017-17",2017-04-24,2017-04-30,531,392,702654,"0.56",35355,49,"1.39",81795,46,"0.56",419677,238,"0.57",165827,59,"0.36"
"2017-2018","2017-42",2017-10-16,2017-10-22,1040,1194,1339814,"0.89",79104,194,"2.45",179598,206,"1.15",787781,596,"0.76",293331,198,"0.68"
"2017-2018","2017-43",2017-10-23,2017-10-29,1046,1147,1347928,"0.85",79104,180,"2.28",179722,150,"0.83",793305,659,"0.83",295797,158,"0.53"
"2017-2018","2017-44",2017-10-30,2017-11-05,1045,1273,1345992,"0.95",78551,176,"2.24",179301,161,"0.9",792099,730,"0.92",296041,206,"0.7"
"2017-2018","2017-45",2017-11-06,2017-11-12,1052,1680,1356139,"1.24",79060,219,"2.77",180453,187,"1.04",798676,1038,"1.3",297950,236,"0.79"
"2017-2018","2017-46",2017-11-13,2017-11-19,1069,2204,1379471,"1.6",81208,350,"4.31",185797,355,"1.91",810499,1235,"1.52",301967,264,"0.87"
"2017-2018","2017-47",2017-11-20,2017-11-26,1068,2553,1378704,"1.85",80868,358,"4.43",184670,380,"2.06",810639,1496,"1.85",302527,319,"1.05"
"2017-2018","2017-48",2017-11-27,2017-12-03,1072,3294,1383958,"2.38",80447,497,"6.18",184109,562,"3.05",814990,1846,"2.27",304412,389,"1.28"
"2017-2018","2017-49",2017-12-04,2017-12-10,1071,4305,1382389,"3.11",79978,583,"7.29",182981,778,"4.25",814770,2393,"2.94",304660,551,"1.81"
"2017-2018","2017-50",2017-12-11,2017-12-17,1074,6571,1386974,"4.74",80367,949,"11.81",183710,1304,"7.1",817018,3613,"4.42",305879,705,"2.3"
"2017-2018","2017-51",2017-12-18,2017-12-24,1076,10017,1389974,"7.21",80817,1504,"18.61",184548,2328,"12.61",818437,5109,"6.24",306172,1076,"3.51"
"2017-2018","2017-52",2017-12-25,2017-12-31,1063,15720,1372341,"11.45",79179,2158,"27.25",181683,3127,"17.21",809043,8507,"10.51",302436,1928,"6.37"
"2017-2018","2018-01",2018-01-01,2018-01-07,1062,18925,1371803,"13.8",78312,2225,"28.41",180375,2874,"15.93",810749,11243,"13.87",302367,2583,"8.54"
"2017-2018","2018-02",2018-01-08,2018-01-14,1073,20407,1385719,"14.73",80149,2623,"32.73",183927,3390,"18.43",816595,11836,"14.49",305048,2558,"8.39"
"2017-2018","2018-03",2018-01-15,2018-01-21,1069,19155,1380695,"13.87",80149,3271,"40.81",183811,4221,"22.96",813118,9641,"11.86",303617,2022,"6.66"
"2017-2018","2018-04",2018-01-22,2018-01-28,1061,17390,1370445,"12.69",79863,3277,"41.03",182773,4166,"22.79",806336,8326,"10.33",301473,1621,"5.38"
"2017-2018","2018-05",2018-01-29,2018-02-04,1052,14555,1357527,"10.72",79516,2667,"33.54",182068,3433,"18.86",797554,7153,"8.97",298389,1302,"4.36"
"2017-2018","2018-06",2018-02-05,2018-02-11,1041,12028,1341635,"8.97",79635,2286,"28.71",181876,2697,"14.83",785609,5943,"7.56",294515,1102,"3.74"
"2017-2018","2018-07",2018-02-12,2018-02-18,1031,9464,1328953,"7.12",78589,1668,"21.22",180251,2044,"11.34",778710,4825,"6.2",291403,927,"3.18"
"2017-2018","2018-08",2018-02-19,2018-02-25,1018,8181,1310756,"6.24",77142,1310,"16.98",177519,1666,"9.38",768360,4366,"5.68",287735,839,"2.92"
"2017-2018","2018-09",2018-02-26,2018-03-04,1005,6143,1294863,"4.74",75848,908,"11.97",174247,1027,"5.89",759569,3576,"4.71",285199,632,"2.22"
"2017-2018","2018-10",2018-03-05,2018-03-11,991,4630,1277805,"3.62",74143,632,"8.52",171325,681,"3.97",750349,2799,"3.73",281988,518,"1.84"
"2017-2018","2018-11",2018-03-12,2018-03-18,973,3299,1256023,"2.63",70961,434,"6.12",164778,478,"2.9",741416,1994,"2.69",278868,393,"1.41"
"2017-2018","2018-12",2018-03-19,2018-03-25,955,2654,1233288,"2.15",68627,317,"4.62",160903,358,"2.22",729577,1660,"2.28",274181,319,"1.16"
"2017-2018","2018-13",2018-03-26,2018-04-01,921,2053,1189607,"1.73",64025,233,"3.64",151021,231,"1.53",708180,1243,"1.76",266381,346,"1.3"
"2017-2018","2018-14",2018-04-02,2018-04-08,899,1536,1163184,"1.32",61293,159,"2.59",145436,195,"1.34",695531,913,"1.31",260924,269,"1.03"
"2017-2018","2018-15",2018-04-09,2018-04-15,849,1223,1099045,"1.11",56052,140,"2.5",132930,157,"1.18",662159,756,"1.14",247904,170,"0.69"
"2017-2018","2018-16",2018-04-16,2018-04-22,774,894,1003664,"0.89",50219,116,"2.31",117835,133,"1.13",607727,488,"0.8",227883,157,"0.69"
"2017-2018","2018-17",2018-04-23,2018-04-29,661,548,857944,"0.64",42017,60,"1.43",96551,69,"0.71",524056,329,"0.63",195320,90,"0.46"
"2018-2019","2018-42",2018-10-15,2018-10-21,1072,1088,1383696,"0.79",79199,100,"1.26",184077,117,"0.64",808992,691,"0.85",311428,180,"0.58"
"2018-2019","2018-43",2018-10-22,2018-10-28,1078,1319,1393870,"0.95",78586,155,"1.97",184646,148,"0.8",816245,855,"1.05",314393,161,"0.51"
"2018-2019","2018-44",2018-10-29,2018-11-04,1089,1421,1409120,"1.01",79391,134,"1.69",188167,163,"0.87",823678,909,"1.1",317884,215,"0.68"
"2018-2019","2018-45",2018-11-05,2018-11-11,1089,2073,1408965,"1.47",79862,235,"2.94",189535,249,"1.31",822265,1266,"1.54",317303,323,"1.02"
"2018-2019","2018-46",2018-11-12,2018-11-18,1101,2529,1425042,"1.77",81136,329,"4.05",192038,355,"1.85",830910,1499,"1.8",320958,346,"1.08"
"2018-2019","2018-47",2018-11-19,2018-11-25,1102,3031,1426304,"2.13",81422,355,"4.36",192999,405,"2.1",830976,1894,"2.28",320907,377,"1.17"
"2018-2019","2018-48",2018-11-26,2018-12-02,1104,3405,1430097,"2.38",80921,473,"5.85",191495,523,"2.73",835130,2014,"2.41",322551,395,"1.22"
"2018-2019","2018-49",2018-12-03,2018-12-09,1101,3922,1425673,"2.75",80752,543,"6.72",191552,618,"3.23",831948,2280,"2.74",321421,481,"1.5"
"2018-2019","2018-50",2018-12-10,2018-12-16,1104,4723,1428727,"3.31",81988,710,"8.66",192867,732,"3.8",832414,2698,"3.24",321458,583,"1.81"
"2018-2019","2018-51",2018-12-17,2018-12-23,1096,5266,1418940,"3.71",80031,785,"9.81",189557,833,"4.39",829301,3044,"3.67",320051,604,"1.89"
"2018-2019","2018-52",2018-12-24,2018-12-30,1070,5897,1384353,"4.26",78669,780,"9.91",185784,927,"4.99",808162,3395,"4.2",311738,795,"2.55"
"2018-2019","2019-01",2018-12-31,2019-01-06,1088,8041,1405198,"5.72",81056,969,"11.95",191122,1089,"5.7",817823,4973,"6.08",315197,1010,"3.2"
"2018-2019","2019-02",2019-01-07,2019-01-13,1105,10907,1430734,"7.62",81877,1364,"16.66",193566,1680,"8.68",833570,6608,"7.93",321721,1255,"3.9"
"2018-2019","2019-03",2019-01-14,2019-01-20,1099,14269,1421136,"10.04",81747,2385,"29.18",192189,2750,"14.31",827210,7712,"9.32",319990,1422,"4.44"
"2018-2019","2019-04",2019-01-21,2019-01-27,1098,17714,1421086,"12.47",81561,3016,"36.98",192093,3686,"19.19",827694,9566,"11.56",319738,1446,"4.52"
"2018-2019","2019-05",2019-01-28,2019-02-03,1094,19893,1415062,"14.06",81383,3386,"41.61",192175,4521,"23.53",823332,10320,"12.53",318172,1666,"5.24"
"2018-2019","2019-06",2019-02-04,2019-02-10,1088,18664,1407883,"13.26",80781,3095,"38.31",190698,4262,"22.35",819698,9649,"11.77",316706,1658,"5.24"
"2018-2019","2019-07",2019-02-11,2019-02-17,1077,15613,1394174,"11.2",79960,2530,"31.64",188052,3502,"18.62",812485,8123,"10",313677,1458,"4.65"
"2018-2019","2019-08",2019-02-18,2019-02-24,1065,12457,1378714,"9.04",79089,2121,"26.82",185438,2826,"15.24",804225,6356,"7.9",309962,1154,"3.72"
"2018-2019","2019-09",2019-02-25,2019-03-03,1055,8976,1365823,"6.57",77493,1541,"19.89",182504,1987,"10.89",798341,4577,"5.73",307485,871,"2.83"
"2018-2019","2019-10",2019-03-04,2019-03-10,1035,6424,1342497,"4.79",75631,1007,"13.31",177839,1304,"7.33",786058,3442,"4.38",302969,671,"2.21"
"2018-2019","2019-11",2019-03-11,2019-03-17,1017,4855,1316556,"3.69",75074,831,"11.07",175906,990,"5.63",768483,2542,"3.31",297093,492,"1.66"
"2018-2019","2019-12",2019-03-18,2019-03-24,992,3745,1285491,"2.91",72391,593,"8.19",170333,771,"4.53",751379,1995,"2.66",291388,386,"1.32"
"2018-2019","2019-13",2019-03-25,2019-03-31,968,2994,1255687,"2.38",70522,450,"6.38",166940,535,"3.2",733217,1676,"2.29",285008,333,"1.17"
"2018-2019","2019-14",2019-04-01,2019-04-07,914,2318,1183747,"1.96",67308,359,"5.33",157367,387,"2.46",691181,1258,"1.82",267891,314,"1.17"
"2018-2019","2019-15",2019-04-08,2019-04-14,840,1722,1092580,"1.58",57370,286,"4.99",135367,311,"2.3",648819,929,"1.43",251024,196,"0.78"
"2018-2019","2019-16",2019-04-15,2019-04-21,740,1223,962102,"1.27",48267,200,"4.14",114638,199,"1.74",576716,651,"1.13",222481,173,"0.78"
"2018-2019","2019-17",2019-04-22,2019-04-28,609,747,790242,"0.95",41375,82,"1.98",97181,102,"1.05",472534,473,"1",179152,90,"0.5"
"2019-2020","2019-42",2019-10-14,2019-10-20,1163,1582,1479582,"1.07",83609,241,"2.88",200566,189,"0.94",854548,923,"1.08",340859,229,"0.67"
"2019-2020","2019-43",2019-10-21,2019-10-27,1162,1722,1478502,"1.16",84750,249,"2.94",202567,205,"1.01",851845,1001,"1.18",339340,267,"0.79"
"2019-2020","2019-44",2019-10-28,2019-11-03,1174,1721,1496093,"1.15",84304,201,"2.38",201976,156,"0.77",864428,1080,"1.25",345385,284,"0.82"
"2019-2020","2019-45",2019-11-04,2019-11-10,1174,2613,1495138,"1.75",85494,289,"3.38",204093,296,"1.45",861900,1635,"1.9",343651,393,"1.14"
"2019-2020","2019-46",2019-11-11,2019-11-17,1177,3227,1499752,"2.15",85427,359,"4.2",204196,409,"2",865038,2019,"2.33",345091,440,"1.28"
"2019-2020","2019-47",2019-11-18,2019-11-24,1179,3572,1502521,"2.38",85887,407,"4.74",204899,467,"2.28",866152,2168,"2.5",345583,530,"1.53"
"2019-2020","2019-48",2019-11-25,2019-12-01,1179,3596,1503993,"2.39",85879,434,"5.05",204857,485,"2.37",867449,2210,"2.55",345808,467,"1.35"
"2019-2020","2019-49",2019-12-02,2019-12-08,1176,4509,1498767,"3.01",85875,593,"6.91",203376,635,"3.12",864507,2764,"3.2",345009,517,"1.5"
"2019-2020","2019-50",2019-12-09,2019-12-15,1174,5225,1496650,"3.49",85875,726,"8.45",203243,814,"4.01",862908,3083,"3.57",344624,602,"1.75"
"2019-2020","2019-51",2019-12-16,2019-12-22,1166,6249,1486710,"4.2",84984,950,"11.18",200861,1229,"6.12",858311,3404,"3.97",342554,666,"1.94"
"2019-2020","2019-52",2019-12-23,2019-12-29,1149,5760,1469174,"3.92",80743,817,"10.12",192531,940,"4.88",854993,3289,"3.85",340907,714,"2.09"
"2019-2020","2020-01",2019-12-30,2020-01-05,1154,7273,1474136,"4.93",81790,867,"10.6",196230,1031,"5.25",854972,4429,"5.18",341144,946,"2.77"
"2019-2020","2020-02",2020-01-06,2020-01-12,1156,9723,1475168,"6.59",84380,1003,"11.89",199181,1497,"7.52",851339,6024,"7.08",340268,1199,"3.52"
"2019-2020","2020-03",2020-01-13,2020-01-19,1154,12480,1474410,"8.46",83873,1827,"21.78",197914,2521,"12.74",851494,6889,"8.09",341129,1243,"3.64"
"2019-2020","2020-04",2020-01-20,2020-01-26,1146,15626,1465621,"10.66",82385,2541,"30.84",194751,4109,"21.1",848165,7752,"9.14",340320,1224,"3.6"
"2019-2020","2020-05",2020-01-27,2020-02-02,1134,18320,1452048,"12.62",81938,3141,"38.33",193647,5372,"27.74",839320,8418,"10.03",337143,1389,"4.12"
"2019-2020","2020-06",2020-02-03,2020-02-09,1121,17374,1435252,"12.11",81014,2969,"36.65",192303,5289,"27.5",829621,7806,"9.41",332314,1310,"3.94"
"2019-2020","2020-07",2020-02-10,2020-02-16,1108,15241,1421338,"10.72",80352,2749,"34.21",191894,4345,"22.64",820159,7037,"8.58",328933,1110,"3.37"
"2019-2020","2020-08",2020-02-17,2020-02-23,1053,12365,1351753,"9.15",77349,2218,"28.68",183891,3512,"19.1",778436,5661,"7.27",312077,974,"3.12"
"2019-2020","2020-09",2020-02-24,2020-03-01,1000,9213,1280869,"7.19",73312,1417,"19.33",173829,2296,"13.21",738251,4753,"6.44",295477,747,"2.53"
"2019-2020","2020-10",2020-03-02,2020-03-08,945,6479,1210061,"5.35",68657,783,"11.4",163944,1097,"6.69",697608,3975,"5.7",279852,624,"2.23"
"2019-2020","2020-11",2020-03-09,2020-03-15,888,4615,1138181,"4.05",64929,353,"5.44",154938,460,"2.97",655709,3243,"4.95",262605,559,"2.13"
"2019-2020","2020-12",2020-03-16,2020-03-22,839,3013,1080360,"2.79",60867,173,"2.84",146732,209,"1.42",623072,2202,"3.53",249689,429,"1.72"
"2019-2020","2020-13",2020-03-23,2020-03-29,780,1715,1003446,"1.71",54360,85,"1.56",131438,106,"0.81",584142,1266,"2.17",233506,258,"1.1"
"2019-2020","2020-14",2020-03-30,2020-04-05,752,1079,967360,"1.12",52680,43,"0.82",127046,72,"0.57",562417,792,"1.41",225217,172,"0.76"
"2019-2020","2020-15",2020-04-06,2020-04-12,707,665,906719,"0.73",50709,35,"0.69",121519,40,"0.33",525114,476,"0.91",209377,114,"0.54"
"2019-2020","2020-16",2020-04-13,2020-04-19,664,482,856867,"0.56",46003,20,"0.43",109232,20,"0.18",501763,361,"0.72",199869,81,"0.41"
"2019-2020","2020-17",2020-04-20,2020-04-26,588,314,754442,"0.42",40928,26,"0.64",95761,22,"0.23",442331,200,"0.45",175422,66,"0.38"
"2020-2021","2020-42",2020-10-12,2020-10-18,1128,1941,1455285,"1.33",79559,140,"1.76",189064,242,"1.28",850935,1211,"1.42",335727,348,"1.04"
"2020-2021","2020-43",2020-10-19,2020-10-25,1135,2525,1462944,"1.73",80109,137,"1.71",190737,236,"1.24",854856,1756,"2.05",337242,396,"1.17"
"2020-2021","2020-44",2020-10-26,2020-11-01,1165,2898,1498892,"1.93",82147,158,"1.92",196023,289,"1.47",875363,2001,"2.29",345359,450,"1.3"
"2020-2021","2020-45",2020-11-02,2020-11-08,1207,3167,1554797,"2.04",84951,191,"2.25",201530,255,"1.27",909994,2177,"2.39",358322,544,"1.52"
"2020-2021","2020-46",2020-11-09,2020-11-15,1229,3041,1576062,"1.93",84353,191,"2.26",202292,239,"1.18",924681,2008,"2.17",364736,603,"1.65"
"2020-2021","2020-47",2020-11-16,2020-11-22,1235,2916,1583049,"1.84",84618,194,"2.29",203025,252,"1.24",928896,1921,"2.07",366510,549,"1.5"
"2020-2021","2020-48",2020-11-23,2020-11-29,1247,2683,1598046,"1.68",85747,232,"2.71",205540,215,"1.05",936763,1723,"1.84",369996,513,"1.39"
"2020-2021","2020-49",2020-11-30,2020-12-06,1255,2470,1607691,"1.54",85811,214,"2.49",206105,246,"1.19",943060,1578,"1.67",372715,432,"1.16"
"2020-2021","2020-50",2020-12-07,2020-12-13,1259,2248,1615535,"1.39",85511,229,"2.68",205765,231,"1.12",949893,1381,"1.45",374366,407,"1.09"
"2020-2021","2020-51",2020-12-14,2020-12-20,1257,2289,1612212,"1.42",85309,236,"2.77",205001,252,"1.23",948258,1431,"1.51",373644,370,"0.99"
"2020-2021","2020-52",2020-12-21,2020-12-27,1259,2015,1613750,"1.25",85619,193,"2.25",205810,204,"0.99",948469,1246,"1.31",373852,372,"1"
"2020-2021","2020-53",2020-12-28,2021-01-03,1256,2046,1610204,"1.27",85860,213,"2.48",206713,199,"0.96",944968,1281,"1.36",372663,353,"0.95"
"2020-2021","2021-01",2021-01-04,2021-01-10,1265,2112,1621757,"1.3",86585,199,"2.3",208173,219,"1.05",951562,1245,"1.31",375437,449,"1.2"
"2020-2021","2021-02",2021-01-11,2021-01-17,1261,2182,1619376,"1.35",85886,242,"2.82",207370,247,"1.19",950884,1237,"1.3",375236,456,"1.22"
"2020-2021","2021-03",2021-01-18,2021-01-24,1251,2263,1604170,"1.41",85349,301,"3.53",205926,299,"1.45",941382,1243,"1.32",371513,420,"1.13"
"2020-2021","2021-04",2021-01-25,2021-01-31,1238,2234,1584547,"1.41",84830,287,"3.38",205034,323,"1.58",927958,1198,"1.29",366725,426,"1.16"
"2020-2021","2021-05",2021-02-01,2021-02-07,1217,2377,1557370,"1.53",83636,339,"4.05",201863,405,"2.01",911660,1350,"1.48",360211,283,"0.79"
"2020-2021","2021-06",2021-02-08,2021-02-14,1200,2281,1534611,"1.49",81992,338,"4.12",197699,362,"1.83",899690,1319,"1.47",355230,262,"0.74"
"2020-2021","2021-07",2021-02-15,2021-02-21,1176,2379,1502515,"1.58",80675,335,"4.15",194484,381,"1.96",879222,1399,"1.59",348134,264,"0.76"
"2020-2021","2021-08",2021-02-22,2021-02-28,1160,2433,1479673,"1.64",80199,346,"4.31",193303,357,"1.85",864169,1439,"1.67",342002,291,"0.85"
"2020-2021","2021-09",2021-03-01,2021-03-07,1142,2349,1453493,"1.62",79657,314,"3.94",191563,349,"1.82",846738,1400,"1.65",335535,286,"0.85"
"2020-2021","2021-10",2021-03-08,2021-03-14,1117,2210,1420294,"1.56",78433,225,"2.87",188607,266,"1.41",825282,1425,"1.73",327972,294,"0.9"
"2020-2021","2021-11",2021-03-15,2021-03-21,1083,1919,1375727,"1.39",75683,199,"2.63",183029,220,"1.2",800287,1216,"1.52",316728,284,"0.9"
"2020-2021","2021-12",2021-03-22,2021-03-28,1056,1550,1339744,"1.16",73898,149,"2.02",179066,149,"0.83",778544,1009,"1.3",308236,243,"0.79"
"2020-2021","2021-13",2021-03-29,2021-04-04,1021,1280,1295499,"0.99",71418,111,"1.55",172931,121,"0.7",753419,854,"1.13",297731,194,"0.65"
"2020-2021","2021-14",2021-04-05,2021-04-11,978,1109,1231677,"0.9",68554,108,"1.58",160379,109,"0.68",718834,730,"1.02",283910,162,"0.57"
"2020-2021","2021-15",2021-04-12,2021-04-18,905,981,1143531,"0.86",61963,109,"1.76",145753,106,"0.73",671298,615,"0.92",264517,151,"0.57"
"2020-2021","2021-16",2021-04-19,2021-04-25,762,811,953157,"0.85",54484,113,"2.07",126409,91,"0.72",552677,490,"0.89",219587,117,"0.53"
"2021-2022","2021-42",2021-10-18,2021-10-24,1308,4272,1713241,"2.49",97331,866,"8.9",228025,612,"2.68",988110,2303,"2.33",399775,491,"1.23"
"2021-2022","2021-43",2021-10-25,2021-10-31,1313,4966,1720624,"2.89",97292,1168,"12.01",228185,697,"3.05",993696,2576,"2.59",401451,525,"1.31"
"2021-2022","2021-44",2021-11-01,2021-11-07,1317,5590,1725143,"3.24",97099,1285,"13.23",228271,829,"3.63",997531,2844,"2.85",402242,632,"1.57"
"2021-2022","2021-45",2021-11-08,2021-11-14,1332,6673,1747584,"3.82",96862,1605,"16.57",227900,1053,"4.62",1013525,3243,"3.2",409297,772,"1.89"
"2021-2022","2021-46",2021-11-15,2021-11-21,1324,7301,1741924,"4.19",96706,1760,"18.2",227388,1157,"5.09",1011179,3563,"3.52",406651,821,"2.02"
"2021-2022","2021-47",2021-11-22,2021-11-28,1335,7820,1755204,"4.46",97382,1697,"17.43",229234,1252,"5.46",1018487,3907,"3.84",410101,964,"2.35"
"2021-2022","2021-48",2021-11-29,2021-12-05,1314,7589,1729390,"4.39",95581,1476,"15.44",224781,1192,"5.3",1005047,3969,"3.95",403981,952,"2.36"
"2021-2022","2021-49",2021-12-06,2021-12-12,1313,7120,1728741,"4.12",94239,1266,"13.43",222056,1065,"4.8",1006490,3852,"3.83",405956,937,"2.31"
"2021-2022","2021-50",2021-12-13,2021-12-19,1304,7589,1713465,"4.43",94982,1220,"12.84",223595,1115,"4.99",993493,4248,"4.28",401395,1006,"2.51"
"2021-2022","2021-51",2021-12-20,2021-12-26,1286,7972,1688611,"4.72",94416,1031,"10.92",221978,1077,"4.85",977407,4822,"4.93",394810,1042,"2.64"
"2021-2022","2021-52",2021-12-27,2022-01-02,1267,8581,1663701,"5.16",93134,817,"8.77",219511,1038,"4.73",963737,5580,"5.79",387319,1146,"2.96"
"2021-2022","2022-01",2022-01-03,2022-01-09,1262,8138,1658111,"4.91",92480,704,"7.61",217416,992,"4.56",961187,5344,"5.56",387028,1098,"2.84"
"2021-2022","2022-02",2022-01-10,2022-01-16,1251,7999,1641110,"4.87",92288,701,"7.6",216931,998,"4.6",949140,5262,"5.54",382751,1038,"2.71"
"2021-2022","2022-03",2022-01-17,2022-01-23,1246,7447,1635710,"4.55",92297,751,"8.14",216688,1024,"4.73",945885,4758,"5.03",380840,914,"2.4"
"2021-2022","2022-04",2022-01-24,2022-01-30,1234,6122,1616160,"3.79",91701,732,"7.98",215193,926,"4.3",932231,3735,"4.01",377035,729,"1.93"
"2021-2022","2022-05",2022-01-31,2022-02-06,1215,5123,1592841,"3.22",89188,652,"7.31",210099,802,"3.82",921739,3098,"3.36",371815,571,"1.54"
"2021-2022","2022-06",2022-02-07,2022-02-13,1209,4422,1584651,"2.79",88831,657,"7.4",209442,687,"3.28",916907,2533,"2.76",369471,545,"1.48"
"2021-2022","2022-07",2022-02-14,2022-02-20,1197,4171,1569139,"2.66",87171,738,"8.47",205560,669,"3.25",909728,2267,"2.49",366680,497,"1.36"
"2021-2022","2022-08",2022-02-21,2022-02-27,1189,4322,1555690,"2.78",87149,775,"8.89",206049,751,"3.64",899514,2271,"2.52",362978,525,"1.45"
"2021-2022","2022-09",2022-02-28,2022-03-06,1178,4667,1542173,"3.03",86405,819,"9.48",203828,829,"4.07",891614,2518,"2.82",360326,501,"1.39"
"2021-2022","2022-10",2022-03-07,2022-03-13,1170,5903,1528044,"3.86",86219,960,"11.13",203563,1088,"5.34",882565,3246,"3.68",355697,609,"1.71"
"2021-2022","2022-11",2022-03-14,2022-03-20,1148,6992,1498974,"4.66",84638,1145,"13.53",200263,1313,"6.56",865407,3849,"4.45",348666,685,"1.96"
"2021-2022","2022-12",2022-03-21,2022-03-27,1129,7530,1474488,"5.11",83878,1311,"15.63",198488,1540,"7.76",849497,3916,"4.61",342625,763,"2.23"
"2021-2022","2022-13",2022-03-28,2022-04-03,1095,7552,1427856,"5.29",81342,1330,"16.35",193103,1548,"8.02",822006,3904,"4.75",331405,770,"2.32"
"2021-2022","2022-14",2022-04-04,2022-04-10,1053,6264,1375230,"4.55",75810,1066,"14.06",180586,1290,"7.14",796893,3241,"4.07",321941,667,"2.07"
"2021-2022","2022-15",2022-04-11,2022-04-17,1002,5140,1306933,"3.93",72974,961,"13.17",173201,996,"5.75",755278,2603,"3.45",305480,580,"1.9"
"2021-2022","2022-16",2022-04-18,2022-04-24,932,4396,1208573,"3.64",69615,745,"10.7",164636,774,"4.7",693638,2387,"3.44",280684,490,"1.75"
"2021-2022","2022-17",2022-04-25,2022-05-01,769,2831,1001593,"2.83",58571,529,"9.03",138524,544,"3.93",574073,1451,"2.53",230425,307,"1.33"
"2022-2023","2022-42",2022-10-17,2022-10-23,1355,7883,1794059,"4.39",93614,1137,"12.15",231302,1123,"4.86",1047373,4425,"4.22",421770,1198,"2.84"
"2022-2023","2022-43",2022-10-24,2022-10-30,1348,8062,1781364,"4.53",94510,1421,"15.04",233060,1254,"5.38",1035838,4151,"4.01",417956,1236,"2.96"
"2022-2023","2022-44",2022-10-31,2022-11-06,1365,9296,1801560,"5.16",96254,1476,"15.33",236365,1533,"6.49",1046498,4961,"4.74",422443,1326,"3.14"
"2022-2023","2022-45",2022-11-07,2022-11-13,1399,12883,1851565,"6.96",98123,2151,"21.92",241408,2479,"10.27",1077242,6626,"6.15",434792,1627,"3.74"
"2022-2023","2022-46",2022-11-14,2022-11-20,1429,18265,1893639,"9.65",99517,2808,"28.22",245513,3987,"16.24",1103180,9280,"8.41",445429,2190,"4.92"
"2022-2023","2022-47",2022-11-21,2022-11-27,1440,24813,1907210,"13.01",99920,3973,"39.76",246387,5895,"23.93",1111222,12266,"11.04",449681,2679,"5.96"
"2022-2023","2022-48",2022-11-28,2022-12-04,1446,29984,1911114,"15.69",101362,4962,"48.95",249414,7043,"28.24",1111191,14884,"13.39",449147,3095,"6.89"
"2022-2023","2022-49",2022-12-05,2022-12-11,1468,30430,1946711,"15.63",103133,5178,"50.21",253108,6860,"27.1",1132312,15133,"13.36",458158,3259,"7.11"
"2022-2023","2022-50",2022-12-12,2022-12-18,1473,29927,1954671,"15.31",103935,4809,"46.27",255146,5861,"22.97",1136120,15914,"14.01",459470,3343,"7.28"
"2022-2023","2022-51",2022-12-19,2022-12-25,1471,27335,1949949,"14.02",105278,4384,"41.64",258226,5266,"20.39",1130104,14396,"12.74",456341,3289,"7.21"
"2022-2023","2022-52",2022-12-26,2023-01-01,1455,23679,1927998,"12.28",104387,3591,"34.4",256855,4132,"16.09",1116459,12676,"11.35",450297,3280,"7.28"
"2022-2023","2023-01",2023-01-02,2023-01-08,1447,20490,1914365,"10.7",103835,2590,"24.94",254206,2937,"11.55",1108001,11937,"10.77",448323,3026,"6.75"
"2022-2023","2023-02",2023-01-09,2023-01-15,1486,20231,1969448,"10.27",105699,2371,"22.43",257792,2706,"10.5",1143018,12088,"10.58",462939,3066,"6.62"
"2022-2023","2023-03",2023-01-16,2023-01-22,1470,17931,1950668,"9.19",105153,2620,"24.92",257578,2866,"11.13",1129918,9838,"8.71",458019,2607,"5.69"
"2022-2023","2023-04",2023-01-23,2023-01-29,1449,16686,1921695,"8.68",104025,2655,"25.52",254968,2798,"10.97",1112371,9205,"8.28",450331,2028,"4.5"
"2022-2023","2023-05",2023-01-30,2023-02-05,1429,16025,1896272,"8.45",102958,2595,"25.2",251518,2938,"11.68",1096272,8631,"7.87",445524,1861,"4.18"
"2022-2023","2023-06",2023-02-06,2023-02-12,1410,15265,1871806,"8.16",100981,2280,"22.58",247455,2697,"10.9",1082449,8619,"7.96",440921,1669,"3.79"
"2022-2023","2023-07",2023-02-13,2023-02-19,1382,14769,1831734,"8.06",100332,2260,"22.53",244774,2822,"11.53",1054322,8092,"7.68",432306,1595,"3.69"
"2022-2023","2023-08",2023-02-20,2023-02-26,1332,14216,1765325,"8.05",96551,2228,"23.08",236250,2734,"11.57",1015889,7715,"7.59",416635,1539,"3.69"
"2022-2023","2023-09",2023-02-27,2023-03-05,1212,11931,1605304,"7.43",88955,1903,"21.39",218410,2283,"10.45",920610,6475,"7.03",377329,1270,"3.37"
"2022-2023","2023-10",2023-03-06,2023-03-12,995,9184,1317321,"6.97",74419,1565,"21.03",182880,1904,"10.41",749019,4801,"6.41",311003,914,"2.94"
