"data_bulletin","region_name","region_code","lat","long","cases","cumulative"
2022-06-17,"Basilicata",17,40.63947052,15.80514834,0,0
2022-06-17,"Calabria",18,38.90597598,16.59440194,0,0
2022-06-17,"Campania",15,40.83956555,14.25084984,1,1
2022-06-17,"Emilia-Romagna",8,44.49436681,11.3417208,1,8
2022-06-17,"Friuli-Venezia Giulia",6,45.6494354,13.76813649,0,2
2022-06-17,"Lazio",12,41.89277044,12.48366722,7,18
2022-06-17,"Liguria",7,44.41149315,8.9326992,0,0
2022-06-17,"Lombardia",3,45.46679409,9.190347404,11,33
2022-06-17,"Marche",11,43.61675973,13.5188753,0,0
2022-06-17,"Molise",14,41.55774754,14.65916051,0,0
2022-06-17,"Piemonte",1,45.0732745,7.680687483,1,2
2022-06-17,"Puglia",16,41.12559576,16.86736689,0,1
2022-06-17,"Sardegna",20,39.21531192,9.110616306,0,0
2022-06-17,"Sicilia",19,38.11569725,13.3623567,0,0
2022-06-17,"Toscana",9,43.76923077,11.25588885,0,1
2022-06-17,"PA Bolzano",21,46.49933453,11.35662422,0,0
2022-06-17,"PA Trento",22,46.06893511,11.12123097,0,1
2022-06-17,"Umbria",10,43.10675841,12.38824698,0,0
2022-06-17,"Valle d'Aosta",2,45.73750286,7.320149366,0,0
2022-06-17,"Veneto",5,45.43490485,12.33845213,0,4
2022-06-21,"Basilicata",17,40.63947052,15.80514834,0,0
2022-06-21,"Calabria",18,38.90597598,16.59440194,0,0
2022-06-21,"Campania",15,40.83956555,14.25084984,0,1
2022-06-21,"Emilia-Romagna",8,44.49436681,11.3417208,0,8
2022-06-21,"Friuli-Venezia Giulia",6,45.6494354,13.76813649,0,2
2022-06-21,"Lazio",12,41.89277044,12.48366722,7,25
2022-06-21,"Liguria",7,44.41149315,8.9326992,0,0
2022-06-21,"Lombardia",3,45.46679409,9.190347404,5,38
2022-06-21,"Marche",11,43.61675973,13.5188753,0,0
2022-06-21,"Molise",14,41.55774754,14.65916051,0,0
2022-06-21,"Piemonte",1,45.0732745,7.680687483,1,3
2022-06-21,"Puglia",16,41.12559576,16.86736689,0,1
2022-06-21,"Sardegna",20,39.21531192,9.110616306,0,0
2022-06-21,"Sicilia",19,38.11569725,13.3623567,0,0
2022-06-21,"Toscana",9,43.76923077,11.25588885,1,2
2022-06-21,"PA Bolzano",21,46.49933453,11.35662422,0,0
2022-06-21,"PA Trento",22,46.06893511,11.12123097,0,1
2022-06-21,"Umbria",10,43.10675841,12.38824698,0,0
2022-06-21,"Valle d'Aosta",2,45.73750286,7.320149366,0,0
2022-06-21,"Veneto",5,45.43490485,12.33845213,0,4
2022-06-24,"Basilicata",17,40.63947052,15.80514834,0,0
2022-06-24,"Calabria",18,38.90597598,16.59440194,0,0
2022-06-24,"Campania",15,40.83956555,14.25084984,0,1
2022-06-24,"Emilia-Romagna",8,44.49436681,11.3417208,4,12
2022-06-24,"Friuli-Venezia Giulia",6,45.6494354,13.76813649,1,3
2022-06-24,"Lazio",12,41.89277044,12.48366722,7,32
2022-06-24,"Liguria",7,44.41149315,8.9326992,0,0
2022-06-24,"Lombardia",3,45.46679409,9.190347404,26,64
2022-06-24,"Marche",11,43.61675973,13.5188753,0,0
2022-06-24,"Molise",14,41.55774754,14.65916051,0,0
2022-06-24,"Piemonte",1,45.0732745,7.680687483,2,5
2022-06-24,"Puglia",16,41.12559576,16.86736689,2,3
2022-06-24,"Sardegna",20,39.21531192,9.110616306,0,0
2022-06-24,"Sicilia",19,38.11569725,13.3623567,0,0
2022-06-24,"Toscana",9,43.76923077,11.25588885,0,2
2022-06-24,"PA Bolzano",21,46.49933453,11.35662422,0,0
2022-06-24,"PA Trento",22,46.06893511,11.12123097,0,1
2022-06-24,"Umbria",10,43.10675841,12.38824698,0,0
2022-06-24,"Valle d'Aosta",2,45.73750286,7.320149366,0,0
2022-06-24,"Veneto",5,45.43490485,12.33845213,0,4
2022-06-28,"Basilicata",17,40.63947052,15.80514834,0,0
2022-06-28,"Calabria",18,38.90597598,16.59440194,0,0
2022-06-28,"Campania",15,40.83956555,14.25084984,0,1
2022-06-28,"Emilia-Romagna",8,44.49436681,11.3417208,2,14
2022-06-28,"Friuli-Venezia Giulia",6,45.6494354,13.76813649,0,3
2022-06-28,"Lazio",12,41.89277044,12.48366722,7,39
2022-06-28,"Liguria",7,44.41149315,8.9326992,0,0
2022-06-28,"Lombardia",3,45.46679409,9.190347404,19,83
2022-06-28,"Marche",11,43.61675973,13.5188753,0,0
2022-06-28,"Molise",14,41.55774754,14.65916051,0,0
2022-06-28,"Piemonte",1,45.0732745,7.680687483,0,5
2022-06-28,"Puglia",16,41.12559576,16.86736689,2,5
2022-06-28,"Sardegna",20,39.21531192,9.110616306,0,0
2022-06-28,"Sicilia",19,38.11569725,13.3623567,0,0
2022-06-28,"Toscana",9,43.76923077,11.25588885,0,2
2022-06-28,"PA Bolzano",21,46.49933453,11.35662422,1,1
2022-06-28,"PA Trento",22,46.06893511,11.12123097,0,1
2022-06-28,"Umbria",10,43.10675841,12.38824698,0,0
2022-06-28,"Valle d'Aosta",2,45.73750286,7.320149366,0,0
2022-06-28,"Veneto",5,45.43490485,12.33845213,1,5
2022-07-01,"Basilicata",17,40.63947052,15.80514834,0,0
2022-07-01,"Calabria",18,38.90597598,16.59440194,0,0
2022-07-01,"Campania",15,40.83956555,14.25084984,0,1
2022-07-01,"Emilia-Romagna",8,44.49436681,11.3417208,3,17
2022-07-01,"Friuli-Venezia Giulia",6,45.6494354,13.76813649,0,3
2022-07-01,"Lazio",12,41.89277044,12.48366722,1,40
2022-07-01,"Liguria",7,44.41149315,8.9326992,0,0
2022-07-01,"Lombardia",3,45.46679409,9.190347404,26,109
2022-07-01,"Marche",11,43.61675973,13.5188753,0,0
2022-07-01,"Molise",14,41.55774754,14.65916051,0,0
2022-07-01,"Piemonte",1,45.0732745,7.680687483,0,5
2022-07-01,"Puglia",16,41.12559576,16.86736689,1,6
2022-07-01,"Sardegna",20,39.21531192,9.110616306,0,0
2022-07-01,"Sicilia",19,38.11569725,13.3623567,0,0
2022-07-01,"Toscana",9,43.76923077,11.25588885,0,2
2022-07-01,"PA Bolzano",21,46.49933453,11.35662422,0,1
2022-07-01,"PA Trento",22,46.06893511,11.12123097,0,1
2022-07-01,"Umbria",10,43.10675841,12.38824698,0,0
2022-07-01,"Valle d'Aosta",2,45.73750286,7.320149366,0,0
2022-07-01,"Veneto",5,45.43490485,12.33845213,2,7
2022-07-05,"Basilicata",17,40.63947052,15.80514834,0,0
2022-07-05,"Calabria",18,38.90597598,16.59440194,0,0
2022-07-05,"Campania",15,40.83956555,14.25084984,0,1
2022-07-05,"Emilia-Romagna",8,44.49436681,11.3417208,9,26
2022-07-05,"Friuli-Venezia Giulia",6,45.6494354,13.76813649,1,4
2022-07-05,"Lazio",12,41.89277044,12.48366722,7,47
2022-07-05,"Liguria",7,44.41149315,8.9326992,1,1
2022-07-05,"Lombardia",3,45.46679409,9.190347404,17,126
2022-07-05,"Marche",11,43.61675973,13.5188753,0,0
2022-07-05,"Molise",14,41.55774754,14.65916051,0,0
2022-07-05,"Piemonte",1,45.0732745,7.680687483,0,5
2022-07-05,"Puglia",16,41.12559576,16.86736689,0,6
2022-07-05,"Sardegna",20,39.21531192,9.110616306,0,0
2022-07-05,"Sicilia",19,38.11569725,13.3623567,0,0
2022-07-05,"Toscana",9,43.76923077,11.25588885,1,3
2022-07-05,"PA Bolzano",21,46.49933453,11.35662422,0,1
2022-07-05,"PA Trento",22,46.06893511,11.12123097,0,1
2022-07-05,"Umbria",10,43.10675841,12.38824698,0,0
2022-07-05,"Valle d'Aosta",2,45.73750286,7.320149366,0,0
2022-07-05,"Veneto",5,45.43490485,12.33845213,5,12
2022-07-08,"Basilicata",17,40.63947052,15.80514834,0,0
2022-07-08,"Calabria",18,38.90597598,16.59440194,0,0
2022-07-08,"Campania",15,40.83956555,14.25084984,0,1
2022-07-08,"Emilia-Romagna",8,44.49436681,11.3417208,5,31
2022-07-08,"Friuli-Venezia Giulia",6,45.6494354,13.76813649,0,4
2022-07-08,"Lazio",12,41.89277044,12.48366722,5,52
2022-07-08,"Liguria",7,44.41149315,8.9326992,0,1
2022-07-08,"Lombardia",3,45.46679409,9.190347404,9,135
2022-07-08,"Marche",11,43.61675973,13.5188753,1,1
2022-07-08,"Molise",14,41.55774754,14.65916051,0,0
2022-07-08,"Piemonte",1,45.0732745,7.680687483,1,6
2022-07-08,"Puglia",16,41.12559576,16.86736689,0,6
2022-07-08,"Sardegna",20,39.21531192,9.110616306,0,0
2022-07-08,"Sicilia",19,38.11569725,13.3623567,0,0
2022-07-08,"Toscana",9,43.76923077,11.25588885,0,3
2022-07-08,"PA Bolzano",21,46.49933453,11.35662422,0,1
2022-07-08,"PA Trento",22,46.06893511,11.12123097,0,1
2022-07-08,"Umbria",10,43.10675841,12.38824698,0,0
2022-07-08,"Valle d'Aosta",2,45.73750286,7.320149366,0,0
2022-07-08,"Veneto",5,45.43490485,12.33845213,1,13
2022-07-12,"Basilicata",17,40.63947052,15.80514834,0,0
2022-07-12,"Calabria",18,38.90597598,16.59440194,0,0
2022-07-12,"Campania",15,40.83956555,14.25084984,0,1
2022-07-12,"Emilia-Romagna",8,44.49436681,11.3417208,3,34
2022-07-12,"Friuli-Venezia Giulia",6,45.6494354,13.76813649,0,4
2022-07-12,"Lazio",12,41.89277044,12.48366722,14,66
2022-07-12,"Liguria",7,44.41149315,8.9326992,1,2
2022-07-12,"Lombardia",3,45.46679409,9.190347404,12,147
2022-07-12,"Marche",11,43.61675973,13.5188753,0,1
2022-07-12,"Molise",14,41.55774754,14.65916051,0,0
2022-07-12,"Piemonte",1,45.0732745,7.680687483,0,6
2022-07-12,"Puglia",16,41.12559576,16.86736689,1,7
2022-07-12,"Sardegna",20,39.21531192,9.110616306,0,0
2022-07-12,"Sicilia",19,38.11569725,13.3623567,0,0
2022-07-12,"Toscana",9,43.76923077,11.25588885,1,4
2022-07-12,"PA Bolzano",21,46.49933453,11.35662422,0,1
2022-07-12,"PA Trento",22,46.06893511,11.12123097,0,1
2022-07-12,"Umbria",10,43.10675841,12.38824698,0,0
2022-07-12,"Valle d'Aosta",2,45.73750286,7.320149366,0,0
2022-07-12,"Veneto",5,45.43490485,12.33845213,5,18
2022-07-15,"Basilicata",17,40.63947052,15.80514834,0,0
2022-07-15,"Calabria",18,38.90597598,16.59440194,0,0
2022-07-15,"Campania",15,40.83956555,14.25084984,2,3
2022-07-15,"Emilia-Romagna",8,44.49436681,11.3417208,8,42
2022-07-15,"Friuli-Venezia Giulia",6,45.6494354,13.76813649,2,6
2022-07-15,"Lazio",12,41.89277044,12.48366722,5,71
2022-07-15,"Liguria",7,44.41149315,8.9326992,3,5
2022-07-15,"Lombardia",3,45.46679409,9.190347404,17,164
2022-07-15,"Marche",11,43.61675973,13.5188753,1,2
2022-07-15,"Molise",14,41.55774754,14.65916051,0,0
2022-07-15,"Piemonte",1,45.0732745,7.680687483,0,6
2022-07-15,"Puglia",16,41.12559576,16.86736689,0,7
2022-07-15,"Sardegna",20,39.21531192,9.110616306,0,0
2022-07-15,"Sicilia",19,38.11569725,13.3623567,2,2
2022-07-15,"Toscana",9,43.76923077,11.25588885,3,7
2022-07-15,"PA Bolzano",21,46.49933453,11.35662422,0,1
2022-07-15,"PA Trento",22,46.06893511,11.12123097,0,1
2022-07-15,"Umbria",10,43.10675841,12.38824698,0,0
2022-07-15,"Valle d'Aosta",2,45.73750286,7.320149366,0,0
2022-07-15,"Veneto",5,45.43490485,12.33845213,4,22
2022-07-19,"Basilicata",17,40.63947052,15.80514834,0,0
2022-07-19,"Calabria",18,38.90597598,16.59440194,0,0
2022-07-19,"Campania",15,40.83956555,14.25084984,0,3
2022-07-19,"Emilia-Romagna",8,44.49436681,11.3417208,2,44
2022-07-19,"Friuli-Venezia Giulia",6,45.6494354,13.76813649,1,7
2022-07-19,"Lazio",12,41.89277044,12.48366722,9,80
2022-07-19,"Liguria",7,44.41149315,8.9326992,3,8
2022-07-19,"Lombardia",3,45.46679409,9.190347404,11,175
2022-07-19,"Marche",11,43.61675973,13.5188753,0,2
2022-07-19,"Molise",14,41.55774754,14.65916051,0,0
2022-07-19,"Piemonte",1,45.0732745,7.680687483,1,7
2022-07-19,"Puglia",16,41.12559576,16.86736689,0,7
2022-07-19,"Sardegna",20,39.21531192,9.110616306,0,0
2022-07-19,"Sicilia",19,38.11569725,13.3623567,0,2
2022-07-19,"Toscana",9,43.76923077,11.25588885,2,9
2022-07-19,"PA Bolzano",21,46.49933453,11.35662422,0,1
2022-07-19,"PA Trento",22,46.06893511,11.12123097,1,2
2022-07-19,"Umbria",10,43.10675841,12.38824698,0,0
2022-07-19,"Valle d'Aosta",2,45.73750286,7.320149366,0,0
2022-07-19,"Veneto",5,45.43490485,12.33845213,5,27
2022-07-22,"Basilicata",17,40.63947052,15.80514834,0,0
2022-07-22,"Calabria",18,38.90597598,16.59440194,0,0
2022-07-22,"Campania",15,40.83956555,14.25084984,0,3
2022-07-22,"Emilia-Romagna",8,44.49436681,11.3417208,3,47
2022-07-22,"Friuli-Venezia Giulia",6,45.6494354,13.76813649,1,8
2022-07-22,"Lazio",12,41.89277044,12.48366722,8,88
2022-07-22,"Liguria",7,44.41149315,8.9326992,0,8
2022-07-22,"Lombardia",3,45.46679409,9.190347404,16,191
2022-07-22,"Marche",11,43.61675973,13.5188753,0,2
2022-07-22,"Molise",14,41.55774754,14.65916051,0,0
2022-07-22,"Piemonte",1,45.0732745,7.680687483,0,7
2022-07-22,"Puglia",16,41.12559576,16.86736689,1,8
2022-07-22,"Sardegna",20,39.21531192,9.110616306,0,0
2022-07-22,"Sicilia",19,38.11569725,13.3623567,0,2
2022-07-22,"Toscana",9,43.76923077,11.25588885,0,9
2022-07-22,"PA Bolzano",21,46.49933453,11.35662422,0,1
2022-07-22,"PA Trento",22,46.06893511,11.12123097,0,2
2022-07-22,"Umbria",10,43.10675841,12.38824698,0,0
2022-07-22,"Valle d'Aosta",2,45.73750286,7.320149366,0,0
2022-07-22,"Veneto",5,45.43490485,12.33845213,4,31
2022-07-26,"Basilicata",17,40.63947052,15.80514834,0,0
2022-07-26,"Calabria",18,38.90597598,16.59440194,0,0
2022-07-26,"Campania",15,40.83956555,14.25084984,1,4
2022-07-26,"Emilia-Romagna",8,44.49436681,11.3417208,2,49
2022-07-26,"Friuli-Venezia Giulia",6,45.6494354,13.76813649,1,9
2022-07-26,"Lazio",12,41.89277044,12.48366722,2,90
2022-07-26,"Liguria",7,44.41149315,8.9326992,0,8
2022-07-26,"Lombardia",3,45.46679409,9.190347404,6,197
2022-07-26,"Marche",11,43.61675973,13.5188753,0,2
2022-07-26,"Molise",14,41.55774754,14.65916051,0,0
2022-07-26,"Piemonte",1,45.0732745,7.680687483,3,10
2022-07-26,"Puglia",16,41.12559576,16.86736689,0,8
2022-07-26,"Sardegna",20,39.21531192,9.110616306,0,0
2022-07-26,"Sicilia",19,38.11569725,13.3623567,0,2
2022-07-26,"Toscana",9,43.76923077,11.25588885,3,12
2022-07-26,"PA Bolzano",21,46.49933453,11.35662422,0,1
2022-07-26,"PA Trento",22,46.06893511,11.12123097,1,3
2022-07-26,"Umbria",10,43.10675841,12.38824698,0,0
2022-07-26,"Valle d'Aosta",2,45.73750286,7.320149366,0,0
2022-07-26,"Veneto",5,45.43490485,12.33845213,0,31
2022-07-29,"Basilicata",17,40.63947052,15.80514834,0,0
2022-07-29,"Calabria",18,38.90597598,16.59440194,0,0
2022-07-29,"Campania",15,40.83956555,14.25084984,2,6
2022-07-29,"Emilia-Romagna",8,44.49436681,11.3417208,6,55
2022-07-29,"Friuli-Venezia Giulia",6,45.6494354,13.76813649,0,9
2022-07-29,"Lazio",12,41.89277044,12.48366722,11,101
2022-07-29,"Liguria",7,44.41149315,8.9326992,0,8
2022-07-29,"Lombardia",3,45.46679409,9.190347404,19,216
2022-07-29,"Marche",11,43.61675973,13.5188753,0,2
2022-07-29,"Molise",14,41.55774754,14.65916051,0,0
2022-07-29,"Piemonte",1,45.0732745,7.680687483,8,18
2022-07-29,"Puglia",16,41.12559576,16.86736689,0,8
2022-07-29,"Sardegna",20,39.21531192,9.110616306,0,0
2022-07-29,"Sicilia",19,38.11569725,13.3623567,0,2
2022-07-29,"Toscana",9,43.76923077,11.25588885,4,16
2022-07-29,"PA Bolzano",21,46.49933453,11.35662422,0,1
2022-07-29,"PA Trento",22,46.06893511,11.12123097,0,3
2022-07-29,"Umbria",10,43.10675841,12.38824698,0,0
2022-07-29,"Valle d'Aosta",2,45.73750286,7.320149366,0,0
2022-07-29,"Veneto",5,45.43490485,12.33845213,2,33
2022-08-02,"Basilicata",17,40.63947052,15.80514834,0,0
2022-08-02,"Calabria",18,38.90597598,16.59440194,0,0
2022-08-02,"Campania",15,40.83956555,14.25084984,1,7
2022-08-02,"Emilia-Romagna",8,44.49436681,11.3417208,2,57
2022-08-02,"Friuli-Venezia Giulia",6,45.6494354,13.76813649,0,9
2022-08-02,"Lazio",12,41.89277044,12.48366722,3,104
2022-08-02,"Liguria",7,44.41149315,8.9326992,1,9
2022-08-02,"Lombardia",3,45.46679409,9.190347404,16,232
2022-08-02,"Marche",11,43.61675973,13.5188753,0,2
2022-08-02,"Molise",14,41.55774754,14.65916051,0,0
2022-08-02,"Piemonte",1,45.0732745,7.680687483,0,18
2022-08-02,"Puglia",16,41.12559576,16.86736689,1,9
2022-08-02,"Sardegna",20,39.21531192,9.110616306,1,1
2022-08-02,"Sicilia",19,38.11569725,13.3623567,0,2
2022-08-02,"Toscana",9,43.76923077,11.25588885,1,17
2022-08-02,"PA Bolzano",21,46.49933453,11.35662422,0,1
2022-08-02,"PA Trento",22,46.06893511,11.12123097,0,3
2022-08-02,"Umbria",10,43.10675841,12.38824698,0,0
2022-08-02,"Valle d'Aosta",2,45.73750286,7.320149366,0,0
2022-08-02,"Veneto",5,45.43490485,12.33845213,0,33
2022-08-05,"Abruzzo",13,42.35122196,13.39843823,1,1
2022-08-05,"Basilicata",17,40.63947052,15.80514834,0,0
2022-08-05,"Calabria",18,38.90597598,16.59440194,0,0
2022-08-05,"Campania",15,40.83956555,14.25084984,0,7
2022-08-05,"Emilia-Romagna",8,44.49436681,11.3417208,5,62
2022-08-05,"Friuli-Venezia Giulia",6,45.6494354,13.76813649,1,10
2022-08-05,"Lazio",12,41.89277044,12.48366722,5,109
2022-08-05,"Liguria",7,44.41149315,8.9326992,0,9
2022-08-05,"Lombardia",3,45.46679409,9.190347404,18,250
2022-08-05,"Marche",11,43.61675973,13.5188753,0,2
2022-08-05,"Molise",14,41.55774754,14.65916051,0,0
2022-08-05,"Piemonte",1,45.0732745,7.680687483,3,21
2022-08-05,"Puglia",16,41.12559576,16.86736689,0,9
2022-08-05,"Sardegna",20,39.21531192,9.110616306,0,1
2022-08-05,"Sicilia",19,38.11569725,13.3623567,0,2
2022-08-05,"Toscana",9,43.76923077,11.25588885,4,21
2022-08-05,"PA Bolzano",21,46.49933453,11.35662422,0,1
2022-08-05,"PA Trento",22,46.06893511,11.12123097,0,3
2022-08-05,"Umbria",10,43.10675841,12.38824698,0,0
2022-08-05,"Valle d'Aosta",2,45.73750286,7.320149366,0,0
2022-08-05,"Veneto",5,45.43490485,12.33845213,4,37
2022-08-09,"Abruzzo",13,42.35122196,13.39843823,1,2
2022-08-09,"Basilicata",17,40.63947052,15.80514834,0,0
2022-08-09,"Calabria",18,38.90597598,16.59440194,0,0
2022-08-09,"Campania",15,40.83956555,14.25084984,11,18
2022-08-09,"Emilia-Romagna",8,44.49436681,11.3417208,3,65
2022-08-09,"Friuli-Venezia Giulia",6,45.6494354,13.76813649,1,11
2022-08-09,"Lazio",12,41.89277044,12.48366722,5,114
2022-08-09,"Liguria",7,44.41149315,8.9326992,3,12
2022-08-09,"Lombardia",3,45.46679409,9.190347404,15,265
2022-08-09,"Marche",11,43.61675973,13.5188753,2,4
2022-08-09,"Molise",14,41.55774754,14.65916051,0,0
2022-08-09,"Piemonte",1,45.0732745,7.680687483,1,22
2022-08-09,"Puglia",16,41.12559576,16.86736689,3,12
2022-08-09,"Sardegna",20,39.21531192,9.110616306,0,1
2022-08-09,"Sicilia",19,38.11569725,13.3623567,0,2
2022-08-09,"Toscana",9,43.76923077,11.25588885,4,25
2022-08-09,"PA Bolzano",21,46.49933453,11.35662422,0,1
2022-08-09,"PA Trento",22,46.06893511,11.12123097,0,3
2022-08-09,"Umbria",10,43.10675841,12.38824698,0,0
2022-08-09,"Valle d'Aosta",2,45.73750286,7.320149366,0,0
2022-08-09,"Veneto",5,45.43490485,12.33845213,5,42
2022-08-12,"Abruzzo",13,42.35122196,13.39843823,0,2
2022-08-12,"Basilicata",17,40.63947052,15.80514834,0,0
2022-08-12,"Calabria",18,38.90597598,16.59440194,0,0
2022-08-12,"Campania",15,40.83956555,14.25084984,3,21
2022-08-12,"Emilia-Romagna",8,44.49436681,11.3417208,4,69
2022-08-12,"Friuli-Venezia Giulia",6,45.6494354,13.76813649,0,11
2022-08-12,"Lazio",12,41.89277044,12.48366722,4,118
2022-08-12,"Liguria",7,44.41149315,8.9326992,1,13
2022-08-12,"Lombardia",3,45.46679409,9.190347404,18,283
2022-08-12,"Marche",11,43.61675973,13.5188753,0,4
2022-08-12,"Molise",14,41.55774754,14.65916051,0,0
2022-08-12,"Piemonte",1,45.0732745,7.680687483,3,25
2022-08-12,"Puglia",16,41.12559576,16.86736689,1,13
2022-08-12,"Sardegna",20,39.21531192,9.110616306,2,3
2022-08-12,"Sicilia",19,38.11569725,13.3623567,2,4
2022-08-12,"Toscana",9,43.76923077,11.25588885,5,30
2022-08-12,"PA Bolzano",21,46.49933453,11.35662422,0,1
2022-08-12,"PA Trento",22,46.06893511,11.12123097,0,3
2022-08-12,"Umbria",10,43.10675841,12.38824698,0,0
2022-08-12,"Valle d'Aosta",2,45.73750286,7.320149366,0,0
2022-08-12,"Veneto",5,45.43490485,12.33845213,2,44
2022-08-16,"Abruzzo",13,42.35122196,13.39843823,0,2
2022-08-16,"Basilicata",17,40.63947052,15.80514834,0,0
2022-08-16,"Calabria",18,38.90597598,16.59440194,0,0
2022-08-16,"Campania",15,40.83956555,14.25084984,0,21
2022-08-16,"Emilia-Romagna",8,44.49436681,11.3417208,1,70
2022-08-16,"Friuli-Venezia Giulia",6,45.6494354,13.76813649,0,11
2022-08-16,"Lazio",12,41.89277044,12.48366722,3,121
2022-08-16,"Liguria",7,44.41149315,8.9326992,0,13
2022-08-16,"Lombardia",3,45.46679409,9.190347404,8,291
2022-08-16,"Marche",11,43.61675973,13.5188753,0,4
2022-08-16,"Molise",14,41.55774754,14.65916051,0,0
2022-08-16,"Piemonte",1,45.0732745,7.680687483,0,25
2022-08-16,"Puglia",16,41.12559576,16.86736689,1,14
2022-08-16,"Sardegna",20,39.21531192,9.110616306,1,4
2022-08-16,"Sicilia",19,38.11569725,13.3623567,1,5
2022-08-16,"Toscana",9,43.76923077,11.25588885,1,31
2022-08-16,"PA Bolzano",21,46.49933453,11.35662422,0,1
2022-08-16,"PA Trento",22,46.06893511,11.12123097,0,3
2022-08-16,"Umbria",10,43.10675841,12.38824698,0,0
2022-08-16,"Valle d'Aosta",2,45.73750286,7.320149366,0,0
2022-08-16,"Veneto",5,45.43490485,12.33845213,2,46
2022-08-19,"Abruzzo",13,42.35122196,13.39843823,0,2
2022-08-19,"Basilicata",17,40.63947052,15.80514834,0,0
2022-08-19,"Calabria",18,38.90597598,16.59440194,0,0
2022-08-19,"Campania",15,40.83956555,14.25084984,8,29
2022-08-19,"Emilia-Romagna",8,44.49436681,11.3417208,2,72
2022-08-19,"Friuli-Venezia Giulia",6,45.6494354,13.76813649,0,11
2022-08-19,"Lazio",12,41.89277044,12.48366722,4,125
2022-08-19,"Liguria",7,44.41149315,8.9326992,2,15
2022-08-19,"Lombardia",3,45.46679409,9.190347404,6,297
2022-08-19,"Marche",11,43.61675973,13.5188753,0,4
2022-08-19,"Molise",14,41.55774754,14.65916051,0,0
2022-08-19,"Piemonte",1,45.0732745,7.680687483,1,26
2022-08-19,"Puglia",16,41.12559576,16.86736689,0,14
2022-08-19,"Sardegna",20,39.21531192,9.110616306,0,4
2022-08-19,"Sicilia",19,38.11569725,13.3623567,0,5
2022-08-19,"Toscana",9,43.76923077,11.25588885,2,33
2022-08-19,"PA Bolzano",21,46.49933453,11.35662422,0,1
2022-08-19,"PA Trento",22,46.06893511,11.12123097,0,3
2022-08-19,"Umbria",10,43.10675841,12.38824698,0,0
2022-08-19,"Valle d'Aosta",2,45.73750286,7.320149366,0,0
2022-08-19,"Veneto",5,45.43490485,12.33845213,2,48
2022-08-23,"Abruzzo",13,42.35122196,13.39843823,0,2
2022-08-23,"Basilicata",17,40.63947052,15.80514834,0,0
2022-08-23,"Calabria",18,38.90597598,16.59440194,0,0
2022-08-23,"Campania",15,40.83956555,14.25084984,2,31
2022-08-23,"Emilia-Romagna",8,44.49436681,11.3417208,1,73
2022-08-23,"Friuli-Venezia Giulia",6,45.6494354,13.76813649,0,11
2022-08-23,"Lazio",12,41.89277044,12.48366722,3,128
2022-08-23,"Liguria",7,44.41149315,8.9326992,1,16
2022-08-23,"Lombardia",3,45.46679409,9.190347404,11,308
2022-08-23,"Marche",11,43.61675973,13.5188753,1,5
2022-08-23,"Molise",14,41.55774754,14.65916051,0,0
2022-08-23,"Piemonte",1,45.0732745,7.680687483,0,26
2022-08-23,"Puglia",16,41.12559576,16.86736689,2,16
2022-08-23,"Sardegna",20,39.21531192,9.110616306,0,4
2022-08-23,"Sicilia",19,38.11569725,13.3623567,0,5
2022-08-23,"Toscana",9,43.76923077,11.25588885,3,36
2022-08-23,"PA Bolzano",21,46.49933453,11.35662422,0,1
2022-08-23,"PA Trento",22,46.06893511,11.12123097,1,4
2022-08-23,"Umbria",10,43.10675841,12.38824698,0,0
2022-08-23,"Valle d'Aosta",2,45.73750286,7.320149366,0,0
2022-08-23,"Veneto",5,45.43490485,12.33845213,0,48
2022-08-26,"Abruzzo",13,42.35122196,13.39843823,0,2
2022-08-26,"Basilicata",17,40.63947052,15.80514834,0,0
2022-08-26,"Calabria",18,38.90597598,16.59440194,0,0
2022-08-26,"Campania",15,40.83956555,14.25084984,1,32
2022-08-26,"Emilia-Romagna",8,44.49436681,11.3417208,2,75
2022-08-26,"Friuli-Venezia Giulia",6,45.6494354,13.76813649,0,11
2022-08-26,"Lazio",12,41.89277044,12.48366722,8,136
2022-08-26,"Liguria",7,44.41149315,8.9326992,0,16
2022-08-26,"Lombardia",3,45.46679409,9.190347404,10,318
2022-08-26,"Marche",11,43.61675973,13.5188753,0,5
2022-08-26,"Molise",14,41.55774754,14.65916051,0,0
2022-08-26,"Piemonte",1,45.0732745,7.680687483,0,26
2022-08-26,"Puglia",16,41.12559576,16.86736689,1,17
2022-08-26,"Sardegna",20,39.21531192,9.110616306,0,4
2022-08-26,"Sicilia",19,38.11569725,13.3623567,1,6
2022-08-26,"Toscana",9,43.76923077,11.25588885,2,38
2022-08-26,"PA Bolzano",21,46.49933453,11.35662422,0,1
2022-08-26,"PA Trento",22,46.06893511,11.12123097,0,4
2022-08-26,"Umbria",10,43.10675841,12.38824698,0,0
2022-08-26,"Valle d'Aosta",2,45.73750286,7.320149366,0,0
2022-08-26,"Veneto",5,45.43490485,12.33845213,1,49
2022-08-30,"Abruzzo",13,42.35122196,13.39843823,0,2
2022-08-30,"Basilicata",17,40.63947052,15.80514834,0,0
2022-08-30,"Calabria",18,38.90597598,16.59440194,0,0
2022-08-30,"Campania",15,40.83956555,14.25084984,5,37
2022-08-30,"Emilia-Romagna",8,44.49436681,11.3417208,0,75
2022-08-30,"Friuli-Venezia Giulia",6,45.6494354,13.76813649,1,12
2022-08-30,"Lazio",12,41.89277044,12.48366722,2,138
2022-08-30,"Liguria",7,44.41149315,8.9326992,0,16
2022-08-30,"Lombardia",3,45.46679409,9.190347404,4,322
2022-08-30,"Marche",11,43.61675973,13.5188753,1,6
2022-08-30,"Molise",14,41.55774754,14.65916051,0,0
2022-08-30,"Piemonte",1,45.0732745,7.680687483,1,27
2022-08-30,"Puglia",16,41.12559576,16.86736689,0,17
2022-08-30,"Sardegna",20,39.21531192,9.110616306,1,5
2022-08-30,"Sicilia",19,38.11569725,13.3623567,1,7
2022-08-30,"Toscana",9,43.76923077,11.25588885,0,38
2022-08-30,"PA Bolzano",21,46.49933453,11.35662422,0,1
2022-08-30,"PA Trento",22,46.06893511,11.12123097,0,4
2022-08-30,"Umbria",10,43.10675841,12.38824698,0,0
2022-08-30,"Valle d'Aosta",2,45.73750286,7.320149366,0,0
2022-08-30,"Veneto",5,45.43490485,12.33845213,4,53
2022-09-02,"Abruzzo",13,42.35122196,13.39843823,1,3
2022-09-02,"Basilicata",17,40.63947052,15.80514834,0,0
2022-09-02,"Calabria",18,38.90597598,16.59440194,0,0
2022-09-02,"Campania",15,40.83956555,14.25084984,1,38
2022-09-02,"Emilia-Romagna",8,44.49436681,11.3417208,2,77
2022-09-02,"Friuli-Venezia Giulia",6,45.6494354,13.76813649,1,13
2022-09-02,"Lazio",12,41.89277044,12.48366722,1,139
2022-09-02,"Liguria",7,44.41149315,8.9326992,0,16
2022-09-02,"Lombardia",3,45.46679409,9.190347404,4,326
2022-09-02,"Marche",11,43.61675973,13.5188753,0,6
2022-09-02,"Molise",14,41.55774754,14.65916051,0,0
2022-09-02,"Piemonte",1,45.0732745,7.680687483,0,27
2022-09-02,"Puglia",16,41.12559576,16.86736689,0,17
2022-09-02,"Sardegna",20,39.21531192,9.110616306,0,5
2022-09-02,"Sicilia",19,38.11569725,13.3623567,0,7
2022-09-02,"Toscana",9,43.76923077,11.25588885,1,39
2022-09-02,"PA Bolzano",21,46.49933453,11.35662422,0,1
2022-09-02,"PA Trento",22,46.06893511,11.12123097,0,4
2022-09-02,"Umbria",10,43.10675841,12.38824698,0,0
2022-09-02,"Valle d'Aosta",2,45.73750286,7.320149366,0,0
2022-09-02,"Veneto",5,45.43490485,12.33845213,2,55
2022-09-06,"Abruzzo",13,42.35122196,13.39843823,0,3
2022-09-06,"Basilicata",17,40.63947052,15.80514834,0,0
2022-09-06,"Calabria",18,38.90597598,16.59440194,0,0
2022-09-06,"Campania",15,40.83956555,14.25084984,0,38
2022-09-06,"Emilia-Romagna",8,44.49436681,11.3417208,2,79
2022-09-06,"Friuli-Venezia Giulia",6,45.6494354,13.76813649,1,14
2022-09-06,"Lazio",12,41.89277044,12.48366722,1,140
2022-09-06,"Liguria",7,44.41149315,8.9326992,2,18
2022-09-06,"Lombardia",3,45.46679409,9.190347404,4,330
2022-09-06,"Marche",11,43.61675973,13.5188753,1,7
2022-09-06,"Molise",14,41.55774754,14.65916051,0,0
2022-09-06,"Piemonte",1,45.0732745,7.680687483,0,27
2022-09-06,"Puglia",16,41.12559576,16.86736689,1,18
2022-09-06,"Sardegna",20,39.21531192,9.110616306,0,5
2022-09-06,"Sicilia",19,38.11569725,13.3623567,1,8
2022-09-06,"Toscana",9,43.76923077,11.25588885,1,40
2022-09-06,"PA Bolzano",21,46.49933453,11.35662422,0,1
2022-09-06,"PA Trento",22,46.06893511,11.12123097,0,4
2022-09-06,"Umbria",10,43.10675841,12.38824698,0,0
2022-09-06,"Valle d'Aosta",2,45.73750286,7.320149366,0,0
2022-09-06,"Veneto",5,45.43490485,12.33845213,0,55
2022-09-09,"Abruzzo",13,42.35122196,13.39843823,0,3
2022-09-09,"Basilicata",17,40.63947052,15.80514834,0,0
2022-09-09,"Calabria",18,38.90597598,16.59440194,0,0
2022-09-09,"Campania",15,40.83956555,14.25084984,2,40
2022-09-09,"Emilia-Romagna",8,44.49436681,11.3417208,1,80
2022-09-09,"Friuli-Venezia Giulia",6,45.6494354,13.76813649,0,14
2022-09-09,"Lazio",12,41.89277044,12.48366722,1,141
2022-09-09,"Liguria",7,44.41149315,8.9326992,0,18
2022-09-09,"Lombardia",3,45.46679409,9.190347404,3,333
2022-09-09,"Marche",11,43.61675973,13.5188753,0,7
2022-09-09,"Molise",14,41.55774754,14.65916051,0,0
2022-09-09,"Piemonte",1,45.0732745,7.680687483,4,31
2022-09-09,"Puglia",16,41.12559576,16.86736689,1,19
2022-09-09,"Sardegna",20,39.21531192,9.110616306,0,5
2022-09-09,"Sicilia",19,38.11569725,13.3623567,1,9
2022-09-09,"Toscana",9,43.76923077,11.25588885,3,43
2022-09-09,"PA Bolzano",21,46.49933453,11.35662422,0,1
2022-09-09,"PA Trento",22,46.06893511,11.12123097,0,4
2022-09-09,"Umbria",10,43.10675841,12.38824698,0,0
2022-09-09,"Valle d'Aosta",2,45.73750286,7.320149366,0,0
2022-09-09,"Veneto",5,45.43490485,12.33845213,2,57
2022-09-13,"Abruzzo",13,42.35122196,13.39843823,1,4
2022-09-13,"Basilicata",17,40.63947052,15.80514834,0,0
2022-09-13,"Calabria",18,38.90597598,16.59440194,0,0
2022-09-13,"Campania",15,40.83956555,14.25084984,0,40
2022-09-13,"Emilia-Romagna",8,44.49436681,11.3417208,0,80
2022-09-13,"Friuli-Venezia Giulia",6,45.6494354,13.76813649,0,14
2022-09-13,"Lazio",12,41.89277044,12.48366722,0,141
2022-09-13,"Liguria",7,44.41149315,8.9326992,0,18
2022-09-13,"Lombardia",3,45.46679409,9.190347404,4,337
2022-09-13,"Marche",11,43.61675973,13.5188753,0,7
2022-09-13,"Molise",14,41.55774754,14.65916051,0,0
2022-09-13,"Piemonte",1,45.0732745,7.680687483,0,31
2022-09-13,"Puglia",16,41.12559576,16.86736689,1,20
2022-09-13,"Sardegna",20,39.21531192,9.110616306,0,5
2022-09-13,"Sicilia",19,38.11569725,13.3623567,0,9
2022-09-13,"Toscana",9,43.76923077,11.25588885,1,44
2022-09-13,"PA Bolzano",21,46.49933453,11.35662422,0,1
2022-09-13,"PA Trento",22,46.06893511,11.12123097,0,4
2022-09-13,"Umbria",10,43.10675841,12.38824698,0,0
2022-09-13,"Valle d'Aosta",2,45.73750286,7.320149366,0,0
2022-09-13,"Veneto",5,45.43490485,12.33845213,1,58
2022-09-16,"Abruzzo",13,42.35122196,13.39843823,0,4
2022-09-16,"Basilicata",17,40.63947052,15.80514834,0,0
2022-09-16,"Calabria",18,38.90597598,16.59440194,0,0
2022-09-16,"Campania",15,40.83956555,14.25084984,0,40
2022-09-16,"Emilia-Romagna",8,44.49436681,11.3417208,3,83
2022-09-16,"Friuli-Venezia Giulia",6,45.6494354,13.76813649,0,14
2022-09-16,"Lazio",12,41.89277044,12.48366722,2,143
2022-09-16,"Liguria",7,44.41149315,8.9326992,0,18
2022-09-16,"Lombardia",3,45.46679409,9.190347404,7,344
2022-09-16,"Marche",11,43.61675973,13.5188753,0,7
2022-09-16,"Molise",14,41.55774754,14.65916051,0,0
2022-09-16,"Piemonte",1,45.0732745,7.680687483,0,31
2022-09-16,"Puglia",16,41.12559576,16.86736689,1,21
2022-09-16,"Sardegna",20,39.21531192,9.110616306,1,6
2022-09-16,"Sicilia",19,38.11569725,13.3623567,1,10
2022-09-16,"Toscana",9,43.76923077,11.25588885,0,44
2022-09-16,"PA Bolzano",21,46.49933453,11.35662422,0,1
2022-09-16,"PA Trento",22,46.06893511,11.12123097,0,4
2022-09-16,"Umbria",10,43.10675841,12.38824698,0,0
2022-09-16,"Valle d'Aosta",2,45.73750286,7.320149366,0,0
2022-09-16,"Veneto",5,45.43490485,12.33845213,0,58
2022-09-20,"Abruzzo",13,42.35122196,13.39843823,0,4
2022-09-20,"Basilicata",17,40.63947052,15.80514834,0,0
2022-09-20,"Calabria",18,38.90597598,16.59440194,0,0
2022-09-20,"Campania",15,40.83956555,14.25084984,0,40
2022-09-20,"Emilia-Romagna",8,44.49436681,11.3417208,1,84
2022-09-20,"Friuli-Venezia Giulia",6,45.6494354,13.76813649,0,14
2022-09-20,"Lazio",12,41.89277044,12.48366722,2,145
2022-09-20,"Liguria",7,44.41149315,8.9326992,0,18
2022-09-20,"Lombardia",3,45.46679409,9.190347404,3,347
2022-09-20,"Marche",11,43.61675973,13.5188753,0,7
2022-09-20,"Molise",14,41.55774754,14.65916051,0,0
2022-09-20,"Piemonte",1,45.0732745,7.680687483,0,31
2022-09-20,"Puglia",16,41.12559576,16.86736689,0,21
2022-09-20,"Sardegna",20,39.21531192,9.110616306,0,6
2022-09-20,"Sicilia",19,38.11569725,13.3623567,1,11
2022-09-20,"Toscana",9,43.76923077,11.25588885,1,45
2022-09-20,"PA Bolzano",21,46.49933453,11.35662422,0,1
2022-09-20,"PA Trento",22,46.06893511,11.12123097,0,4
2022-09-20,"Umbria",10,43.10675841,12.38824698,0,0
2022-09-20,"Valle d'Aosta",2,45.73750286,7.320149366,0,0
2022-09-20,"Veneto",5,45.43490485,12.33845213,1,59
2022-09-23,"Abruzzo",13,42.35122196,13.39843823,0,4
2022-09-23,"Basilicata",17,40.63947052,15.80514834,0,0
2022-09-23,"Calabria",18,38.90597598,16.59440194,0,0
2022-09-23,"Campania",15,40.83956555,14.25084984,0,40
2022-09-23,"Emilia-Romagna",8,44.49436681,11.3417208,0,84
2022-09-23,"Friuli-Venezia Giulia",6,45.6494354,13.76813649,0,14
2022-09-23,"Lazio",12,41.89277044,12.48366722,0,145
2022-09-23,"Liguria",7,44.41149315,8.9326992,0,18
2022-09-23,"Lombardia",3,45.46679409,9.190347404,1,348
2022-09-23,"Marche",11,43.61675973,13.5188753,0,7
2022-09-23,"Molise",14,41.55774754,14.65916051,0,0
2022-09-23,"Piemonte",1,45.0732745,7.680687483,1,32
2022-09-23,"Puglia",16,41.12559576,16.86736689,0,21
2022-09-23,"Sardegna",20,39.21531192,9.110616306,0,6
2022-09-23,"Sicilia",19,38.11569725,13.3623567,0,11
2022-09-23,"Toscana",9,43.76923077,11.25588885,0,45
2022-09-23,"PA Bolzano",21,46.49933453,11.35662422,0,1
2022-09-23,"PA Trento",22,46.06893511,11.12123097,0,4
2022-09-23,"Umbria",10,43.10675841,12.38824698,0,0
2022-09-23,"Valle d'Aosta",2,45.73750286,7.320149366,0,0
2022-09-23,"Veneto",5,45.43490485,12.33845213,3,62
2022-09-27,"Abruzzo",13,42.35122196,13.39843823,0,4
2022-09-27,"Basilicata",17,40.63947052,15.80514834,0,0
2022-09-27,"Calabria",18,38.90597598,16.59440194,0,0
2022-09-27,"Campania",15,40.83956555,14.25084984,0,40
2022-09-27,"Emilia-Romagna",8,44.49436681,11.3417208,1,85
2022-09-27,"Friuli-Venezia Giulia",6,45.6494354,13.76813649,0,14
2022-09-27,"Lazio",12,41.89277044,12.48366722,1,146
2022-09-27,"Liguria",7,44.41149315,8.9326992,0,18
2022-09-27,"Lombardia",3,45.46679409,9.190347404,0,348
2022-09-27,"Marche",11,43.61675973,13.5188753,0,7
2022-09-27,"Molise",14,41.55774754,14.65916051,0,0
2022-09-27,"Piemonte",1,45.0732745,7.680687483,0,32
2022-09-27,"Puglia",16,41.12559576,16.86736689,0,21
2022-09-27,"Sardegna",20,39.21531192,9.110616306,0,6
2022-09-27,"Sicilia",19,38.11569725,13.3623567,1,12
2022-09-27,"Toscana",9,43.76923077,11.25588885,0,45
2022-09-27,"PA Bolzano",21,46.49933453,11.35662422,0,1
2022-09-27,"PA Trento",22,46.06893511,11.12123097,0,4
2022-09-27,"Umbria",10,43.10675841,12.38824698,0,0
2022-09-27,"Valle d'Aosta",2,45.73750286,7.320149366,0,0
2022-09-27,"Veneto",5,45.43490485,12.33845213,1,63
2022-09-30,"Abruzzo",13,42.35122196,13.39843823,0,4
2022-09-30,"Basilicata",17,40.63947052,15.80514834,0,0
2022-09-30,"Calabria",18,38.90597598,16.59440194,0,0
2022-09-30,"Campania",15,40.83956555,14.25084984,0,40
2022-09-30,"Emilia-Romagna",8,44.49436681,11.3417208,0,85
2022-09-30,"Friuli-Venezia Giulia",6,45.6494354,13.76813649,0,14
2022-09-30,"Lazio",12,41.89277044,12.48366722,4,150
2022-09-30,"Liguria",7,44.41149315,8.9326992,0,18
2022-09-30,"Lombardia",3,45.46679409,9.190347404,0,348
2022-09-30,"Marche",11,43.61675973,13.5188753,0,7
2022-09-30,"Molise",14,41.55774754,14.65916051,0,0
2022-09-30,"Piemonte",1,45.0732745,7.680687483,0,32
2022-09-30,"Puglia",16,41.12559576,16.86736689,0,21
2022-09-30,"Sardegna",20,39.21531192,9.110616306,0,6
2022-09-30,"Sicilia",19,38.11569725,13.3623567,0,12
2022-09-30,"Toscana",9,43.76923077,11.25588885,0,45
2022-09-30,"PA Bolzano",21,46.49933453,11.35662422,0,1
2022-09-30,"PA Trento",22,46.06893511,11.12123097,0,4
2022-09-30,"Umbria",10,43.10675841,12.38824698,0,0
2022-09-30,"Valle d'Aosta",2,45.73750286,7.320149366,0,0
2022-09-30,"Veneto",5,45.43490485,12.33845213,0,63
2022-10-04,"Abruzzo",13,42.35122196,13.39843823,0,4
2022-10-04,"Basilicata",17,40.63947052,15.80514834,0,0
2022-10-04,"Calabria",18,38.90597598,16.59440194,0,0
2022-10-04,"Campania",15,40.83956555,14.25084984,0,40
2022-10-04,"Emilia-Romagna",8,44.49436681,11.3417208,0,85
2022-10-04,"Friuli-Venezia Giulia",6,45.6494354,13.76813649,0,14
2022-10-04,"Lazio",12,41.89277044,12.48366722,0,150
2022-10-04,"Liguria",7,44.41149315,8.9326992,0,18
2022-10-04,"Lombardia",3,45.46679409,9.190347404,0,348
2022-10-04,"Marche",11,43.61675973,13.5188753,0,7
2022-10-04,"Molise",14,41.55774754,14.65916051,0,0
2022-10-04,"Piemonte",1,45.0732745,7.680687483,0,32
2022-10-04,"Puglia",16,41.12559576,16.86736689,0,21
2022-10-04,"Sardegna",20,39.21531192,9.110616306,0,6
2022-10-04,"Sicilia",19,38.11569725,13.3623567,1,13
2022-10-04,"Toscana",9,43.76923077,11.25588885,0,45
2022-10-04,"PA Bolzano",21,46.49933453,11.35662422,0,1
2022-10-04,"PA Trento",22,46.06893511,11.12123097,0,4
2022-10-04,"Umbria",10,43.10675841,12.38824698,0,0
2022-10-04,"Valle d'Aosta",2,45.73750286,7.320149366,0,0
2022-10-04,"Veneto",5,45.43490485,12.33845213,0,63
2022-10-07,"Abruzzo",13,42.35122196,13.39843823,0,4
2022-10-07,"Basilicata",17,40.63947052,15.80514834,0,0
2022-10-07,"Calabria",18,38.90597598,16.59440194,0,0
2022-10-07,"Campania",15,40.83956555,14.25084984,0,40
2022-10-07,"Emilia-Romagna",8,44.49436681,11.3417208,0,85
2022-10-07,"Friuli-Venezia Giulia",6,45.6494354,13.76813649,0,14
2022-10-07,"Lazio",12,41.89277044,12.48366722,1,151
2022-10-07,"Liguria",7,44.41149315,8.9326992,0,18
2022-10-07,"Lombardia",3,45.46679409,9.190347404,2,350
2022-10-07,"Marche",11,43.61675973,13.5188753,0,7
2022-10-07,"Molise",14,41.55774754,14.65916051,0,0
2022-10-07,"Piemonte",1,45.0732745,7.680687483,0,32
2022-10-07,"Puglia",16,41.12559576,16.86736689,0,21
2022-10-07,"Sardegna",20,39.21531192,9.110616306,0,6
2022-10-07,"Sicilia",19,38.11569725,13.3623567,1,13
2022-10-07,"Toscana",9,43.76923077,11.25588885,0,45
2022-10-07,"PA Bolzano",21,46.49933453,11.35662422,0,1
2022-10-07,"PA Trento",22,46.06893511,11.12123097,0,4
2022-10-07,"Umbria",10,43.10675841,12.38824698,0,0
2022-10-07,"Valle d'Aosta",2,45.73750286,7.320149366,0,0
2022-10-07,"Veneto",5,45.43490485,12.33845213,0,63
2022-10-11,"Abruzzo",13,42.35122196,13.39843823,0,4
2022-10-11,"Basilicata",17,40.63947052,15.80514834,0,0
2022-10-11,"Calabria",18,38.90597598,16.59440194,0,0
2022-10-11,"Campania",15,40.83956555,14.25084984,0,40
2022-10-11,"Emilia-Romagna",8,44.49436681,11.3417208,0,85
2022-10-11,"Friuli-Venezia Giulia",6,45.6494354,13.76813649,0,14
2022-10-11,"Lazio",12,41.89277044,12.48366722,0,151
2022-10-11,"Liguria",7,44.41149315,8.9326992,0,18
2022-10-11,"Lombardia",3,45.46679409,9.190347404,0,350
2022-10-11,"Marche",11,43.61675973,13.5188753,0,7
2022-10-11,"Molise",14,41.55774754,14.65916051,0,0
2022-10-11,"Piemonte",1,45.0732745,7.680687483,0,32
2022-10-11,"Puglia",16,41.12559576,16.86736689,0,21
2022-10-11,"Sardegna",20,39.21531192,9.110616306,0,6
2022-10-11,"Sicilia",19,38.11569725,13.3623567,2,15
2022-10-11,"Toscana",9,43.76923077,11.25588885,0,45
2022-10-11,"PA Bolzano",21,46.49933453,11.35662422,0,1
2022-10-11,"PA Trento",22,46.06893511,11.12123097,0,4
2022-10-11,"Umbria",10,43.10675841,12.38824698,0,0
2022-10-11,"Valle d'Aosta",2,45.73750286,7.320149366,0,0
2022-10-11,"Veneto",5,45.43490485,12.33845213,0,63
2022-10-14,"Abruzzo",13,42.35122196,13.39843823,0,4
2022-10-14,"Basilicata",17,40.63947052,15.80514834,0,0
2022-10-14,"Calabria",18,38.90597598,16.59440194,0,0
2022-10-14,"Campania",15,40.83956555,14.25084984,6,46
2022-10-14,"Emilia-Romagna",8,44.49436681,11.3417208,3,88
2022-10-14,"Friuli-Venezia Giulia",6,45.6494354,13.76813649,0,14
2022-10-14,"Lazio",12,41.89277044,12.48366722,1,152
2022-10-14,"Liguria",7,44.41149315,8.9326992,8,26
2022-10-14,"Lombardia",3,45.46679409,9.190347404,4,354
2022-10-14,"Marche",11,43.61675973,13.5188753,0,7
2022-10-14,"Molise",14,41.55774754,14.65916051,0,0
2022-10-14,"Piemonte",1,45.0732745,7.680687483,1,33
2022-10-14,"Puglia",16,41.12559576,16.86736689,0,21
2022-10-14,"Sardegna",20,39.21531192,9.110616306,0,6
2022-10-14,"Sicilia",19,38.11569725,13.3623567,0,15
2022-10-14,"Toscana",9,43.76923077,11.25588885,2,47
2022-10-14,"PA Bolzano",21,46.49933453,11.35662422,0,1
2022-10-14,"PA Trento",22,46.06893511,11.12123097,0,4
2022-10-14,"Umbria",10,43.10675841,12.38824698,0,0
2022-10-14,"Valle d'Aosta",2,45.73750286,7.320149366,0,0
2022-10-14,"Veneto",5,45.43490485,12.33845213,0,63
2022-10-18,"Abruzzo",13,42.35122196,13.39843823,0,4
2022-10-18,"Basilicata",17,40.63947052,15.80514834,0,0
2022-10-18,"Calabria",18,38.90597598,16.59440194,0,0
2022-10-18,"Campania",15,40.83956555,14.25084984,0,46
2022-10-18,"Emilia-Romagna",8,44.49436681,11.3417208,1,89
2022-10-18,"Friuli-Venezia Giulia",6,45.6494354,13.76813649,0,14
2022-10-18,"Lazio",12,41.89277044,12.48366722,2,154
2022-10-18,"Liguria",7,44.41149315,8.9326992,0,26
2022-10-18,"Lombardia",3,45.46679409,9.190347404,2,356
2022-10-18,"Marche",11,43.61675973,13.5188753,0,7
2022-10-18,"Molise",14,41.55774754,14.65916051,0,0
2022-10-18,"Piemonte",1,45.0732745,7.680687483,0,33
2022-10-18,"Puglia",16,41.12559576,16.86736689,0,21
2022-10-18,"Sardegna",20,39.21531192,9.110616306,0,6
2022-10-18,"Sicilia",19,38.11569725,13.3623567,0,15
2022-10-18,"Toscana",9,43.76923077,11.25588885,0,47
2022-10-18,"PA Bolzano",21,46.49933453,11.35662422,0,1
2022-10-18,"PA Trento",22,46.06893511,11.12123097,0,4
2022-10-18,"Umbria",10,43.10675841,12.38824698,0,0
2022-10-18,"Valle d'Aosta",2,45.73750286,7.320149366,0,0
2022-10-18,"Veneto",5,45.43490485,12.33845213,2,65
2022-10-21,"Abruzzo",13,42.35122196,13.39843823,0,4
2022-10-21,"Basilicata",17,40.63947052,15.80514834,0,0
2022-10-21,"Calabria",18,38.90597598,16.59440194,0,0
2022-10-21,"Campania",15,40.83956555,14.25084984,0,46
2022-10-21,"Emilia-Romagna",8,44.49436681,11.3417208,0,89
2022-10-21,"Friuli-Venezia Giulia",6,45.6494354,13.76813649,0,14
2022-10-21,"Lazio",12,41.89277044,12.48366722,1,155
2022-10-21,"Liguria",7,44.41149315,8.9326992,0,26
2022-10-21,"Lombardia",3,45.46679409,9.190347404,1,357
2022-10-21,"Marche",11,43.61675973,13.5188753,0,7
2022-10-21,"Molise",14,41.55774754,14.65916051,0,0
2022-10-21,"Piemonte",1,45.0732745,7.680687483,0,33
2022-10-21,"Puglia",16,41.12559576,16.86736689,0,21
2022-10-21,"Sardegna",20,39.21531192,9.110616306,0,6
2022-10-21,"Sicilia",19,38.11569725,13.3623567,0,15
2022-10-21,"Toscana",9,43.76923077,11.25588885,0,47
2022-10-21,"PA Bolzano",21,46.49933453,11.35662422,0,1
2022-10-21,"PA Trento",22,46.06893511,11.12123097,0,4
2022-10-21,"Umbria",10,43.10675841,12.38824698,0,0
2022-10-21,"Valle d'Aosta",2,45.73750286,7.320149366,0,0
2022-10-21,"Veneto",5,45.43490485,12.33845213,0,65
2022-10-25,"Abruzzo",13,42.35122196,13.39843823,0,4
2022-10-25,"Basilicata",17,40.63947052,15.80514834,0,0
2022-10-25,"Calabria",18,38.90597598,16.59440194,0,0
2022-10-25,"Campania",15,40.83956555,14.25084984,0,46
2022-10-25,"Emilia-Romagna",8,44.49436681,11.3417208,0,89
2022-10-25,"Friuli-Venezia Giulia",6,45.6494354,13.76813649,0,14
2022-10-25,"Lazio",12,41.89277044,12.48366722,0,155
2022-10-25,"Liguria",7,44.41149315,8.9326992,0,26
2022-10-25,"Lombardia",3,45.46679409,9.190347404,0,357
2022-10-25,"Marche",11,43.61675973,13.5188753,0,7
2022-10-25,"Molise",14,41.55774754,14.65916051,0,0
2022-10-25,"Piemonte",1,45.0732745,7.680687483,0,33
2022-10-25,"Puglia",16,41.12559576,16.86736689,0,21
2022-10-25,"Sardegna",20,39.21531192,9.110616306,0,6
2022-10-25,"Sicilia",19,38.11569725,13.3623567,0,15
2022-10-25,"Toscana",9,43.76923077,11.25588885,0,47
2022-10-25,"PA Bolzano",21,46.49933453,11.35662422,0,1
2022-10-25,"PA Trento",22,46.06893511,11.12123097,0,4
2022-10-25,"Umbria",10,43.10675841,12.38824698,0,0
2022-10-25,"Valle d'Aosta",2,45.73750286,7.320149366,0,0
2022-10-25,"Veneto",5,45.43490485,12.33845213,0,65
2022-10-28,"Abruzzo",13,42.35122196,13.39843823,0,4
2022-10-28,"Basilicata",17,40.63947052,15.80514834,0,0
2022-10-28,"Calabria",18,38.90597598,16.59440194,0,0
2022-10-28,"Campania",15,40.83956555,14.25084984,0,46
2022-10-28,"Emilia-Romagna",8,44.49436681,11.3417208,0,89
2022-10-28,"Friuli-Venezia Giulia",6,45.6494354,13.76813649,0,14
2022-10-28,"Lazio",12,41.89277044,12.48366722,0,155
2022-10-28,"Liguria",7,44.41149315,8.9326992,0,26
2022-10-28,"Lombardia",3,45.46679409,9.190347404,4,361
2022-10-28,"Marche",11,43.61675973,13.5188753,0,7
2022-10-28,"Molise",14,41.55774754,14.65916051,0,0
2022-10-28,"Piemonte",1,45.0732745,7.680687483,0,33
2022-10-28,"Puglia",16,41.12559576,16.86736689,0,21
2022-10-28,"Sardegna",20,39.21531192,9.110616306,0,6
2022-10-28,"Sicilia",19,38.11569725,13.3623567,0,15
2022-10-28,"Toscana",9,43.76923077,11.25588885,0,47
2022-10-28,"PA Bolzano",21,46.49933453,11.35662422,0,1
2022-10-28,"PA Trento",22,46.06893511,11.12123097,0,4
2022-10-28,"Umbria",10,43.10675841,12.38824698,0,0
2022-10-28,"Valle d'Aosta",2,45.73750286,7.320149366,0,0
2022-10-28,"Veneto",5,45.43490485,12.33845213,0,65
2022-11-01,"Abruzzo",13,42.35122196,13.39843823,0,4
2022-11-01,"Basilicata",17,40.63947052,15.80514834,0,0
2022-11-01,"Calabria",18,38.90597598,16.59440194,0,0
2022-11-01,"Campania",15,40.83956555,14.25084984,0,46
2022-11-01,"Emilia-Romagna",8,44.49436681,11.3417208,0,89
2022-11-01,"Friuli-Venezia Giulia",6,45.6494354,13.76813649,0,14
2022-11-01,"Lazio",12,41.89277044,12.48366722,0,155
2022-11-01,"Liguria",7,44.41149315,8.9326992,0,26
2022-11-01,"Lombardia",3,45.46679409,9.190347404,2,363
2022-11-01,"Marche",11,43.61675973,13.5188753,0,7
2022-11-01,"Molise",14,41.55774754,14.65916051,0,0
2022-11-01,"Piemonte",1,45.0732745,7.680687483,0,33
2022-11-01,"Puglia",16,41.12559576,16.86736689,0,21
2022-11-01,"Sardegna",20,39.21531192,9.110616306,0,6
2022-11-01,"Sicilia",19,38.11569725,13.3623567,0,15
2022-11-01,"Toscana",9,43.76923077,11.25588885,0,47
2022-11-01,"PA Bolzano",21,46.49933453,11.35662422,0,1
2022-11-01,"PA Trento",22,46.06893511,11.12123097,0,4
2022-11-01,"Umbria",10,43.10675841,12.38824698,0,0
2022-11-01,"Valle d'Aosta",2,45.73750286,7.320149366,0,0
2022-11-01,"Veneto",5,45.43490485,12.33845213,0,65
2022-11-04,"Abruzzo",13,42.35122196,13.39843823,0,4
2022-11-04,"Basilicata",17,40.63947052,15.80514834,0,0
2022-11-04,"Calabria",18,38.90597598,16.59440194,0,0
2022-11-04,"Campania",15,40.83956555,14.25084984,0,46
2022-11-04,"Emilia-Romagna",8,44.49436681,11.3417208,0,89
2022-11-04,"Friuli-Venezia Giulia",6,45.6494354,13.76813649,0,14
2022-11-04,"Lazio",12,41.89277044,12.48366722,0,155
2022-11-04,"Liguria",7,44.41149315,8.9326992,0,26
2022-11-04,"Lombardia",3,45.46679409,9.190347404,2,365
2022-11-04,"Marche",11,43.61675973,13.5188753,0,7
2022-11-04,"Molise",14,41.55774754,14.65916051,0,0
2022-11-04,"Piemonte",1,45.0732745,7.680687483,0,33
2022-11-04,"Puglia",16,41.12559576,16.86736689,0,21
2022-11-04,"Sardegna",20,39.21531192,9.110616306,0,6
2022-11-04,"Sicilia",19,38.11569725,13.3623567,0,15
2022-11-04,"Toscana",9,43.76923077,11.25588885,0,47
2022-11-04,"PA Bolzano",21,46.49933453,11.35662422,0,1
2022-11-04,"PA Trento",22,46.06893511,11.12123097,0,4
2022-11-04,"Umbria",10,43.10675841,12.38824698,0,0
2022-11-04,"Valle d'Aosta",2,45.73750286,7.320149366,0,0
2022-11-04,"Veneto",5,45.43490485,12.33845213,0,65
2022-11-08,"Abruzzo",13,42.35122196,13.39843823,0,4
2022-11-08,"Basilicata",17,40.63947052,15.80514834,0,0
2022-11-08,"Calabria",18,38.90597598,16.59440194,0,0
2022-11-08,"Campania",15,40.83956555,14.25084984,1,47
2022-11-08,"Emilia-Romagna",8,44.49436681,11.3417208,0,89
2022-11-08,"Friuli-Venezia Giulia",6,45.6494354,13.76813649,0,14
2022-11-08,"Lazio",12,41.89277044,12.48366722,0,155
2022-11-08,"Liguria",7,44.41149315,8.9326992,0,26
2022-11-08,"Lombardia",3,45.46679409,9.190347404,15,380
2022-11-08,"Marche",11,43.61675973,13.5188753,0,7
2022-11-08,"Molise",14,41.55774754,14.65916051,0,0
2022-11-08,"Piemonte",1,45.0732745,7.680687483,0,33
2022-11-08,"Puglia",16,41.12559576,16.86736689,0,21
2022-11-08,"Sardegna",20,39.21531192,9.110616306,0,6
2022-11-08,"Sicilia",19,38.11569725,13.3623567,0,15
2022-11-08,"Toscana",9,43.76923077,11.25588885,0,47
2022-11-08,"PA Bolzano",21,46.49933453,11.35662422,0,1
2022-11-08,"PA Trento",22,46.06893511,11.12123097,0,4
2022-11-08,"Umbria",10,43.10675841,12.38824698,0,0
2022-11-08,"Valle d'Aosta",2,45.73750286,7.320149366,0,0
2022-11-08,"Veneto",5,45.43490485,12.33845213,0,65
2022-11-11,"Abruzzo",13,42.35122196,13.39843823,0,4
2022-11-11,"Basilicata",17,40.63947052,15.80514834,0,0
2022-11-11,"Calabria",18,38.90597598,16.59440194,0,0
2022-11-11,"Campania",15,40.83956555,14.25084984,0,47
2022-11-11,"Emilia-Romagna",8,44.49436681,11.3417208,0,89
2022-11-11,"Friuli-Venezia Giulia",6,45.6494354,13.76813649,0,14
2022-11-11,"Lazio",12,41.89277044,12.48366722,1,156
2022-11-11,"Liguria",7,44.41149315,8.9326992,0,26
2022-11-11,"Lombardia",3,45.46679409,9.190347404,0,380
2022-11-11,"Marche",11,43.61675973,13.5188753,0,7
2022-11-11,"Molise",14,41.55774754,14.65916051,0,0
2022-11-11,"Piemonte",1,45.0732745,7.680687483,0,33
2022-11-11,"Puglia",16,41.12559576,16.86736689,0,21
2022-11-11,"Sardegna",20,39.21531192,9.110616306,0,6
2022-11-11,"Sicilia",19,38.11569725,13.3623567,0,15
2022-11-11,"Toscana",9,43.76923077,11.25588885,0,47
2022-11-11,"PA Bolzano",21,46.49933453,11.35662422,0,1
2022-11-11,"PA Trento",22,46.06893511,11.12123097,0,4
2022-11-11,"Umbria",10,43.10675841,12.38824698,0,0
2022-11-11,"Valle d'Aosta",2,45.73750286,7.320149366,0,0
2022-11-11,"Veneto",5,45.43490485,12.33845213,0,65
2022-11-15,"Abruzzo",13,42.35122196,13.39843823,0,4
2022-11-15,"Basilicata",17,40.63947052,15.80514834,0,0
2022-11-15,"Calabria",18,38.90597598,16.59440194,0,0
2022-11-15,"Campania",15,40.83956555,14.25084984,0,47
2022-11-15,"Emilia-Romagna",8,44.49436681,11.3417208,0,89
2022-11-15,"Friuli-Venezia Giulia",6,45.6494354,13.76813649,0,14
2022-11-15,"Lazio",12,41.89277044,12.48366722,0,156
2022-11-15,"Liguria",7,44.41149315,8.9326992,0,26
2022-11-15,"Lombardia",3,45.46679409,9.190347404,0,380
2022-11-15,"Marche",11,43.61675973,13.5188753,0,7
2022-11-15,"Molise",14,41.55774754,14.65916051,0,0
2022-11-15,"Piemonte",1,45.0732745,7.680687483,0,33
2022-11-15,"Puglia",16,41.12559576,16.86736689,0,21
2022-11-15,"Sardegna",20,39.21531192,9.110616306,0,6
2022-11-15,"Sicilia",19,38.11569725,13.3623567,0,15
2022-11-15,"Toscana",9,43.76923077,11.25588885,0,47
2022-11-15,"PA Bolzano",21,46.49933453,11.35662422,0,1
2022-11-15,"PA Trento",22,46.06893511,11.12123097,0,4
2022-11-15,"Umbria",10,43.10675841,12.38824698,0,0
2022-11-15,"Valle d'Aosta",2,45.73750286,7.320149366,0,0
2022-11-15,"Veneto",5,45.43490485,12.33845213,0,65
2022-11-18,"Abruzzo",13,42.35122196,13.39843823,0,4
2022-11-18,"Basilicata",17,40.63947052,15.80514834,0,0
2022-11-18,"Calabria",18,38.90597598,16.59440194,0,0
2022-11-18,"Campania",15,40.83956555,14.25084984,0,47
2022-11-18,"Emilia-Romagna",8,44.49436681,11.3417208,0,89
2022-11-18,"Friuli-Venezia Giulia",6,45.6494354,13.76813649,0,14
2022-11-18,"Lazio",12,41.89277044,12.48366722,1,157
2022-11-18,"Liguria",7,44.41149315,8.9326992,0,26
2022-11-18,"Lombardia",3,45.46679409,9.190347404,1,381
2022-11-18,"Marche",11,43.61675973,13.5188753,0,7
2022-11-18,"Molise",14,41.55774754,14.65916051,0,0
2022-11-18,"Piemonte",1,45.0732745,7.680687483,0,33
2022-11-18,"Puglia",16,41.12559576,16.86736689,0,21
2022-11-18,"Sardegna",20,39.21531192,9.110616306,0,6
2022-11-18,"Sicilia",19,38.11569725,13.3623567,0,15
2022-11-18,"Toscana",9,43.76923077,11.25588885,0,47
2022-11-18,"PA Bolzano",21,46.49933453,11.35662422,0,1
2022-11-18,"PA Trento",22,46.06893511,11.12123097,0,4
2022-11-18,"Umbria",10,43.10675841,12.38824698,0,0
2022-11-18,"Valle d'Aosta",2,45.73750286,7.320149366,0,0
2022-11-18,"Veneto",5,45.43490485,12.33845213,0,65
2022-11-22,"Abruzzo",13,42.35122196,13.39843823,0,4
2022-11-22,"Basilicata",17,40.63947052,15.80514834,0,0
2022-11-22,"Calabria",18,38.90597598,16.59440194,0,0
2022-11-22,"Campania",15,40.83956555,14.25084984,0,47
2022-11-22,"Emilia-Romagna",8,44.49436681,11.3417208,0,89
2022-11-22,"Friuli-Venezia Giulia",6,45.6494354,13.76813649,0,14
2022-11-22,"Lazio",12,41.89277044,12.48366722,0,157
2022-11-22,"Liguria",7,44.41149315,8.9326992,0,26
2022-11-22,"Lombardia",3,45.46679409,9.190347404,0,381
2022-11-22,"Marche",11,43.61675973,13.5188753,0,7
2022-11-22,"Molise",14,41.55774754,14.65916051,0,0
2022-11-22,"Piemonte",1,45.0732745,7.680687483,0,33
2022-11-22,"Puglia",16,41.12559576,16.86736689,0,21
2022-11-22,"Sardegna",20,39.21531192,9.110616306,0,6
2022-11-22,"Sicilia",19,38.11569725,13.3623567,0,15
2022-11-22,"Toscana",9,43.76923077,11.25588885,0,47
2022-11-22,"PA Bolzano",21,46.49933453,11.35662422,0,1
2022-11-22,"PA Trento",22,46.06893511,11.12123097,0,4
2022-11-22,"Umbria",10,43.10675841,12.38824698,0,0
2022-11-22,"Valle d'Aosta",2,45.73750286,7.320149366,0,0
2022-11-22,"Veneto",5,45.43490485,12.33845213,0,65
2022-11-25,"Abruzzo",13,42.35122196,13.39843823,0,4
2022-11-25,"Basilicata",17,40.63947052,15.80514834,0,0
2022-11-25,"Calabria",18,38.90597598,16.59440194,0,0
2022-11-25,"Campania",15,40.83956555,14.25084984,0,47
2022-11-25,"Emilia-Romagna",8,44.49436681,11.3417208,0,89
2022-11-25,"Friuli-Venezia Giulia",6,45.6494354,13.76813649,0,14
2022-11-25,"Lazio",12,41.89277044,12.48366722,0,157
2022-11-25,"Liguria",7,44.41149315,8.9326992,0,26
2022-11-25,"Lombardia",3,45.46679409,9.190347404,0,381
2022-11-25,"Marche",11,43.61675973,13.5188753,0,7
2022-11-25,"Molise",14,41.55774754,14.65916051,0,0
2022-11-25,"Piemonte",1,45.0732745,7.680687483,1,34
2022-11-25,"Puglia",16,41.12559576,16.86736689,0,21
2022-11-25,"Sardegna",20,39.21531192,9.110616306,0,6
2022-11-25,"Sicilia",19,38.11569725,13.3623567,0,15
2022-11-25,"Toscana",9,43.76923077,11.25588885,0,47
2022-11-25,"PA Bolzano",21,46.49933453,11.35662422,0,1
2022-11-25,"PA Trento",22,46.06893511,11.12123097,0,4
2022-11-25,"Umbria",10,43.10675841,12.38824698,0,0
2022-11-25,"Valle d'Aosta",2,45.73750286,7.320149366,0,0
2022-11-25,"Veneto",5,45.43490485,12.33845213,0,65
2022-11-29,"Abruzzo",13,42.35122196,13.39843823,1,5
2022-11-29,"Basilicata",17,40.63947052,15.80514834,0,0
2022-11-29,"Calabria",18,38.90597598,16.59440194,0,0
2022-11-29,"Campania",15,40.83956555,14.25084984,0,47
2022-11-29,"Emilia-Romagna",8,44.49436681,11.3417208,0,89
2022-11-29,"Friuli-Venezia Giulia",6,45.6494354,13.76813649,0,14
2022-11-29,"Lazio",12,41.89277044,12.48366722,0,157
2022-11-29,"Liguria",7,44.41149315,8.9326992,0,26
2022-11-29,"Lombardia",3,45.46679409,9.190347404,0,381
2022-11-29,"Marche",11,43.61675973,13.5188753,0,7
2022-11-29,"Molise",14,41.55774754,14.65916051,0,0
2022-11-29,"Piemonte",1,45.0732745,7.680687483,0,34
2022-11-29,"Puglia",16,41.12559576,16.86736689,0,21
2022-11-29,"Sardegna",20,39.21531192,9.110616306,0,6
2022-11-29,"Sicilia",19,38.11569725,13.3623567,1,16
2022-11-29,"Toscana",9,43.76923077,11.25588885,0,47
2022-11-29,"PA Bolzano",21,46.49933453,11.35662422,0,1
2022-11-29,"PA Trento",22,46.06893511,11.12123097,0,4
2022-11-29,"Umbria",10,43.10675841,12.38824698,0,0
2022-11-29,"Valle d'Aosta",2,45.73750286,7.320149366,0,0
2022-11-29,"Veneto",5,45.43490485,12.33845213,0,65
2022-12-02,"Abruzzo",13,42.35122196,13.39843823,0,5
2022-12-02,"Basilicata",17,40.63947052,15.80514834,0,0
2022-12-02,"Calabria",18,38.90597598,16.59440194,0,0
2022-12-02,"Campania",15,40.83956555,14.25084984,0,47
2022-12-02,"Emilia-Romagna",8,44.49436681,11.3417208,0,89
2022-12-02,"Friuli-Venezia Giulia",6,45.6494354,13.76813649,0,14
2022-12-02,"Lazio",12,41.89277044,12.48366722,0,157
2022-12-02,"Liguria",7,44.41149315,8.9326992,0,26
2022-12-02,"Lombardia",3,45.46679409,9.190347404,1,382
2022-12-02,"Marche",11,43.61675973,13.5188753,0,7
2022-12-02,"Molise",14,41.55774754,14.65916051,0,0
2022-12-02,"Piemonte",1,45.0732745,7.680687483,0,34
2022-12-02,"Puglia",16,41.12559576,16.86736689,0,21
2022-12-02,"Sardegna",20,39.21531192,9.110616306,0,6
2022-12-02,"Sicilia",19,38.11569725,13.3623567,0,16
2022-12-02,"Toscana",9,43.76923077,11.25588885,0,47
2022-12-02,"PA Bolzano",21,46.49933453,11.35662422,0,1
2022-12-02,"PA Trento",22,46.06893511,11.12123097,0,4
2022-12-02,"Umbria",10,43.10675841,12.38824698,0,0
2022-12-02,"Valle d'Aosta",2,45.73750286,7.320149366,0,0
2022-12-02,"Veneto",5,45.43490485,12.33845213,0,65
2022-12-06,"Abruzzo",13,42.35122196,13.39843823,0,5
2022-12-06,"Basilicata",17,40.63947052,15.80514834,0,0
2022-12-06,"Calabria",18,38.90597598,16.59440194,0,0
2022-12-06,"Campania",15,40.83956555,14.25084984,0,47
2022-12-06,"Emilia-Romagna",8,44.49436681,11.3417208,0,89
2022-12-06,"Friuli-Venezia Giulia",6,45.6494354,13.76813649,0,14
2022-12-06,"Lazio",12,41.89277044,12.48366722,0,157
2022-12-06,"Liguria",7,44.41149315,8.9326992,0,26
2022-12-06,"Lombardia",3,45.46679409,9.190347404,2,384
2022-12-06,"Marche",11,43.61675973,13.5188753,0,7
2022-12-06,"Molise",14,41.55774754,14.65916051,0,0
2022-12-06,"Piemonte",1,45.0732745,7.680687483,0,34
2022-12-06,"Puglia",16,41.12559576,16.86736689,0,21
2022-12-06,"Sardegna",20,39.21531192,9.110616306,0,6
2022-12-06,"Sicilia",19,38.11569725,13.3623567,0,16
2022-12-06,"Toscana",9,43.76923077,11.25588885,0,47
2022-12-06,"PA Bolzano",21,46.49933453,11.35662422,0,1
2022-12-06,"PA Trento",22,46.06893511,11.12123097,0,4
2022-12-06,"Umbria",10,43.10675841,12.38824698,0,0
2022-12-06,"Valle d'Aosta",2,45.73750286,7.320149366,0,0
2022-12-06,"Veneto",5,45.43490485,12.33845213,0,65
2022-12-09,"Abruzzo",13,42.35122196,13.39843823,0,5
2022-12-09,"Basilicata",17,40.63947052,15.80514834,0,0
2022-12-09,"Calabria",18,38.90597598,16.59440194,0,0
2022-12-09,"Campania",15,40.83956555,14.25084984,0,47
2022-12-09,"Emilia-Romagna",8,44.49436681,11.3417208,0,89
2022-12-09,"Friuli-Venezia Giulia",6,45.6494354,13.76813649,0,14
2022-12-09,"Lazio",12,41.89277044,12.48366722,0,157
2022-12-09,"Liguria",7,44.41149315,8.9326992,0,26
2022-12-09,"Lombardia",3,45.46679409,9.190347404,4,388
2022-12-09,"Marche",11,43.61675973,13.5188753,0,7
2022-12-09,"Molise",14,41.55774754,14.65916051,0,0
2022-12-09,"Piemonte",1,45.0732745,7.680687483,0,34
2022-12-09,"Puglia",16,41.12559576,16.86736689,0,21
2022-12-09,"Sardegna",20,39.21531192,9.110616306,0,6
2022-12-09,"Sicilia",19,38.11569725,13.3623567,0,16
2022-12-09,"Toscana",9,43.76923077,11.25588885,0,47
2022-12-09,"PA Bolzano",21,46.49933453,11.35662422,0,1
2022-12-09,"PA Trento",22,46.06893511,11.12123097,0,4
2022-12-09,"Umbria",10,43.10675841,12.38824698,0,0
2022-12-09,"Valle d'Aosta",2,45.73750286,7.320149366,0,0
2022-12-09,"Veneto",5,45.43490485,12.33845213,0,65
2022-12-13,"Abruzzo",13,42.35122196,13.39843823,0,5
2022-12-13,"Basilicata",17,40.63947052,15.80514834,0,0
2022-12-13,"Calabria",18,38.90597598,16.59440194,0,0
2022-12-13,"Campania",15,40.83956555,14.25084984,0,47
2022-12-13,"Emilia-Romagna",8,44.49436681,11.3417208,0,89
2022-12-13,"Friuli-Venezia Giulia",6,45.6494354,13.76813649,0,14
2022-12-13,"Lazio",12,41.89277044,12.48366722,0,157
2022-12-13,"Liguria",7,44.41149315,8.9326992,0,26
2022-12-13,"Lombardia",3,45.46679409,9.190347404,0,388
2022-12-13,"Marche",11,43.61675973,13.5188753,0,7
2022-12-13,"Molise",14,41.55774754,14.65916051,0,0
2022-12-13,"Piemonte",1,45.0732745,7.680687483,0,34
2022-12-13,"Puglia",16,41.12559576,16.86736689,0,21
2022-12-13,"Sardegna",20,39.21531192,9.110616306,0,6
2022-12-13,"Sicilia",19,38.11569725,13.3623567,0,16
2022-12-13,"Toscana",9,43.76923077,11.25588885,0,47
2022-12-13,"PA Bolzano",21,46.49933453,11.35662422,0,1
2022-12-13,"PA Trento",22,46.06893511,11.12123097,0,4
2022-12-13,"Umbria",10,43.10675841,12.38824698,0,0
2022-12-13,"Valle d'Aosta",2,45.73750286,7.320149366,0,0
2022-12-13,"Veneto",5,45.43490485,12.33845213,0,65
2022-12-16,"Abruzzo",13,42.35122196,13.39843823,0,5
2022-12-16,"Basilicata",17,40.63947052,15.80514834,0,0
2022-12-16,"Calabria",18,38.90597598,16.59440194,0,0
2022-12-16,"Campania",15,40.83956555,14.25084984,0,47
2022-12-16,"Emilia-Romagna",8,44.49436681,11.3417208,0,89
2022-12-16,"Friuli-Venezia Giulia",6,45.6494354,13.76813649,0,14
2022-12-16,"Lazio",12,41.89277044,12.48366722,3,160
2022-12-16,"Liguria",7,44.41149315,8.9326992,0,26
2022-12-16,"Lombardia",3,45.46679409,9.190347404,2,390
2022-12-16,"Marche",11,43.61675973,13.5188753,0,7
2022-12-16,"Molise",14,41.55774754,14.65916051,0,0
2022-12-16,"Piemonte",1,45.0732745,7.680687483,0,34
2022-12-16,"Puglia",16,41.12559576,16.86736689,0,21
2022-12-16,"Sardegna",20,39.21531192,9.110616306,0,6
2022-12-16,"Sicilia",19,38.11569725,13.3623567,0,16
2022-12-16,"Toscana",9,43.76923077,11.25588885,0,47
2022-12-16,"PA Bolzano",21,46.49933453,11.35662422,0,1
2022-12-16,"PA Trento",22,46.06893511,11.12123097,0,4
2022-12-16,"Umbria",10,43.10675841,12.38824698,0,0
2022-12-16,"Valle d'Aosta",2,45.73750286,7.320149366,0,0
2022-12-16,"Veneto",5,45.43490485,12.33845213,0,65
2022-12-20,"Abruzzo",13,42.35122196,13.39843823,0,5
2022-12-20,"Basilicata",17,40.63947052,15.80514834,0,0
2022-12-20,"Calabria",18,38.90597598,16.59440194,0,0
2022-12-20,"Campania",15,40.83956555,14.25084984,0,47
2022-12-20,"Emilia-Romagna",8,44.49436681,11.3417208,0,89
2022-12-20,"Friuli-Venezia Giulia",6,45.6494354,13.76813649,0,14
2022-12-20,"Lazio",12,41.89277044,12.48366722,1,161
2022-12-20,"Liguria",7,44.41149315,8.9326992,0,26
2022-12-20,"Lombardia",3,45.46679409,9.190347404,3,393
2022-12-20,"Marche",11,43.61675973,13.5188753,0,7
2022-12-20,"Molise",14,41.55774754,14.65916051,0,0
2022-12-20,"Piemonte",1,45.0732745,7.680687483,0,34
2022-12-20,"Puglia",16,41.12559576,16.86736689,0,21
2022-12-20,"Sardegna",20,39.21531192,9.110616306,0,6
2022-12-20,"Sicilia",19,38.11569725,13.3623567,0,16
2022-12-20,"Toscana",9,43.76923077,11.25588885,0,47
2022-12-20,"PA Bolzano",21,46.49933453,11.35662422,0,1
2022-12-20,"PA Trento",22,46.06893511,11.12123097,0,4
2022-12-20,"Umbria",10,43.10675841,12.38824698,0,0
2022-12-20,"Valle d'Aosta",2,45.73750286,7.320149366,0,0
2022-12-20,"Veneto",5,45.43490485,12.33845213,0,65
2022-12-23,"Abruzzo",13,42.35122196,13.39843823,0,5
2022-12-23,"Basilicata",17,40.63947052,15.80514834,0,0
2022-12-23,"Calabria",18,38.90597598,16.59440194,0,0
2022-12-23,"Campania",15,40.83956555,14.25084984,0,47
2022-12-23,"Emilia-Romagna",8,44.49436681,11.3417208,0,89
2022-12-23,"Friuli-Venezia Giulia",6,45.6494354,13.76813649,0,14
2022-12-23,"Lazio",12,41.89277044,12.48366722,1,162
2022-12-23,"Liguria",7,44.41149315,8.9326992,0,26
2022-12-23,"Lombardia",3,45.46679409,9.190347404,1,394
2022-12-23,"Marche",11,43.61675973,13.5188753,0,7
2022-12-23,"Molise",14,41.55774754,14.65916051,0,0
2022-12-23,"Piemonte",1,45.0732745,7.680687483,0,34
2022-12-23,"Puglia",16,41.12559576,16.86736689,0,21
2022-12-23,"Sardegna",20,39.21531192,9.110616306,0,6
2022-12-23,"Sicilia",19,38.11569725,13.3623567,0,16
2022-12-23,"Toscana",9,43.76923077,11.25588885,0,47
2022-12-23,"PA Bolzano",21,46.49933453,11.35662422,0,1
2022-12-23,"PA Trento",22,46.06893511,11.12123097,0,4
2022-12-23,"Umbria",10,43.10675841,12.38824698,0,0
2022-12-23,"Valle d'Aosta",2,45.73750286,7.320149366,0,0
2022-12-23,"Veneto",5,45.43490485,12.33845213,0,65
2022-12-27,"Abruzzo",13,42.35122196,13.39843823,0,5
2022-12-27,"Basilicata",17,40.63947052,15.80514834,0,0
2022-12-27,"Calabria",18,38.90597598,16.59440194,0,0
2022-12-27,"Campania",15,40.83956555,14.25084984,0,47
2022-12-27,"Emilia-Romagna",8,44.49436681,11.3417208,0,89
2022-12-27,"Friuli-Venezia Giulia",6,45.6494354,13.76813649,0,14
2022-12-27,"Lazio",12,41.89277044,12.48366722,0,162
2022-12-27,"Liguria",7,44.41149315,8.9326992,0,26
2022-12-27,"Lombardia",3,45.46679409,9.190347404,8,402
2022-12-27,"Marche",11,43.61675973,13.5188753,0,7
2022-12-27,"Molise",14,41.55774754,14.65916051,0,0
2022-12-27,"Piemonte",1,45.0732745,7.680687483,0,34
2022-12-27,"Puglia",16,41.12559576,16.86736689,0,21
2022-12-27,"Sardegna",20,39.21531192,9.110616306,0,6
2022-12-27,"Sicilia",19,38.11569725,13.3623567,0,16
2022-12-27,"Toscana",9,43.76923077,11.25588885,0,47
2022-12-27,"PA Bolzano",21,46.49933453,11.35662422,0,1
2022-12-27,"PA Trento",22,46.06893511,11.12123097,0,4
2022-12-27,"Umbria",10,43.10675841,12.38824698,0,0
2022-12-27,"Valle d'Aosta",2,45.73750286,7.320149366,0,0
2022-12-27,"Veneto",5,45.43490485,12.33845213,0,65
2022-12-30,"Abruzzo",13,42.35122196,13.39843823,0,5
2022-12-30,"Basilicata",17,40.63947052,15.80514834,0,0
2022-12-30,"Calabria",18,38.90597598,16.59440194,0,0
2022-12-30,"Campania",15,40.83956555,14.25084984,0,47
2022-12-30,"Emilia-Romagna",8,44.49436681,11.3417208,0,89
2022-12-30,"Friuli-Venezia Giulia",6,45.6494354,13.76813649,0,14
2022-12-30,"Lazio",12,41.89277044,12.48366722,0,162
2022-12-30,"Liguria",7,44.41149315,8.9326992,0,26
2022-12-30,"Lombardia",3,45.46679409,9.190347404,0,402
2022-12-30,"Marche",11,43.61675973,13.5188753,0,7
2022-12-30,"Molise",14,41.55774754,14.65916051,0,0
2022-12-30,"Piemonte",1,45.0732745,7.680687483,0,34
2022-12-30,"Puglia",16,41.12559576,16.86736689,0,21
2022-12-30,"Sardegna",20,39.21531192,9.110616306,0,6
2022-12-30,"Sicilia",19,38.11569725,13.3623567,0,16
2022-12-30,"Toscana",9,43.76923077,11.25588885,0,47
2022-12-30,"PA Bolzano",21,46.49933453,11.35662422,0,1
2022-12-30,"PA Trento",22,46.06893511,11.12123097,0,4
2022-12-30,"Umbria",10,43.10675841,12.38824698,0,0
2022-12-30,"Valle d'Aosta",2,45.73750286,7.320149366,0,0
2022-12-30,"Veneto",5,45.43490485,12.33845213,0,65
2023-01-03,"Abruzzo",13,42.35122196,13.39843823,0,5
2023-01-03,"Basilicata",17,40.63947052,15.80514834,0,0
2023-01-03,"Calabria",18,38.90597598,16.59440194,0,0
2023-01-03,"Campania",15,40.83956555,14.25084984,0,47
2023-01-03,"Emilia-Romagna",8,44.49436681,11.3417208,0,89
2023-01-03,"Friuli-Venezia Giulia",6,45.6494354,13.76813649,0,14
2023-01-03,"Lazio",12,41.89277044,12.48366722,0,162
2023-01-03,"Liguria",7,44.41149315,8.9326992,0,26
2023-01-03,"Lombardia",3,45.46679409,9.190347404,5,407
2023-01-03,"Marche",11,43.61675973,13.5188753,0,7
2023-01-03,"Molise",14,41.55774754,14.65916051,0,0
2023-01-03,"Piemonte",1,45.0732745,7.680687483,0,34
2023-01-03,"Puglia",16,41.12559576,16.86736689,0,21
2023-01-03,"Sardegna",20,39.21531192,9.110616306,0,6
2023-01-03,"Sicilia",19,38.11569725,13.3623567,0,16
2023-01-03,"Toscana",9,43.76923077,11.25588885,0,47
2023-01-03,"PA Bolzano",21,46.49933453,11.35662422,0,1
2023-01-03,"PA Trento",22,46.06893511,11.12123097,0,4
2023-01-03,"Umbria",10,43.10675841,12.38824698,0,0
2023-01-03,"Valle d'Aosta",2,45.73750286,7.320149366,0,0
2023-01-03,"Veneto",5,45.43490485,12.33845213,0,65
2023-01-06,"Abruzzo",13,42.35122196,13.39843823,0,5
2023-01-06,"Basilicata",17,40.63947052,15.80514834,0,0
2023-01-06,"Calabria",18,38.90597598,16.59440194,0,0
2023-01-06,"Campania",15,40.83956555,14.25084984,0,47
2023-01-06,"Emilia-Romagna",8,44.49436681,11.3417208,0,89
2023-01-06,"Friuli-Venezia Giulia",6,45.6494354,13.76813649,0,14
2023-01-06,"Lazio",12,41.89277044,12.48366722,0,162
2023-01-06,"Liguria",7,44.41149315,8.9326992,0,26
2023-01-06,"Lombardia",3,45.46679409,9.190347404,0,407
2023-01-06,"Marche",11,43.61675973,13.5188753,0,7
2023-01-06,"Molise",14,41.55774754,14.65916051,0,0
2023-01-06,"Piemonte",1,45.0732745,7.680687483,0,34
2023-01-06,"Puglia",16,41.12559576,16.86736689,0,21
2023-01-06,"Sardegna",20,39.21531192,9.110616306,0,6
2023-01-06,"Sicilia",19,38.11569725,13.3623567,0,16
2023-01-06,"Toscana",9,43.76923077,11.25588885,0,47
2023-01-06,"PA Bolzano",21,46.49933453,11.35662422,0,1
2023-01-06,"PA Trento",22,46.06893511,11.12123097,0,4
2023-01-06,"Umbria",10,43.10675841,12.38824698,0,0
2023-01-06,"Valle d'Aosta",2,45.73750286,7.320149366,0,0
2023-01-06,"Veneto",5,45.43490485,12.33845213,0,65
2023-01-10,"Abruzzo",13,42.35122196,13.39843823,0,5
2023-01-10,"Basilicata",17,40.63947052,15.80514834,0,0
2023-01-10,"Calabria",18,38.90597598,16.59440194,0,0
2023-01-10,"Campania",15,40.83956555,14.25084984,0,47
2023-01-10,"Emilia-Romagna",8,44.49436681,11.3417208,0,89
2023-01-10,"Friuli-Venezia Giulia",6,45.6494354,13.76813649,0,14
2023-01-10,"Lazio",12,41.89277044,12.48366722,0,162
2023-01-10,"Liguria",7,44.41149315,8.9326992,0,26
2023-01-10,"Lombardia",3,45.46679409,9.190347404,0,407
2023-01-10,"Marche",11,43.61675973,13.5188753,0,7
2023-01-10,"Molise",14,41.55774754,14.65916051,0,0
2023-01-10,"Piemonte",1,45.0732745,7.680687483,0,34
2023-01-10,"Puglia",16,41.12559576,16.86736689,0,21
2023-01-10,"Sardegna",20,39.21531192,9.110616306,0,6
2023-01-10,"Sicilia",19,38.11569725,13.3623567,0,16
2023-01-10,"Toscana",9,43.76923077,11.25588885,0,47
2023-01-10,"PA Bolzano",21,46.49933453,11.35662422,0,1
2023-01-10,"PA Trento",22,46.06893511,11.12123097,0,4
2023-01-10,"Umbria",10,43.10675841,12.38824698,0,0
2023-01-10,"Valle d'Aosta",2,45.73750286,7.320149366,0,0
2023-01-10,"Veneto",5,45.43490485,12.33845213,0,65
2023-01-13,"Abruzzo",13,42.35122196,13.39843823,0,5
2023-01-13,"Basilicata",17,40.63947052,15.80514834,0,0
2023-01-13,"Calabria",18,38.90597598,16.59440194,0,0
2023-01-13,"Campania",15,40.83956555,14.25084984,0,47
2023-01-13,"Emilia-Romagna",8,44.49436681,11.3417208,0,89
2023-01-13,"Friuli-Venezia Giulia",6,45.6494354,13.76813649,0,14
2023-01-13,"Lazio",12,41.89277044,12.48366722,0,162
2023-01-13,"Liguria",7,44.41149315,8.9326992,0,26
2023-01-13,"Lombardia",3,45.46679409,9.190347404,1,408
2023-01-13,"Marche",11,43.61675973,13.5188753,0,7
2023-01-13,"Molise",14,41.55774754,14.65916051,0,0
2023-01-13,"Piemonte",1,45.0732745,7.680687483,0,34
2023-01-13,"Puglia",16,41.12559576,16.86736689,0,21
2023-01-13,"Sardegna",20,39.21531192,9.110616306,0,6
2023-01-13,"Sicilia",19,38.11569725,13.3623567,0,16
2023-01-13,"Toscana",9,43.76923077,11.25588885,0,47
2023-01-13,"PA Bolzano",21,46.49933453,11.35662422,0,1
2023-01-13,"PA Trento",22,46.06893511,11.12123097,0,4
2023-01-13,"Umbria",10,43.10675841,12.38824698,0,0
2023-01-13,"Valle d'Aosta",2,45.73750286,7.320149366,0,0
2023-01-13,"Veneto",5,45.43490485,12.33845213,0,65
2023-01-17,"Abruzzo",13,42.35122196,13.39843823,0,5
2023-01-17,"Basilicata",17,40.63947052,15.80514834,0,0
2023-01-17,"Calabria",18,38.90597598,16.59440194,0,0
2023-01-17,"Campania",15,40.83956555,14.25084984,0,47
2023-01-17,"Emilia-Romagna",8,44.49436681,11.3417208,0,89
2023-01-17,"Friuli-Venezia Giulia",6,45.6494354,13.76813649,0,14
2023-01-17,"Lazio",12,41.89277044,12.48366722,4,166
2023-01-17,"Liguria",7,44.41149315,8.9326992,0,26
2023-01-17,"Lombardia",3,45.46679409,9.190347404,2,410
2023-01-17,"Marche",11,43.61675973,13.5188753,0,7
2023-01-17,"Molise",14,41.55774754,14.65916051,0,0
2023-01-17,"Piemonte",1,45.0732745,7.680687483,0,34
2023-01-17,"Puglia",16,41.12559576,16.86736689,0,21
2023-01-17,"Sardegna",20,39.21531192,9.110616306,0,6
2023-01-17,"Sicilia",19,38.11569725,13.3623567,0,16
2023-01-17,"Toscana",9,43.76923077,11.25588885,0,47
2023-01-17,"PA Bolzano",21,46.49933453,11.35662422,0,1
2023-01-17,"PA Trento",22,46.06893511,11.12123097,0,4
2023-01-17,"Umbria",10,43.10675841,12.38824698,0,0
2023-01-17,"Valle d'Aosta",2,45.73750286,7.320149366,0,0
2023-01-17,"Veneto",5,45.43490485,12.33845213,1,66
2023-01-20,"Abruzzo",13,42.35122196,13.39843823,0,5
2023-01-20,"Basilicata",17,40.63947052,15.80514834,0,0
2023-01-20,"Calabria",18,38.90597598,16.59440194,0,0
2023-01-20,"Campania",15,40.83956555,14.25084984,0,47
2023-01-20,"Emilia-Romagna",8,44.49436681,11.3417208,0,89
2023-01-20,"Friuli-Venezia Giulia",6,45.6494354,13.76813649,0,14
2023-01-20,"Lazio",12,41.89277044,12.48366722,-5,161
2023-01-20,"Liguria",7,44.41149315,8.9326992,0,26
2023-01-20,"Lombardia",3,45.46679409,9.190347404,0,410
2023-01-20,"Marche",11,43.61675973,13.5188753,0,7
2023-01-20,"Molise",14,41.55774754,14.65916051,0,0
2023-01-20,"Piemonte",1,45.0732745,7.680687483,0,34
2023-01-20,"Puglia",16,41.12559576,16.86736689,0,21
2023-01-20,"Sardegna",20,39.21531192,9.110616306,0,6
2023-01-20,"Sicilia",19,38.11569725,13.3623567,0,16
2023-01-20,"Toscana",9,43.76923077,11.25588885,0,47
2023-01-20,"PA Bolzano",21,46.49933453,11.35662422,0,1
2023-01-20,"PA Trento",22,46.06893511,11.12123097,0,4
2023-01-20,"Umbria",10,43.10675841,12.38824698,0,0
2023-01-20,"Valle d'Aosta",2,45.73750286,7.320149366,0,0
2023-01-20,"Veneto",5,45.43490485,12.33845213,0,66
2023-01-24,"Abruzzo",13,42.35122196,13.39843823,0,5
2023-01-24,"Basilicata",17,40.63947052,15.80514834,0,0
2023-01-24,"Calabria",18,38.90597598,16.59440194,0,0
2023-01-24,"Campania",15,40.83956555,14.25084984,0,47
2023-01-24,"Emilia-Romagna",8,44.49436681,11.3417208,0,89
2023-01-24,"Friuli-Venezia Giulia",6,45.6494354,13.76813649,0,14
2023-01-24,"Lazio",12,41.89277044,12.48366722,0,161
2023-01-24,"Liguria",7,44.41149315,8.9326992,0,26
2023-01-24,"Lombardia",3,45.46679409,9.190347404,0,410
2023-01-24,"Marche",11,43.61675973,13.5188753,0,7
2023-01-24,"Molise",14,41.55774754,14.65916051,0,0
2023-01-24,"Piemonte",1,45.0732745,7.680687483,0,34
2023-01-24,"Puglia",16,41.12559576,16.86736689,0,21
2023-01-24,"Sardegna",20,39.21531192,9.110616306,0,6
2023-01-24,"Sicilia",19,38.11569725,13.3623567,0,16
2023-01-24,"Toscana",9,43.76923077,11.25588885,0,47
2023-01-24,"PA Bolzano",21,46.49933453,11.35662422,0,1
2023-01-24,"PA Trento",22,46.06893511,11.12123097,0,4
2023-01-24,"Umbria",10,43.10675841,12.38824698,0,0
2023-01-24,"Valle d'Aosta",2,45.73750286,7.320149366,0,0
2023-01-24,"Veneto",5,45.43490485,12.33845213,0,66
2023-01-27,"Abruzzo",13,42.35122196,13.39843823,0,5
2023-01-27,"Basilicata",17,40.63947052,15.80514834,0,0
2023-01-27,"Calabria",18,38.90597598,16.59440194,0,0
2023-01-27,"Campania",15,40.83956555,14.25084984,0,47
2023-01-27,"Emilia-Romagna",8,44.49436681,11.3417208,0,89
2023-01-27,"Friuli-Venezia Giulia",6,45.6494354,13.76813649,0,14
2023-01-27,"Lazio",12,41.89277044,12.48366722,0,161
2023-01-27,"Liguria",7,44.41149315,8.9326992,0,26
2023-01-27,"Lombardia",3,45.46679409,9.190347404,0,410
2023-01-27,"Marche",11,43.61675973,13.5188753,0,7
2023-01-27,"Molise",14,41.55774754,14.65916051,0,0
2023-01-27,"Piemonte",1,45.0732745,7.680687483,0,34
2023-01-27,"Puglia",16,41.12559576,16.86736689,0,21
2023-01-27,"Sardegna",20,39.21531192,9.110616306,0,6
2023-01-27,"Sicilia",19,38.11569725,13.3623567,0,16
2023-01-27,"Toscana",9,43.76923077,11.25588885,0,47
2023-01-27,"PA Bolzano",21,46.49933453,11.35662422,0,1
2023-01-27,"PA Trento",22,46.06893511,11.12123097,0,4
2023-01-27,"Umbria",10,43.10675841,12.38824698,0,0
2023-01-27,"Valle d'Aosta",2,45.73750286,7.320149366,0,0
2023-01-27,"Veneto",5,45.43490485,12.33845213,0,66
2023-01-31,"Abruzzo",13,42.35122196,13.39843823,0,5
2023-01-31,"Basilicata",17,40.63947052,15.80514834,0,0
2023-01-31,"Calabria",18,38.90597598,16.59440194,0,0
2023-01-31,"Campania",15,40.83956555,14.25084984,0,47
2023-01-31,"Emilia-Romagna",8,44.49436681,11.3417208,0,89
2023-01-31,"Friuli-Venezia Giulia",6,45.6494354,13.76813649,0,14
2023-01-31,"Lazio",12,41.89277044,12.48366722,0,161
2023-01-31,"Liguria",7,44.41149315,8.9326992,0,26
2023-01-31,"Lombardia",3,45.46679409,9.190347404,0,410
2023-01-31,"Marche",11,43.61675973,13.5188753,0,7
2023-01-31,"Molise",14,41.55774754,14.65916051,0,0
2023-01-31,"Piemonte",1,45.0732745,7.680687483,0,34
2023-01-31,"Puglia",16,41.12559576,16.86736689,0,21
2023-01-31,"Sardegna",20,39.21531192,9.110616306,0,6
2023-01-31,"Sicilia",19,38.11569725,13.3623567,0,16
2023-01-31,"Toscana",9,43.76923077,11.25588885,0,47
2023-01-31,"PA Bolzano",21,46.49933453,11.35662422,0,1
2023-01-31,"PA Trento",22,46.06893511,11.12123097,0,4
2023-01-31,"Umbria",10,43.10675841,12.38824698,0,0
2023-01-31,"Valle d'Aosta",2,45.73750286,7.320149366,0,0
2023-01-31,"Veneto",5,45.43490485,12.33845213,0,66
2023-02-03,"Abruzzo",13,42.35122196,13.39843823,0,5
2023-02-03,"Basilicata",17,40.63947052,15.80514834,0,0
2023-02-03,"Calabria",18,38.90597598,16.59440194,0,0
2023-02-03,"Campania",15,40.83956555,14.25084984,0,47
2023-02-03,"Emilia-Romagna",8,44.49436681,11.3417208,0,89
2023-02-03,"Friuli-Venezia Giulia",6,45.6494354,13.76813649,0,14
2023-02-03,"Lazio",12,41.89277044,12.48366722,0,161
2023-02-03,"Liguria",7,44.41149315,8.9326992,0,26
2023-02-03,"Lombardia",3,45.46679409,9.190347404,0,410
2023-02-03,"Marche",11,43.61675973,13.5188753,1,8
2023-02-03,"Molise",14,41.55774754,14.65916051,0,0
2023-02-03,"Piemonte",1,45.0732745,7.680687483,0,34
2023-02-03,"Puglia",16,41.12559576,16.86736689,0,21
2023-02-03,"Sardegna",20,39.21531192,9.110616306,0,6
2023-02-03,"Sicilia",19,38.11569725,13.3623567,0,16
2023-02-03,"Toscana",9,43.76923077,11.25588885,0,47
2023-02-03,"PA Bolzano",21,46.49933453,11.35662422,0,1
2023-02-03,"PA Trento",22,46.06893511,11.12123097,0,4
2023-02-03,"Umbria",10,43.10675841,12.38824698,0,0
2023-02-03,"Valle d'Aosta",2,45.73750286,7.320149366,0,0
2023-02-03,"Veneto",5,45.43490485,12.33845213,0,66
2023-02-07,"Abruzzo",13,42.35122196,13.39843823,0,5
2023-02-07,"Basilicata",17,40.63947052,15.80514834,0,0
2023-02-07,"Calabria",18,38.90597598,16.59440194,0,0
2023-02-07,"Campania",15,40.83956555,14.25084984,0,47
2023-02-07,"Emilia-Romagna",8,44.49436681,11.3417208,0,89
2023-02-07,"Friuli-Venezia Giulia",6,45.6494354,13.76813649,0,14
2023-02-07,"Lazio",12,41.89277044,12.48366722,0,161
2023-02-07,"Liguria",7,44.41149315,8.9326992,0,26
2023-02-07,"Lombardia",3,45.46679409,9.190347404,0,410
2023-02-07,"Marche",11,43.61675973,13.5188753,0,8
2023-02-07,"Molise",14,41.55774754,14.65916051,0,0
2023-02-07,"Piemonte",1,45.0732745,7.680687483,0,34
2023-02-07,"Puglia",16,41.12559576,16.86736689,0,21
2023-02-07,"Sardegna",20,39.21531192,9.110616306,0,6
2023-02-07,"Sicilia",19,38.11569725,13.3623567,0,16
2023-02-07,"Toscana",9,43.76923077,11.25588885,0,47
2023-02-07,"PA Bolzano",21,46.49933453,11.35662422,0,1
2023-02-07,"PA Trento",22,46.06893511,11.12123097,0,4
2023-02-07,"Umbria",10,43.10675841,12.38824698,0,0
2023-02-07,"Valle d'Aosta",2,45.73750286,7.320149366,0,0
2023-02-07,"Veneto",5,45.43490485,12.33845213,0,66
2023-02-10,"Abruzzo",13,42.35122196,13.39843823,0,5
2023-02-10,"Basilicata",17,40.63947052,15.80514834,0,0
2023-02-10,"Calabria",18,38.90597598,16.59440194,0,0
2023-02-10,"Campania",15,40.83956555,14.25084984,0,47
2023-02-10,"Emilia-Romagna",8,44.49436681,11.3417208,0,89
2023-02-10,"Friuli-Venezia Giulia",6,45.6494354,13.76813649,0,14
2023-02-10,"Lazio",12,41.89277044,12.48366722,0,161
2023-02-10,"Liguria",7,44.41149315,8.9326992,2,28
2023-02-10,"Lombardia",3,45.46679409,9.190347404,0,410
2023-02-10,"Marche",11,43.61675973,13.5188753,0,8
2023-02-10,"Molise",14,41.55774754,14.65916051,0,0
2023-02-10,"Piemonte",1,45.0732745,7.680687483,0,34
2023-02-10,"Puglia",16,41.12559576,16.86736689,0,21
2023-02-10,"Sardegna",20,39.21531192,9.110616306,0,6
2023-02-10,"Sicilia",19,38.11569725,13.3623567,0,16
2023-02-10,"Toscana",9,43.76923077,11.25588885,0,47
2023-02-10,"PA Bolzano",21,46.49933453,11.35662422,0,1
2023-02-10,"PA Trento",22,46.06893511,11.12123097,0,4
2023-02-10,"Umbria",10,43.10675841,12.38824698,0,0
2023-02-10,"Valle d'Aosta",2,45.73750286,7.320149366,0,0
2023-02-10,"Veneto",5,45.43490485,12.33845213,0,66
