"flu_season","year_week","start_date","end_date","influenza_viruses","number_samples","number_sequenced","number_detections_influenza_viruses"
"2012-2013","2012-46",2012-11-12,2012-11-18,"FLU A",1,2,0
"2012-2013","2012-46",2012-11-12,2012-11-18,"A",1,0,0
"2012-2013","2012-46",2012-11-12,2012-11-18,"A(H3N2)",1,1,0
"2012-2013","2012-46",2012-11-12,2012-11-18,"A(H1N1) pdm09",1,1,0
"2012-2013","2012-46",2012-11-12,2012-11-18,"FLU B",1,0,0
"2012-2013","2012-47",2012-11-19,2012-11-25,"FLU A",52,1,0
"2012-2013","2012-47",2012-11-19,2012-11-25,"A",52,0,0
"2012-2013","2012-47",2012-11-19,2012-11-25,"A(H3N2)",52,0,0
"2012-2013","2012-47",2012-11-19,2012-11-25,"A(H1N1) pdm09",52,1,0
"2012-2013","2012-47",2012-11-19,2012-11-25,"FLU B",52,0,0
"2012-2013","2012-48",2012-11-26,2012-12-02,"FLU A",0,2,0
"2012-2013","2012-48",2012-12-03,2012-12-09,"A",0,0,0
"2012-2013","2012-48",2012-12-03,2012-12-09,"A(H3N2)",0,2,0
"2012-2013","2012-48",2012-12-03,2012-12-09,"A(H1N1) pdm09",0,0,0
"2012-2013","2012-48",2012-12-03,2012-12-09,"FLU B",0,4,0
"2012-2013","2012-49",2012-12-10,2012-12-16,"FLU A",55,0,0
"2012-2013","2012-49",2012-12-10,2012-12-16,"A",55,0,0
"2012-2013","2012-49",2012-12-10,2012-12-16,"A(H3N2)",55,0,0
"2012-2013","2012-49",2012-12-10,2012-12-16,"A(H1N1) pdm09",55,0,0
"2012-2013","2012-49",2012-12-10,2012-12-16,"FLU B",55,1,0
"2012-2013","2012-50",2012-12-17,2012-12-23,"FLU A",70,3,0
"2012-2013","2012-50",2012-12-17,2012-12-23,"A",70,1,0
"2012-2013","2012-50",2012-12-17,2012-12-23,"A(H3N2)",70,1,0
"2012-2013","2012-50",2012-12-17,2012-12-23,"A(H1N1) pdm09",70,1,0
"2012-2013","2012-50",2012-12-17,2012-12-23,"FLU B",70,10,0
"2012-2013","2012-51",2012-12-24,2012-12-30,"FLU A",68,1,0
"2012-2013","2012-51",2012-12-24,2012-12-30,"A",68,0,0
"2012-2013","2012-51",2012-12-24,2012-12-30,"A(H3N2)",68,1,0
"2012-2013","2012-51",2012-12-24,2012-12-30,"A(H1N1) pdm09",68,0,0
"2012-2013","2012-51",2012-12-24,2012-12-30,"FLU B",68,10,0
"2012-2013","2012-52",2012-12-31,2013-01-06,"FLU A",20,2,0
"2012-2013","2012-52",2012-12-31,2013-01-06,"A",20,0,0
"2012-2013","2012-52",2012-12-31,2013-01-06,"A(H3N2)",20,1,0
"2012-2013","2012-52",2012-12-31,2013-01-06,"A(H1N1) pdm09",20,1,0
"2012-2013","2012-52",2012-12-31,2013-01-06,"FLU B",20,10,0
"2012-2013","2013-01",2013-01-07,2013-01-13,"FLU A",57,18,0
"2012-2013","2013-01",2013-01-07,2013-01-13,"A",57,1,0
"2012-2013","2013-01",2013-01-07,2013-01-13,"A(H3N2)",57,6,0
"2012-2013","2013-01",2013-01-07,2013-01-13,"A(H1N1) pdm09",57,11,0
"2012-2013","2013-01",2013-01-07,2013-01-13,"FLU B",57,23,0
"2012-2013","2013-02",2013-01-14,2013-01-20,"FLU A",195,31,0
"2012-2013","2013-02",2013-01-14,2013-01-20,"A",195,2,0
"2012-2013","2013-02",2013-01-14,2013-01-20,"A(H3N2)",195,4,0
"2012-2013","2013-02",2013-01-14,2013-01-20,"A(H1N1) pdm09",195,25,0
"2012-2013","2013-02",2013-01-14,2013-01-20,"FLU B",195,28,0
"2012-2013","2013-03",2013-01-21,2013-01-27,"FLU A",267,41,0
"2012-2013","2013-03",2013-01-21,2013-01-27,"A",267,3,0
"2012-2013","2013-03",2013-01-21,2013-01-27,"A(H3N2)",267,3,0
"2012-2013","2013-03",2013-01-21,2013-01-27,"A(H1N1) pdm09",267,35,0
"2012-2013","2013-03",2013-01-21,2013-01-27,"FLU B",267,55,0
"2012-2013","2013-04",2013-01-28,2013-02-03,"FLU A",297,43,0
"2012-2013","2013-04",2013-01-28,2013-02-03,"A",297,2,0
"2012-2013","2013-04",2013-01-28,2013-02-03,"A(H3N2)",297,7,0
"2012-2013","2013-04",2013-01-28,2013-02-03,"A(H1N1) pdm09",297,34,0
"2012-2013","2013-04",2013-01-28,2013-02-03,"FLU B",297,91,0
"2012-2013","2013-05",2013-02-04,2013-02-10,"FLU A",374,82,0
"2012-2013","2013-05",2013-02-04,2013-02-10,"A",374,5,0
"2012-2013","2013-05",2013-02-04,2013-02-10,"A(H3N2)",374,10,0
"2012-2013","2013-05",2013-02-04,2013-02-10,"A(H1N1) pdm09",374,67,0
"2012-2013","2013-05",2013-02-04,2013-02-10,"FLU B",374,145,0
"2012-2013","2013-06",2013-02-11,2013-02-17,"FLU A",379,92,0
"2012-2013","2013-06",2013-02-11,2013-02-17,"A",379,6,0
"2012-2013","2013-06",2013-02-11,2013-02-17,"A(H3N2)",379,8,0
"2012-2013","2013-06",2013-02-11,2013-02-17,"A(H1N1) pdm09",379,78,0
"2012-2013","2013-06",2013-02-11,2013-02-17,"FLU B",379,163,0
"2012-2013","2013-07",2013-02-18,2013-02-24,"FLU A",467,105,0
"2012-2013","2013-07",2013-02-18,2013-02-24,"A",467,0,0
"2012-2013","2013-07",2013-02-18,2013-02-24,"A(H3N2)",467,5,0
"2012-2013","2013-07",2013-02-18,2013-02-24,"A(H1N1) pdm09",467,100,0
"2012-2013","2013-07",2013-02-18,2013-02-24,"FLU B",467,155,0
"2012-2013","2013-08",2013-02-25,2013-03-03,"FLU A",380,83,0
"2012-2013","2013-08",2013-02-25,2013-03-03,"A",380,6,0
"2012-2013","2013-08",2013-02-25,2013-03-03,"A(H3N2)",380,9,0
"2012-2013","2013-08",2013-02-25,2013-03-03,"A(H1N1) pdm09",380,68,0
"2012-2013","2013-08",2013-02-25,2013-03-03,"FLU B",380,189,0
"2012-2013","2013-09",2013-03-04,2013-03-10,"FLU A",351,121,0
"2012-2013","2013-09",2013-03-04,2013-03-10,"A",351,10,0
"2012-2013","2013-09",2013-03-04,2013-03-10,"A(H3N2)",351,11,0
"2012-2013","2013-09",2013-03-04,2013-03-10,"A(H1N1) pdm09",351,100,0
"2012-2013","2013-09",2013-03-04,2013-03-10,"FLU B",351,125,0
"2012-2013","2013-10",2013-03-11,2013-03-17,"FLU A",304,107,0
"2012-2013","2013-10",2013-03-11,2013-03-17,"A",304,9,0
"2012-2013","2013-10",2013-03-11,2013-03-17,"A(H3N2)",304,20,0
"2012-2013","2013-10",2013-03-11,2013-03-17,"A(H1N1) pdm09",304,78,0
"2012-2013","2013-10",2013-03-11,2013-03-17,"FLU B",304,85,0
"2012-2013","2013-11",2013-03-18,2013-03-24,"FLU A",273,66,0
"2012-2013","2013-11",2013-03-18,2013-03-24,"A",273,7,0
"2012-2013","2013-11",2013-03-18,2013-03-24,"A(H3N2)",273,11,0
"2012-2013","2013-11",2013-03-18,2013-03-24,"A(H1N1) pdm09",273,48,0
"2012-2013","2013-11",2013-03-18,2013-03-24,"FLU B",273,55,0
"2012-2013","2013-12",2013-03-25,2013-03-31,"FLU A",257,45,0
"2012-2013","2013-12",2013-03-25,2013-03-31,"A",257,0,0
"2012-2013","2013-12",2013-03-25,2013-03-31,"A(H3N2)",257,7,0
"2012-2013","2013-12",2013-03-25,2013-03-31,"A(H1N1) pdm09",257,38,0
"2012-2013","2013-12",2013-03-25,2013-03-31,"FLU B",257,46,0
"2012-2013","2013-13",2013-04-01,2013-04-07,"FLU A",104,35,0
"2012-2013","2013-13",2013-04-01,2013-04-07,"A",104,8,0
"2012-2013","2013-13",2013-04-01,2013-04-07,"A(H3N2)",104,6,0
"2012-2013","2013-13",2013-04-01,2013-04-07,"A(H1N1) pdm09",104,21,0
"2012-2013","2013-13",2013-04-01,2013-04-07,"FLU B",104,21,0
"2012-2013","2013-14",2013-04-08,2013-04-14,"FLU A",94,10,0
"2012-2013","2013-14",2013-04-08,2013-04-14,"A",94,2,0
"2012-2013","2013-14",2013-04-08,2013-04-14,"A(H3N2)",94,2,0
"2012-2013","2013-14",2013-04-08,2013-04-14,"A(H1N1) pdm09",94,6,0
"2012-2013","2013-14",2013-04-08,2013-04-14,"FLU B",94,9,0
"2012-2013","2013-15",2013-04-15,2013-04-21,"FLU A",90,4,0
"2012-2013","2013-15",2013-04-15,2013-04-21,"A",90,1,0
"2012-2013","2013-15",2013-04-15,2013-04-21,"A(H3N2)",90,1,0
"2012-2013","2013-15",2013-04-15,2013-04-21,"A(H1N1) pdm09",90,2,0
"2012-2013","2013-15",2013-04-15,2013-04-21,"FLU B",90,0,0
"2012-2013","2013-16",2013-04-22,2013-04-28,"FLU A",53,2,0
"2012-2013","2013-16",2013-04-22,2013-04-28,"A",53,1,0
"2012-2013","2013-16",2013-04-22,2013-04-28,"A(H3N2)",53,0,0
"2012-2013","2013-16",2013-04-22,2013-04-28,"A(H1N1) pdm09",53,1,0
"2012-2013","2013-16",2013-04-22,2013-04-28,"FLU B",53,1,0
"2012-2013","2013-17",2013-04-29,2013-05-05,"FLU A",70,1,0
"2012-2013","2013-17",2013-04-29,2013-05-05,"A",70,1,0
"2012-2013","2013-17",2013-04-29,2013-05-05,"A(H3N2)",70,0,0
"2012-2013","2013-17",2013-04-29,2013-05-05,"A(H1N1) pdm09",70,0,0
"2012-2013","2013-17",2013-04-29,2013-05-05,"FLU B",70,0,0
"2013-2014","2013-46",2013-11-11,2013-11-17,"FLU A",133,0,0
"2013-2014","2013-46",2013-11-11,2013-11-17,"A",133,0,0
"2013-2014","2013-46",2013-11-11,2013-11-17,"A(H3N2)",133,0,0
"2013-2014","2013-46",2013-11-11,2013-11-17,"A(H1N1) pdm09",133,0,0
"2013-2014","2013-46",2013-11-11,2013-11-17,"FLU B",133,0,0
"2013-2014","2013-47",2013-11-18,2013-11-24,"FLU A",64,0,0
"2013-2014","2013-47",2013-11-18,2013-11-24,"A",64,0,0
"2013-2014","2013-47",2013-11-18,2013-11-24,"A(H3N2)",64,0,0
"2013-2014","2013-47",2013-11-18,2013-11-24,"A(H1N1) pdm09",64,0,0
"2013-2014","2013-47",2013-11-18,2013-11-24,"FLU B",64,0,0
"2013-2014","2013-48",2013-11-25,2013-12-01,"FLU A",24,2,0
"2013-2014","2013-48",2013-11-25,2013-12-01,"A",24,0,0
"2013-2014","2013-48",2013-11-25,2013-12-01,"A(H3N2)",24,2,0
"2013-2014","2013-48",2013-11-25,2013-12-01,"A(H1N1) pdm09",24,0,0
"2013-2014","2013-48",2013-11-25,2013-12-01,"FLU B",24,0,0
"2013-2014","2013-49",2013-12-02,2013-12-08,"FLU A",65,6,0
"2013-2014","2013-49",2013-12-02,2013-12-08,"A",65,0,0
"2013-2014","2013-49",2013-12-02,2013-12-08,"A(H3N2)",65,6,0
"2013-2014","2013-49",2013-12-02,2013-12-08,"A(H1N1) pdm09",65,0,0
"2013-2014","2013-49",2013-12-02,2013-12-08,"FLU B",65,0,0
"2013-2014","2013-50",2013-12-09,2013-12-15,"FLU A",65,9,0
"2013-2014","2013-50",2013-12-09,2013-12-15,"A",65,0,0
"2013-2014","2013-50",2013-12-09,2013-12-15,"A(H3N2)",65,9,0
"2013-2014","2013-50",2013-12-09,2013-12-15,"A(H1N1) pdm09",65,0,0
"2013-2014","2013-50",2013-12-09,2013-12-15,"FLU B",65,0,0
"2013-2014","2013-51",2013-12-16,2013-12-22,"FLU A",87,10,0
"2013-2014","2013-51",2013-12-16,2013-12-22,"A",87,0,0
"2013-2014","2013-51",2013-12-16,2013-12-22,"A(H3N2)",87,8,0
"2013-2014","2013-51",2013-12-16,2013-12-22,"A(H1N1) pdm09",87,2,0
"2013-2014","2013-51",2013-12-16,2013-12-22,"FLU B",87,0,0
"2013-2014","2013-52",2013-12-23,2013-12-29,"FLU A",51,10,0
"2013-2014","2013-52",2013-12-23,2013-12-29,"A",51,0,0
"2013-2014","2013-52",2013-12-23,2013-12-29,"A(H3N2)",51,10,0
"2013-2014","2013-52",2013-12-23,2013-12-29,"A(H1N1) pdm09",51,0,0
"2013-2014","2013-52",2013-12-23,2013-12-29,"FLU B",51,1,0
"2013-2014","2014-01",2013-12-30,2014-01-05,"FLU A",51,20,0
"2013-2014","2014-01",2013-12-30,2014-01-05,"A",80,1,0
"2013-2014","2014-01",2013-12-30,2014-01-05,"A(H3N2)",80,16,0
"2013-2014","2014-01",2013-12-30,2014-01-05,"A(H1N1) pdm09",80,3,0
"2013-2014","2014-01",2013-12-30,2014-01-05,"FLU B",80,0,0
"2013-2014","2014-02",2014-01-06,2014-01-12,"FLU A",169,34,0
"2013-2014","2014-02",2014-01-06,2014-01-12,"A",169,1,0
"2013-2014","2014-02",2014-01-06,2014-01-12,"A(H3N2)",169,21,0
"2013-2014","2014-02",2014-01-06,2014-01-12,"A(H1N1) pdm09",169,12,0
"2013-2014","2014-02",2014-01-06,2014-01-12,"FLU B",169,1,0
"2013-2014","2014-03",2014-01-13,2014-01-19,"FLU A",0,63,0
"2013-2014","2014-03",2014-01-13,2014-01-19,"A",0,6,0
"2013-2014","2014-03",2014-01-13,2014-01-19,"A(H3N2)",0,42,0
"2013-2014","2014-03",2014-01-13,2014-01-19,"A(H1N1) pdm09",0,15,0
"2013-2014","2014-03",2014-01-13,2014-01-19,"FLU B",0,3,0
"2013-2014","2014-04",2014-01-20,2014-01-26,"FLU A",211,68,0
"2013-2014","2014-04",2014-01-20,2014-01-26,"A",211,3,0
"2013-2014","2014-04",2014-01-20,2014-01-26,"A(H3N2)",211,41,0
"2013-2014","2014-04",2014-01-20,2014-01-26,"A(H1N1) pdm09",211,24,0
"2013-2014","2014-04",2014-01-20,2014-01-26,"FLU B",211,3,0
"2013-2014","2014-05",2014-01-27,2014-02-02,"FLU A",227,95,0
"2013-2014","2014-05",2014-01-27,2014-02-02,"A",227,5,0
"2013-2014","2014-05",2014-01-27,2014-02-02,"A(H3N2)",227,62,0
"2013-2014","2014-05",2014-01-27,2014-02-02,"A(H1N1) pdm09",227,28,0
"2013-2014","2014-05",2014-01-27,2014-02-02,"FLU B",227,1,0
"2013-2014","2014-06",2014-02-03,2014-02-09,"FLU A",296,143,0
"2013-2014","2014-06",2014-02-03,2014-02-09,"A",296,11,0
"2013-2014","2014-06",2014-02-03,2014-02-09,"A(H3N2)",296,81,0
"2013-2014","2014-06",2014-02-03,2014-02-09,"A(H1N1) pdm09",296,51,0
"2013-2014","2014-06",2014-02-03,2014-02-09,"FLU B",296,6,0
"2013-2014","2014-07",2014-02-10,2014-02-16,"FLU A",241,103,0
"2013-2014","2014-07",2014-02-10,2014-02-16,"A",241,3,0
"2013-2014","2014-07",2014-02-10,2014-02-16,"A(H3N2)",241,54,0
"2013-2014","2014-07",2014-02-10,2014-02-16,"A(H1N1) pdm09",241,46,0
"2013-2014","2014-07",2014-02-10,2014-02-16,"FLU B",241,4,0
"2013-2014","2014-08",2014-02-17,2014-02-23,"FLU A",310,117,0
"2013-2014","2014-08",2014-02-17,2014-02-23,"A",310,7,0
"2013-2014","2014-08",2014-02-17,2014-02-23,"A(H3N2)",310,67,0
"2013-2014","2014-08",2014-02-17,2014-02-23,"A(H1N1) pdm09",310,43,0
"2013-2014","2014-08",2014-02-17,2014-02-23,"FLU B",310,3,0
"2013-2014","2014-09",2014-02-24,2014-03-02,"FLU A",200,107,0
"2013-2014","2014-09",2014-02-24,2014-03-02,"A",200,13,0
"2013-2014","2014-09",2014-02-24,2014-03-02,"A(H3N2)",200,52,0
"2013-2014","2014-09",2014-02-24,2014-03-02,"A(H1N1) pdm09",200,42,0
"2013-2014","2014-09",2014-02-24,2014-03-02,"FLU B",200,4,0
"2013-2014","2014-10",2014-03-03,2014-03-09,"FLU A",246,74,0
"2013-2014","2014-10",2014-03-03,2014-03-09,"A",246,5,0
"2013-2014","2014-10",2014-03-03,2014-03-09,"A(H3N2)",246,45,0
"2013-2014","2014-10",2014-03-03,2014-03-09,"A(H1N1) pdm09",246,24,0
"2013-2014","2014-10",2014-03-03,2014-03-09,"FLU B",246,6,0
"2013-2014","2014-11",2014-03-10,2014-03-16,"FLU A",179,56,0
"2013-2014","2014-11",2014-03-10,2014-03-16,"A",179,4,0
"2013-2014","2014-11",2014-03-10,2014-03-16,"A(H3N2)",179,26,0
"2013-2014","2014-11",2014-03-10,2014-03-16,"A(H1N1) pdm09",179,26,0
"2013-2014","2014-11",2014-03-10,2014-03-16,"FLU B",179,2,0
"2013-2014","2014-12",2014-03-17,2014-03-23,"FLU A",132,32,0
"2013-2014","2014-12",2014-03-17,2014-03-23,"A",132,3,0
"2013-2014","2014-12",2014-03-17,2014-03-23,"A(H3N2)",132,18,0
"2013-2014","2014-12",2014-03-17,2014-03-23,"A(H1N1) pdm09",132,11,0
"2013-2014","2014-12",2014-03-17,2014-03-23,"FLU B",132,0,0
"2013-2014","2014-13",2014-03-24,2014-03-30,"FLU A",130,28,0
"2013-2014","2014-13",2014-03-24,2014-03-30,"A",130,3,0
"2013-2014","2014-13",2014-03-24,2014-03-30,"A(H3N2)",130,13,0
"2013-2014","2014-13",2014-03-24,2014-03-30,"A(H1N1) pdm09",130,12,0
"2013-2014","2014-13",2014-03-24,2014-03-30,"FLU B",130,0,0
"2013-2014","2014-14",2014-03-31,2014-04-06,"FLU A",81,14,0
"2013-2014","2014-14",2014-03-31,2014-04-06,"A",81,3,0
"2013-2014","2014-14",2014-03-31,2014-04-06,"A(H3N2)",81,6,0
"2013-2014","2014-14",2014-03-31,2014-04-06,"A(H1N1) pdm09",81,5,0
"2013-2014","2014-14",2014-03-31,2014-04-06,"FLU B",81,0,0
"2013-2014","2014-15",2014-04-07,2014-04-13,"FLU A",77,3,0
"2013-2014","2014-15",2014-04-07,2014-04-13,"A",77,0,0
"2013-2014","2014-15",2014-04-07,2014-04-13,"A(H3N2)",77,1,0
"2013-2014","2014-15",2014-04-07,2014-04-13,"A(H1N1) pdm09",77,2,0
"2013-2014","2014-15",2014-04-07,2014-04-13,"FLU B",77,0,0
"2013-2014","2014-16",2014-04-14,2014-04-20,"FLU A",52,5,0
"2013-2014","2014-16",2004-04-14,2004-04-20,"A",52,1,0
"2013-2014","2014-16",2004-04-14,2004-04-20,"A(H3N2)",52,2,0
"2013-2014","2014-16",2004-04-14,2004-04-20,"A(H1N1) pdm09",52,2,0
"2013-2014","2014-16",2004-04-14,2004-04-20,"FLU B",52,0,0
"2013-2014","2014-17",2004-04-21,2004-04-27,"FLU A",48,0,0
"2013-2014","2014-17",2014-04-21,2014-04-27,"A",48,0,0
"2013-2014","2014-17",2014-04-21,2014-04-27,"A(H3N2)",48,0,0
"2013-2014","2014-17",2014-04-21,2014-04-27,"A(H1N1) pdm09",48,0,0
"2013-2014","2014-17",2014-04-21,2014-04-27,"FLU B",48,0,0
"2014-2015","2014-46",2014-11-10,2014-11-16,"FLU A",66,1,0
"2014-2015","2014-46",2014-11-10,2014-11-16,"A",66,0,0
"2014-2015","2014-46",2014-11-10,2014-11-16,"A(H3N2)",66,1,0
"2014-2015","2014-46",2014-11-10,2014-11-16,"A(H1N1) pdm09",66,0,0
"2014-2015","2014-46",2014-11-10,2014-11-16,"FLU B",66,0,0
"2014-2015","2014-47",2014-11-17,2014-11-23,"FLU A",58,4,0
"2014-2015","2014-47",2014-11-17,2014-11-23,"A",58,0,0
"2014-2015","2014-47",2014-11-17,2014-11-23,"A(H3N2)",58,1,0
"2014-2015","2014-47",2014-11-17,2014-11-23,"A(H1N1) pdm09",58,3,0
"2014-2015","2014-47",2014-11-17,2014-11-23,"FLU B",58,0,0
"2014-2015","2014-48",2014-11-24,2014-11-30,"FLU A",60,0,0
"2014-2015","2014-48",2014-11-24,2014-11-30,"A",60,0,0
"2014-2015","2014-48",2014-11-24,2014-11-30,"A(H3N2)",60,0,0
"2014-2015","2014-48",2014-11-24,2014-11-30,"A(H1N1) pdm09",60,0,0
"2014-2015","2014-48",2014-11-24,2014-11-30,"FLU B",60,0,0
"2014-2015","2014-49",2014-12-01,2014-12-07,"FLU A",85,6,0
"2014-2015","2014-49",2014-12-01,2014-12-07,"A",85,0,0
"2014-2015","2014-49",2014-12-01,2014-12-07,"A(H3N2)",85,2,0
"2014-2015","2014-49",2014-12-01,2014-12-07,"A(H1N1) pdm09",85,4,0
"2014-2015","2014-49",2014-12-01,2014-12-07,"FLU B",85,0,0
"2014-2015","2014-50",2014-12-08,2014-12-14,"FLU A",85,15,0
"2014-2015","2014-50",2014-12-08,2014-12-14,"A",85,1,0
"2014-2015","2014-50",2014-12-08,2014-12-14,"A(H3N2)",85,5,0
"2014-2015","2014-50",2014-12-08,2014-12-14,"A(H1N1) pdm09",85,9,0
"2014-2015","2014-50",2014-12-08,2014-12-14,"FLU B",85,2,0
"2014-2015","2014-51",2014-12-15,2014-12-21,"FLU A",132,40,0
"2014-2015","2014-51",2014-12-15,2014-12-21,"A",132,2,0
"2014-2015","2014-51",2014-12-15,2014-12-21,"A(H3N2)",132,11,0
"2014-2015","2014-51",2014-12-15,2014-12-21,"A(H1N1) pdm09",132,27,0
"2014-2015","2014-51",2014-12-15,2014-12-21,"FLU B",132,0,0
"2014-2015","2014-52",2014-12-22,2014-12-28,"FLU A",51,25,0
"2014-2015","2014-52",2014-12-22,2014-12-28,"A",51,0,0
"2014-2015","2014-52",2014-12-22,2014-12-28,"A(H3N2)",51,7,0
"2014-2015","2014-52",2014-12-22,2014-12-28,"A(H1N1) pdm09",51,18,0
"2014-2015","2014-52",2014-12-22,2014-12-28,"FLU B",51,2,0
"2014-2015","2015-01",2014-12-29,2015-01-04,"FLU A",174,85,0
"2014-2015","2015-01",2014-12-29,2015-01-04,"A",174,10,0
"2014-2015","2015-01",2014-12-29,2015-01-04,"A(H3N2)",174,12,0
"2014-2015","2015-01",2014-12-29,2015-01-04,"A(H1N1) pdm09",174,63,0
"2014-2015","2015-01",2014-12-29,2015-01-04,"FLU B",174,5,0
"2014-2015","2015-02",2015-01-05,2015-01-11,"FLU A",377,186,0
"2014-2015","2015-02",2015-01-05,2015-01-11,"A",377,12,0
"2014-2015","2015-02",2015-01-05,2015-01-11,"A(H3N2)",377,29,0
"2014-2015","2015-02",2015-01-05,2015-01-11,"A(H1N1) pdm09",377,145,0
"2014-2015","2015-02",2015-01-05,2015-01-11,"FLU B",377,7,0
"2014-2015","2015-03",2015-01-12,2015-01-18,"FLU A",617,384,0
"2014-2015","2015-03",2015-01-12,2015-01-18,"A",617,11,0
"2014-2015","2015-03",2015-01-12,2015-01-18,"A(H3N2)",617,108,0
"2014-2015","2015-03",2015-01-12,2015-01-18,"A(H1N1) pdm09",617,265,0
"2014-2015","2015-03",2015-01-12,2015-01-18,"FLU B",617,17,0
"2014-2015","2015-04",2015-01-19,2015-01-25,"FLU A",878,514,0
"2014-2015","2015-04",2015-01-19,2015-01-25,"A",878,36,0
"2014-2015","2015-04",2015-01-19,2015-01-25,"A(H3N2)",878,158,0
"2014-2015","2015-04",2015-01-19,2015-01-25,"A(H1N1) pdm09",878,320,0
"2014-2015","2015-04",2015-01-19,2015-01-25,"FLU B",878,19,0
"2014-2015","2015-05",2015-01-26,2015-02-01,"FLU A",835,486,0
"2014-2015","2015-05",2015-01-26,2015-02-01,"A",835,23,0
"2014-2015","2015-05",2015-01-26,2015-02-01,"A(H3N2)",835,206,0
"2014-2015","2015-05",2015-01-26,2015-02-01,"A(H1N1) pdm09",835,257,0
"2014-2015","2015-05",2015-01-26,2015-02-01,"FLU B",835,40,0
"2014-2015","2015-06",2015-02-02,2015-02-08,"FLU A",762,438,0
"2014-2015","2015-06",2015-02-02,2015-02-08,"A",762,27,0
"2014-2015","2015-06",2015-02-02,2015-02-08,"A(H3N2)",762,212,0
"2014-2015","2015-06",2015-02-02,2015-02-08,"A(H1N1) pdm09",762,199,0
"2014-2015","2015-06",2015-02-02,2015-02-08,"FLU B",762,47,0
"2014-2015","2015-07",2015-02-09,2015-02-15,"FLU A",841,332,0
"2014-2015","2015-07",2015-02-09,2015-02-15,"A",841,25,0
"2014-2015","2015-07",2015-02-09,2015-02-15,"A(H3N2)",841,179,0
"2014-2015","2015-07",2015-02-09,2015-02-15,"A(H1N1) pdm09",841,128,0
"2014-2015","2015-07",2015-02-09,2015-02-15,"FLU B",841,45,0
"2014-2015","2015-08",2015-02-16,2015-02-22,"FLU A",702,220,0
"2014-2015","2015-08",2015-02-16,2015-02-22,"A",702,18,0
"2014-2015","2015-08",2015-02-16,2015-02-22,"A(H3N2)",702,137,0
"2014-2015","2015-08",2015-02-16,2015-02-22,"A(H1N1) pdm09",702,65,0
"2014-2015","2015-08",2015-02-16,2015-02-22,"FLU B",702,45,0
"2014-2015","2015-09",2015-02-23,2015-03-01,"FLU A",556,137,0
"2014-2015","2015-09",2015-02-23,2015-03-01,"A",556,19,0
"2014-2015","2015-09",2015-02-23,2015-03-01,"A(H3N2)",556,88,0
"2014-2015","2015-09",2015-02-23,2015-03-01,"A(H1N1) pdm09",556,30,0
"2014-2015","2015-09",2015-02-23,2015-03-01,"FLU B",556,64,0
"2014-2015","2015-10",2015-03-02,2015-03-08,"FLU A",438,94,0
"2014-2015","2015-10",2015-03-02,2015-03-08,"A",438,13,0
"2014-2015","2015-10",2015-03-02,2015-03-08,"A(H3N2)",438,49,0
"2014-2015","2015-10",2015-03-02,2015-03-08,"A(H1N1) pdm09",438,32,0
"2014-2015","2015-10",2015-03-02,2015-03-08,"FLU B",438,70,0
"2014-2015","2015-11",2015-03-09,2015-03-15,"FLU A",321,54,0
"2014-2015","2015-11",2015-03-09,2015-03-15,"A",321,11,0
"2014-2015","2015-11",2015-03-09,2015-03-15,"A(H3N2)",321,27,0
"2014-2015","2015-11",2015-03-09,2015-03-15,"A(H1N1) pdm09",321,16,0
"2014-2015","2015-11",2015-03-09,2015-03-15,"FLU B",321,61,0
"2014-2015","2015-12",2015-03-16,2015-03-22,"FLU A",267,34,0
"2014-2015","2015-12",2015-03-16,2015-03-22,"A",267,5,0
"2014-2015","2015-12",2015-03-16,2015-03-22,"A(H3N2)",267,21,0
"2014-2015","2015-12",2015-03-16,2015-03-22,"A(H1N1) pdm09",267,8,0
"2014-2015","2015-12",2015-03-16,2015-03-22,"FLU B",267,51,0
"2014-2015","2015-13",2015-03-23,2015-03-29,"FLU A",278,29,0
"2014-2015","2015-13",2015-03-23,2015-03-29,"A",278,7,0
"2014-2015","2015-13",2015-03-23,2015-03-29,"A(H3N2)",278,15,0
"2014-2015","2015-13",2015-03-23,2015-03-29,"A(H1N1) pdm09",278,7,0
"2014-2015","2015-13",2015-03-23,2015-03-29,"FLU B",278,50,0
"2014-2015","2015-14",2015-03-30,2015-04-05,"FLU A",183,15,0
"2014-2015","2015-14",2015-03-30,2015-04-05,"A",183,2,0
"2014-2015","2015-14",2015-03-30,2015-04-05,"A(H3N2)",183,9,0
"2014-2015","2015-14",2015-03-30,2015-04-05,"A(H1N1) pdm09",183,4,0
"2014-2015","2015-14",2015-03-30,2015-04-05,"FLU B",183,35,0
"2014-2015","2015-15",2015-04-06,2015-04-12,"FLU A",149,6,0
"2014-2015","2015-15",2015-04-06,2015-04-12,"A",149,3,0
"2014-2015","2015-15",2015-04-06,2015-04-12,"A(H3N2)",149,2,0
"2014-2015","2015-15",2015-04-06,2015-04-12,"A(H1N1) pdm09",149,1,0
"2014-2015","2015-15",2015-04-06,2015-04-12,"FLU B",149,22,0
"2014-2015","2015-16",2015-04-13,2015-04-19,"FLU A",142,6,0
"2014-2015","2015-16",2015-04-13,2015-04-19,"A",142,1,0
"2014-2015","2015-16",2015-04-13,2015-04-19,"A(H3N2)",142,1,0
"2014-2015","2015-16",2015-04-13,2015-04-19,"A(H1N1) pdm09",142,4,0
"2014-2015","2015-16",2015-04-13,2015-04-19,"FLU B",142,15,0
"2014-2015","2015-17",2015-04-20,2015-04-26,"FLU A",105,1,0
"2014-2015","2015-17",2015-04-20,2015-04-26,"A",105,0,0
"2014-2015","2015-17",2015-04-20,2015-04-26,"A(H3N2)",105,0,0
"2014-2015","2015-17",2015-04-20,2015-04-26,"A(H1N1) pdm09",105,1,0
"2014-2015","2015-17",2015-04-20,2015-04-26,"FLU B",105,3,0
"2015-2016","2015-46",2015-11-09,2015-11-15,"FLU A",101,0,0
"2015-2016","2015-46",2015-11-09,2015-11-15,"A",101,0,0
"2015-2016","2015-46",2015-11-09,2015-11-15,"A(H3N2)",101,0,0
"2015-2016","2015-46",2015-11-09,2015-11-15,"A(H1N1) pdm09",101,0,0
"2015-2016","2015-46",2015-11-09,2015-11-15,"FLU B",101,0,0
"2015-2016","2015-47",2015-11-16,2015-11-22,"FLU A",111,0,0
"2015-2016","2015-47",2015-11-16,2015-11-22,"A",111,0,0
"2015-2016","2015-47",2015-11-16,2015-11-22,"A(H3N2)",111,0,0
"2015-2016","2015-47",2015-11-16,2015-11-22,"A(H1N1) pdm09",111,0,0
"2015-2016","2015-47",2015-11-16,2015-11-22,"FLU B",111,0,0
"2015-2016","2015-48",2015-11-23,2015-11-29,"FLU A",114,1,0
"2015-2016","2015-48",2015-11-23,2015-11-29,"A",114,0,0
"2015-2016","2015-48",2015-11-23,2015-11-29,"A(H3N2)",114,1,0
"2015-2016","2015-48",2015-11-23,2015-11-29,"A(H1N1) pdm09",114,0,0
"2015-2016","2015-48",2015-11-23,2015-11-29,"FLU B",114,0,0
"2015-2016","2015-49",2015-11-30,2015-12-06,"FLU A",146,2,0
"2015-2016","2015-49",2015-11-30,2015-12-06,"A",146,1,0
"2015-2016","2015-49",2015-11-30,2015-12-06,"A(H3N2)",146,1,0
"2015-2016","2015-49",2015-11-30,2015-12-06,"A(H1N1) pdm09",146,0,0
"2015-2016","2015-49",2015-11-30,2015-12-06,"FLU B",146,2,0
"2015-2016","2015-50",2015-12-07,2015-12-13,"FLU A",150,3,0
"2015-2016","2015-50",2015-12-07,2015-12-13,"A",150,0,0
"2015-2016","2015-50",2015-12-07,2015-12-13,"A(H3N2)",150,2,0
"2015-2016","2015-50",2015-12-07,2015-12-13,"A(H1N1) pdm09",150,1,0
"2015-2016","2015-50",2015-12-07,2015-12-13,"FLU B",150,0,0
"2015-2016","2015-51",2015-12-14,2015-12-20,"FLU A",166,6,0
"2015-2016","2015-51",2015-12-14,2015-12-20,"A",166,0,0
"2015-2016","2015-51",2015-12-14,2015-12-20,"A(H3N2)",166,2,0
"2015-2016","2015-51",2015-12-14,2015-12-20,"A(H1N1) pdm09",166,4,0
"2015-2016","2015-51",2015-12-14,2015-12-20,"FLU B",166,1,0
"2015-2016","2015-52",2015-12-21,2015-12-27,"FLU A",116,10,0
"2015-2016","2015-52",2015-12-21,2015-12-27,"A",116,0,0
"2015-2016","2015-52",2015-12-21,2015-12-27,"A(H3N2)",116,3,0
"2015-2016","2015-52",2015-12-21,2015-12-27,"A(H1N1) pdm09",116,7,0
"2015-2016","2015-52",2015-12-21,2015-12-27,"FLU B",116,0,0
"2015-2016","2015-53",2015-12-28,2016-01-03,"FLU A",123,11,0
"2015-2016","2015-53",2015-12-28,2016-01-03,"A",123,1,0
"2015-2016","2015-53",2015-12-28,2016-01-03,"A(H3N2)",123,6,0
"2015-2016","2015-53",2015-12-28,2016-01-03,"A(H1N1) pdm09",123,4,0
"2015-2016","2015-53",2015-12-28,2016-01-03,"FLU B",123,0,0
"2015-2016","2016-01",2016-01-04,2016-01-10,"FLU A",210,11,0
"2015-2016","2016-01",2016-01-04,2016-01-10,"A",210,2,0
"2015-2016","2016-01",2016-01-04,2016-01-10,"A(H3N2)",210,6,0
"2015-2016","2016-01",2016-01-04,2016-01-10,"A(H1N1) pdm09",210,3,0
"2015-2016","2016-01",2016-01-04,2016-01-10,"FLU B",210,3,0
"2015-2016","2016-02",2016-01-11,2016-01-17,"FLU A",255,27,0
"2015-2016","2016-02",2016-01-11,2016-01-17,"A",255,5,0
"2015-2016","2016-02",2016-01-11,2016-01-17,"A(H3N2)",255,7,0
"2015-2016","2016-02",2016-01-11,2016-01-17,"A(H1N1) pdm09",255,15,0
"2015-2016","2016-02",2016-01-11,2016-01-17,"FLU B",255,19,0
"2015-2016","2016-03",2016-01-18,2016-01-24,"FLU A",307,30,0
"2015-2016","2016-03",2016-01-18,2016-01-24,"A",307,1,0
"2015-2016","2016-03",2016-01-18,2016-01-24,"A(H3N2)",307,13,0
"2015-2016","2016-03",2016-01-18,2016-01-24,"A(H1N1) pdm09",307,16,0
"2015-2016","2016-03",2016-01-18,2016-01-24,"FLU B",307,34,0
"2015-2016","2016-04",2016-01-25,2016-01-31,"FLU A",463,78,0
"2015-2016","2016-04",2016-01-25,2016-01-31,"A",463,9,0
"2015-2016","2016-04",2016-01-25,2016-01-31,"A(H3N2)",463,40,0
"2015-2016","2016-04",2016-01-25,2016-01-31,"A(H1N1) pdm09",463,29,0
"2015-2016","2016-04",2016-01-25,2016-01-31,"FLU B",463,102,0
"2015-2016","2016-05",2016-02-01,2016-02-07,"FLU A",530,95,0
"2015-2016","2016-05",2016-02-01,2016-02-07,"A",530,7,0
"2015-2016","2016-05",2016-02-01,2016-02-07,"A(H3N2)",530,49,0
"2015-2016","2016-05",2016-02-01,2016-02-07,"A(H1N1) pdm09",530,39,0
"2015-2016","2016-05",2016-02-01,2016-02-07,"FLU B",530,133,0
"2015-2016","2016-06",2016-02-08,2016-02-14,"FLU A",638,119,0
"2015-2016","2016-06",2016-02-08,2016-02-14,"A",638,5,0
"2015-2016","2016-06",2016-02-08,2016-02-14,"A(H3N2)",638,74,0
"2015-2016","2016-06",2016-02-08,2016-02-14,"A(H1N1) pdm09",638,40,0
"2015-2016","2016-06",2016-02-08,2016-02-14,"FLU B",638,137,0
"2015-2016","2016-07",2016-02-15,2016-02-21,"FLU A",577,107,0
"2015-2016","2016-07",2016-02-15,2016-02-21,"A",577,5,0
"2015-2016","2016-07",2016-02-15,2016-02-21,"A(H3N2)",577,73,0
"2015-2016","2016-07",2016-02-15,2016-02-21,"A(H1N1) pdm09",577,29,0
"2015-2016","2016-07",2016-02-15,2016-02-21,"FLU B",577,154,0
"2015-2016","2016-08",2016-02-22,2016-02-28,"FLU A",629,123,0
"2015-2016","2016-08",2016-02-22,2016-02-28,"A",629,6,0
"2015-2016","2016-08",2016-02-22,2016-02-28,"A(H3N2)",629,81,0
"2015-2016","2016-08",2016-02-22,2016-02-28,"A(H1N1) pdm09",629,36,0
"2015-2016","2016-08",2016-02-22,2016-02-28,"FLU B",629,197,0
"2015-2016","2016-09",2016-02-29,2016-03-06,"FLU A",544,105,0
"2015-2016","2016-09",2016-02-29,2016-03-06,"A",544,11,0
"2015-2016","2016-09",2016-02-29,2016-03-06,"A(H3N2)",544,54,0
"2015-2016","2016-09",2016-02-29,2016-03-06,"A(H1N1) pdm09",544,40,0
"2015-2016","2016-09",2016-02-29,2016-03-06,"FLU B",544,152,0
"2015-2016","2016-10",2016-03-07,2016-03-13,"FLU A",519,82,0
"2015-2016","2016-10",2016-03-07,2016-03-13,"A",519,6,0
"2015-2016","2016-10",2016-03-07,2016-03-13,"A(H3N2)",519,59,0
"2015-2016","2016-10",2016-03-07,2016-03-13,"A(H1N1) pdm09",519,17,0
"2015-2016","2016-10",2016-03-07,2016-03-13,"FLU B",519,110,0
"2015-2016","2016-11",2016-03-14,2016-03-20,"FLU A",396,77,0
"2015-2016","2016-11",2016-03-14,2016-03-20,"A",396,4,0
"2015-2016","2016-11",2016-03-14,2016-03-20,"A(H3N2)",396,47,0
"2015-2016","2016-11",2016-03-14,2016-03-20,"A(H1N1) pdm09",396,26,0
"2015-2016","2016-11",2016-03-14,2016-03-20,"FLU B",396,116,0
"2015-2016","2016-12",2016-03-21,2016-03-27,"FLU A",315,51,0
"2015-2016","2016-12",2016-03-21,2016-03-27,"A",315,5,0
"2015-2016","2016-12",2016-03-21,2016-03-27,"A(H3N2)",315,26,0
"2015-2016","2016-12",2016-03-21,2016-03-27,"A(H1N1) pdm09",315,20,0
"2015-2016","2016-12",2016-03-21,2016-03-27,"FLU B",315,86,0
"2015-2016","2016-13",2016-03-28,2016-04-03,"FLU A",252,42,0
"2015-2016","2016-13",2016-03-28,2016-04-03,"A",252,14,0
"2015-2016","2016-13",2016-03-28,2016-04-03,"A(H3N2)",252,15,0
"2015-2016","2016-13",2016-03-28,2016-04-03,"A(H1N1) pdm09",252,13,0
"2015-2016","2016-13",2016-03-28,2016-04-03,"FLU B",252,71,0
"2015-2016","2016-14",2016-04-04,2016-04-10,"FLU A",234,32,0
"2015-2016","2016-14",2016-04-04,2016-04-10,"A",234,7,0
"2015-2016","2016-14",2016-04-04,2016-04-10,"A(H3N2)",234,11,0
"2015-2016","2016-14",2016-04-04,2016-04-10,"A(H1N1) pdm09",234,14,0
"2015-2016","2016-14",2016-04-04,2016-04-10,"FLU B",234,35,0
"2015-2016","2016-15",2016-04-11,2016-04-17,"FLU A",208,24,0
"2015-2016","2016-15",2016-04-11,2016-04-17,"A",208,1,0
"2015-2016","2016-15",2016-04-11,2016-04-17,"A(H3N2)",208,17,0
"2015-2016","2016-15",2016-04-11,2016-04-17,"A(H1N1) pdm09",208,6,0
"2015-2016","2016-15",2016-04-11,2016-04-17,"FLU B",208,31,0
"2015-2016","2016-16",2016-04-18,2016-04-24,"FLU A",164,7,0
"2015-2016","2016-16",2016-04-18,2016-04-24,"A",164,3,0
"2015-2016","2016-16",2016-04-18,2016-04-24,"A(H3N2)",164,3,0
"2015-2016","2016-16",2016-04-18,2016-04-24,"A(H1N1) pdm09",164,1,0
"2015-2016","2016-16",2016-04-18,2016-04-24,"FLU B",164,19,0
"2016-2017","2016-46",2016-11-14,2016-11-20,"FLU A",184,12,0
"2016-2017","2016-46",2016-11-14,2016-11-20,"A",184,0,0
"2016-2017","2016-46",2016-11-14,2016-11-20,"A(H3N2)",184,12,0
"2016-2017","2016-46",2016-11-14,2016-11-20,"A(H1N1) pdm09",184,0,0
"2016-2017","2016-46",2016-11-14,2016-11-20,"FLU B",184,0,0
"2016-2017","2016-47",2016-11-21,2016-11-27,"FLU A",182,22,0
"2016-2017","2016-47",2016-11-21,2016-11-27,"A",182,0,0
"2016-2017","2016-47",2016-11-21,2016-11-27,"A(H3N2)",182,21,0
"2016-2017","2016-47",2016-11-21,2016-11-27,"A(H1N1) pdm09",182,1,0
"2016-2017","2016-47",2016-11-21,2016-11-27,"FLU B",182,2,0
"2016-2017","2016-48",2016-11-28,2016-12-04,"FLU A",233,51,0
"2016-2017","2016-48",2016-11-28,2016-12-04,"A",233,0,0
"2016-2017","2016-48",2016-11-28,2016-12-04,"A(H3N2)",233,51,0
"2016-2017","2016-48",2016-11-28,2016-12-04,"A(H1N1) pdm09",233,0,0
"2016-2017","2016-48",2016-11-28,2016-12-04,"FLU B",233,0,0
"2016-2017","2016-49",2016-12-05,2016-12-11,"FLU A",199,82,0
"2016-2017","2016-49",2016-12-05,2016-12-11,"A",199,1,0
"2016-2017","2016-49",2016-12-05,2016-12-11,"A(H3N2)",199,78,0
"2016-2017","2016-49",2016-12-05,2016-12-11,"A(H1N1) pdm09",199,3,0
"2016-2017","2016-49",2016-12-05,2016-12-11,"FLU B",199,0,0
"2016-2017","2016-50",2016-12-12,2016-12-18,"FLU A",410,156,0
"2016-2017","2016-50",2016-12-12,2016-12-18,"A",410,6,0
"2016-2017","2016-50",2016-12-12,2016-12-18,"A(H3N2)",410,150,0
"2016-2017","2016-50",2016-12-12,2016-12-18,"A(H1N1) pdm09",410,0,0
"2016-2017","2016-50",2016-12-12,2016-12-18,"FLU B",410,1,0
"2016-2017","2016-51",2016-12-19,2016-12-25,"FLU A",521,273,0
"2016-2017","2016-51",2016-12-19,2016-12-25,"A",521,18,0
"2016-2017","2016-51",2016-12-19,2016-12-25,"A(H3N2)",521,247,0
"2016-2017","2016-51",2016-12-19,2016-12-25,"A(H1N1) pdm09",521,8,0
"2016-2017","2016-51",2016-12-19,2016-12-25,"FLU B",521,0,0
"2016-2017","2016-52",2016-12-26,2017-01-01,"FLU A",568,363,0
"2016-2017","2016-52",2016-12-26,2017-01-01,"A",568,21,0
"2016-2017","2016-52",2016-12-26,2017-01-01,"A(H3N2)",568,337,0
"2016-2017","2016-52",2016-12-26,2017-01-01,"A(H1N1) pdm09",568,5,0
"2016-2017","2016-52",2016-12-26,2017-01-01,"FLU B",568,0,0
"2016-2017","2017-01",2017-01-02,2017-01-08,"FLU A",648,409,0
"2016-2017","2017-01",2017-01-02,2017-01-08,"A",648,17,0
"2016-2017","2017-01",2017-01-02,2017-01-08,"A(H3N2)",648,389,0
"2016-2017","2017-01",2017-01-02,2017-01-08,"A(H1N1) pdm09",648,3,0
"2016-2017","2017-01",2017-01-02,2017-01-08,"FLU B",648,2,0
"2016-2017","2017-02",2017-01-09,2017-01-15,"FLU A",834,443,0
"2016-2017","2017-02",2017-01-09,2017-01-15,"A",834,27,0
"2016-2017","2017-02",2017-01-09,2017-01-15,"A(H3N2)",834,411,0
"2016-2017","2017-02",2017-01-09,2017-01-15,"A(H1N1) pdm09",834,5,0
"2016-2017","2017-02",2017-01-09,2017-01-15,"FLU B",834,9,0
"2016-2017","2017-03",2017-01-16,2017-01-22,"FLU A",810,439,0
"2016-2017","2017-03",2017-01-16,2017-01-22,"A",810,24,0
"2016-2017","2017-03",2017-01-16,2017-01-22,"A(H3N2)",810,407,0
"2016-2017","2017-03",2017-01-16,2017-01-22,"A(H1N1) pdm09",810,8,0
"2016-2017","2017-03",2017-01-16,2017-01-22,"FLU B",810,3,0
"2016-2017","2017-04",2017-01-23,2017-01-29,"FLU A",848,383,0
"2016-2017","2017-04",2017-01-23,2017-01-29,"A",848,27,0
"2016-2017","2017-04",2017-01-23,2017-01-29,"A(H3N2)",848,355,0
"2016-2017","2017-04",2017-01-23,2017-01-29,"A(H1N1) pdm09",848,1,0
"2016-2017","2017-04",2017-01-23,2017-01-29,"FLU B",848,10,0
"2016-2017","2017-05",2017-01-30,2017-02-05,"FLU A",638,332,0
"2016-2017","2017-05",2017-01-30,2017-02-05,"A",638,32,0
"2016-2017","2017-05",2017-01-30,2017-02-05,"A(H3N2)",638,299,0
"2016-2017","2017-05",2017-01-30,2017-02-05,"A(H1N1) pdm09",638,1,0
"2016-2017","2017-05",2017-01-30,2017-02-05,"FLU B",638,13,0
"2016-2017","2017-06",2017-02-06,2017-02-12,"FLU A",615,176,0
"2016-2017","2017-06",2017-02-06,2017-02-12,"A",615,5,0
"2016-2017","2017-06",2017-02-06,2017-02-12,"A(H3N2)",615,169,0
"2016-2017","2017-06",2017-02-06,2017-02-12,"A(H1N1) pdm09",615,2,0
"2016-2017","2017-06",2017-02-06,2017-02-12,"FLU B",615,14,0
"2016-2017","2017-07",2017-02-13,2017-02-19,"FLU A",486,98,0
"2016-2017","2017-07",2017-02-13,2017-02-19,"A",486,1,0
"2016-2017","2017-07",2017-02-13,2017-02-19,"A(H3N2)",486,93,0
"2016-2017","2017-07",2017-02-13,2017-02-19,"A(H1N1) pdm09",486,4,0
"2016-2017","2017-07",2017-02-13,2017-02-19,"FLU B",486,27,0
"2016-2017","2017-08",2017-02-20,2017-02-26,"FLU A",506,52,0
"2016-2017","2017-08",2017-02-20,2017-02-26,"A",506,2,0
"2016-2017","2017-08",2017-02-20,2017-02-26,"A(H3N2)",506,50,0
"2016-2017","2017-08",2017-02-20,2017-02-26,"A(H1N1) pdm09",506,0,0
"2016-2017","2017-08",2017-02-20,2017-02-26,"FLU B",506,18,0
"2016-2017","2017-09",2017-02-27,2017-03-05,"FLU A",343,18,0
"2016-2017","2017-09",2017-02-27,2017-03-05,"A",343,4,0
"2016-2017","2017-09",2017-02-27,2017-03-05,"A(H3N2)",343,13,0
"2016-2017","2017-09",2017-02-27,2017-03-05,"A(H1N1) pdm09",343,1,0
"2016-2017","2017-09",2017-02-27,2017-03-05,"FLU B",343,24,0
"2016-2017","2017-10",2017-03-06,2017-03-12,"FLU A",392,15,0
"2016-2017","2017-10",2017-03-06,2017-03-12,"A",392,3,0
"2016-2017","2017-10",2017-03-06,2017-03-12,"A(H3N2)",392,11,0
"2016-2017","2017-10",2017-03-06,2017-03-12,"A(H1N1) pdm09",392,1,0
"2016-2017","2017-10",2017-03-06,2017-03-12,"FLU B",392,18,0
"2016-2017","2017-11",2017-03-13,2017-03-19,"FLU A",309,7,0
"2016-2017","2017-11",2017-03-13,2017-03-19,"A",309,0,0
"2016-2017","2017-11",2017-03-13,2017-03-19,"A(H3N2)",309,7,0
"2016-2017","2017-11",2017-03-13,2017-03-19,"A(H1N1) pdm09",309,0,0
"2016-2017","2017-11",2017-03-13,2017-03-19,"FLU B",309,14,0
"2016-2017","2017-12",2017-03-20,2017-03-26,"FLU A",250,4,0
"2016-2017","2017-12",2017-03-20,2017-03-26,"A",250,0,0
"2016-2017","2017-12",2017-03-20,2017-03-26,"A(H3N2)",250,4,0
"2016-2017","2017-12",2017-03-20,2017-03-26,"A(H1N1) pdm09",250,0,0
"2016-2017","2017-12",2017-03-20,2017-03-26,"FLU B",250,5,0
"2016-2017","2017-13",2017-03-27,2017-04-02,"FLU A",200,2,0
"2016-2017","2017-13",2017-03-27,2017-04-02,"A",200,0,0
"2016-2017","2017-13",2017-03-27,2017-04-02,"A(H3N2)",200,2,0
"2016-2017","2017-13",2017-03-27,2017-04-02,"A(H1N1) pdm09",200,0,0
"2016-2017","2017-13",2017-03-27,2017-04-02,"FLU B",200,7,0
"2016-2017","2017-14",2017-04-03,2017-04-09,"FLU A",184,1,0
"2016-2017","2017-14",2017-04-03,2017-04-09,"A",184,0,0
"2016-2017","2017-14",2017-04-03,2017-04-09,"A(H3N2)",184,1,0
"2016-2017","2017-14",2017-04-03,2017-04-09,"A(H1N1) pdm09",184,0,0
"2016-2017","2017-14",2017-04-03,2017-04-09,"FLU B",184,5,0
"2016-2017","2017-15",2017-04-10,2017-04-16,"FLU A",113,0,0
"2016-2017","2017-15",2017-04-10,2017-04-16,"A",113,0,0
"2016-2017","2017-15",2017-04-10,2017-04-16,"A(H3N2)",113,0,0
"2016-2017","2017-15",2017-04-10,2017-04-16,"A(H1N1) pdm09",113,0,0
"2016-2017","2017-15",2017-04-10,2017-04-16,"FLU B",113,4,0
"2016-2017","2017-16",2017-04-17,2017-04-23,"FLU A",123,1,0
"2016-2017","2017-16",2017-04-17,2017-04-23,"A",123,0,0
"2016-2017","2017-16",2017-04-17,2017-04-23,"A(H3N2)",123,0,0
"2016-2017","2017-16",2017-04-17,2017-04-23,"A(H1N1) pdm09",123,1,0
"2016-2017","2017-16",2017-04-17,2017-04-23,"FLU B",123,2,0
"2016-2017","2017-17",2017-04-24,2017-04-30,"FLU A",65,0,0
"2016-2017","2017-17",2017-04-24,2017-04-30,"A",65,0,0
"2016-2017","2017-17",2017-04-24,2017-04-30,"A(H3N2)",65,0,0
"2016-2017","2017-17",2017-04-24,2017-04-30,"A(H1N1) pdm09",65,0,0
"2016-2017","2017-17",2017-04-24,2017-04-30,"FLU B",65,1,0
"2017-2018","2017-46",2017-11-13,2017-11-19,"FLU A",120,0,0
"2017-2018","2017-46",2017-11-13,2017-11-19,"A",120,0,0
"2017-2018","2017-46",2017-11-13,2017-11-19,"A(H3N2)",120,0,0
"2017-2018","2017-46",2017-11-13,2017-11-19,"A(H1N1) pdm09",120,0,0
"2017-2018","2017-46",2017-11-13,2017-11-19,"FLU B",120,2,0
"2017-2018","2017-47",2017-11-20,2017-11-26,"FLU A",158,1,0
"2017-2018","2017-47",2017-11-20,2017-11-26,"A",158,0,0
"2017-2018","2017-47",2017-11-20,2017-11-26,"A(H3N2)",158,0,0
"2017-2018","2017-47",2017-11-20,2017-11-26,"A(H1N1) pdm09",158,1,0
"2017-2018","2017-47",2017-11-20,2017-11-26,"FLU B",158,7,0
"2017-2018","2017-48",2017-11-27,2017-12-03,"FLU A",163,10,0
"2017-2018","2017-48",2017-11-27,2017-12-03,"A",163,2,0
"2017-2018","2017-48",2017-11-27,2017-12-03,"A(H3N2)",163,1,0
"2017-2018","2017-48",2017-11-27,2017-12-03,"A(H1N1) pdm09",163,7,0
"2017-2018","2017-48",2017-11-27,2017-12-03,"FLU B",163,18,0
"2017-2018","2017-49",2017-12-04,2017-12-10,"FLU A",178,13,0
"2017-2018","2017-49",2017-12-04,2017-12-10,"A",178,0,0
"2017-2018","2017-49",2017-12-04,2017-12-10,"A(H3N2)",178,4,0
"2017-2018","2017-49",2017-12-04,2017-12-10,"A(H1N1) pdm09",178,9,0
"2017-2018","2017-49",2017-12-04,2017-12-10,"FLU B",178,27,0
"2017-2018","2017-50",2017-12-11,2017-12-17,"FLU A",292,48,0
"2017-2018","2017-50",2017-12-11,2017-12-17,"A",292,1,0
"2017-2018","2017-50",2017-12-11,2017-12-17,"A(H3N2)",292,9,0
"2017-2018","2017-50",2017-12-11,2017-12-17,"A(H1N1) pdm09",292,38,0
"2017-2018","2017-50",2017-12-11,2017-12-17,"FLU B",292,74,0
"2017-2018","2017-51",2017-12-18,2017-12-24,"FLU A",184,75,0
"2017-2018","2017-51",2017-12-18,2017-12-24,"A",184,3,0
"2017-2018","2017-51",2017-12-18,2017-12-24,"A(H3N2)",184,6,0
"2017-2018","2017-51",2017-12-18,2017-12-24,"A(H1N1) pdm09",184,66,0
"2017-2018","2017-51",2017-12-18,2017-12-24,"FLU B",184,132,0
"2017-2018","2017-52",2017-12-25,2017-12-31,"FLU A",286,160,0
"2017-2018","2017-52",2017-12-25,2017-12-31,"A",286,10,0
"2017-2018","2017-52",2017-12-25,2017-12-31,"A(H3N2)",286,9,0
"2017-2018","2017-52",2017-12-25,2017-12-31,"A(H1N1) pdm09",286,141,0
"2017-2018","2017-52",2017-12-25,2017-12-31,"FLU B",286,251,0
"2017-2018","2018-01",2018-01-01,2018-01-07,"FLU A",640,211,0
"2017-2018","2018-01",2018-01-01,2018-01-07,"A",640,9,0
"2017-2018","2018-01",2018-01-01,2018-01-07,"A(H3N2)",640,10,0
"2017-2018","2018-01",2018-01-01,2018-01-07,"A(H1N1) pdm09",640,192,0
"2017-2018","2018-01",2018-01-01,2018-01-07,"FLU B",640,409,0
"2017-2018","2018-02",2018-01-08,2018-01-14,"FLU A",1211,277,0
"2017-2018","2018-02",2018-01-08,2018-01-14,"A",1211,8,0
"2017-2018","2018-02",2018-01-08,2018-01-14,"A(H3N2)",1211,13,0
"2017-2018","2018-02",2018-01-08,2018-01-14,"A(H1N1) pdm09",1211,256,0
"2017-2018","2018-02",2018-01-08,2018-01-14,"FLU B",1211,570,0
"2017-2018","2018-03",2018-01-15,2018-01-21,"FLU A",1119,225,0
"2017-2018","2018-03",2018-01-15,2018-01-21,"A",1119,8,0
"2017-2018","2018-03",2018-01-15,2018-01-21,"A(H3N2)",1119,15,0
"2017-2018","2018-03",2018-01-15,2018-01-21,"A(H1N1) pdm09",1119,202,0
"2017-2018","2018-03",2018-01-15,2018-01-21,"FLU B",1119,455,0
"2017-2018","2018-04",2018-01-22,2018-01-28,"FLU A",1029,205,0
"2017-2018","2018-04",2018-01-22,2018-01-28,"A",1029,12,0
"2017-2018","2018-04",2018-01-22,2018-01-28,"A(H3N2)",1029,13,0
"2017-2018","2018-04",2018-01-22,2018-01-28,"A(H1N1) pdm09",1029,180,0
"2017-2018","2018-04",2018-01-22,2018-01-28,"FLU B",1029,373,0
"2017-2018","2018-05",2018-01-29,2018-02-04,"FLU A",1017,197,0
"2017-2018","2018-05",2018-01-29,2018-02-04,"A",1017,13,0
"2017-2018","2018-05",2018-01-29,2018-02-04,"A(H3N2)",1017,6,0
"2017-2018","2018-05",2018-01-29,2018-02-04,"A(H1N1) pdm09",1017,178,0
"2017-2018","2018-05",2018-01-29,2018-02-04,"FLU B",1017,343,0
"2017-2018","2018-06",2018-02-05,2018-02-11,"FLU A",859,161,0
"2017-2018","2018-06",2018-02-05,2018-02-11,"A",859,7,0
"2017-2018","2018-06",2018-02-05,2018-02-11,"A(H3N2)",859,5,0
"2017-2018","2018-06",2018-02-05,2018-02-11,"A(H1N1) pdm09",859,149,0
"2017-2018","2018-06",2018-02-05,2018-02-11,"FLU B",859,193,0
"2017-2018","2018-07",2018-02-12,2018-02-18,"FLU A",797,158,0
"2017-2018","2018-07",2018-02-12,2018-02-18,"A",797,5,0
"2017-2018","2018-07",2018-02-12,2018-02-18,"A(H3N2)",797,8,0
"2017-2018","2018-07",2018-02-12,2018-02-18,"A(H1N1) pdm09",797,145,0
"2017-2018","2018-07",2018-02-12,2018-02-18,"FLU B",797,143,0
"2017-2018","2018-08",2018-02-19,2018-02-25,"FLU A",787,156,0
"2017-2018","2018-08",2018-02-19,2018-02-25,"A",787,6,0
"2017-2018","2018-08",2018-02-19,2018-02-25,"A(H3N2)",787,8,0
"2017-2018","2018-08",2018-02-19,2018-02-25,"A(H1N1) pdm09",787,142,0
"2017-2018","2018-08",2018-02-19,2018-02-25,"FLU B",787,121,0
"2017-2018","2018-09",2018-02-26,2018-03-04,"FLU A",604,87,0
"2017-2018","2018-09",2018-02-26,2018-03-04,"A",604,4,0
"2017-2018","2018-09",2018-02-26,2018-03-04,"A(H3N2)",604,6,0
"2017-2018","2018-09",2018-02-26,2018-03-04,"A(H1N1) pdm09",604,77,0
"2017-2018","2018-09",2018-02-26,2018-03-04,"FLU B",604,81,0
"2017-2018","2018-10",2018-03-05,2018-03-11,"FLU A",556,67,0
"2017-2018","2018-10",2018-03-05,2018-03-11,"A",556,3,0
"2017-2018","2018-10",2018-03-05,2018-03-11,"A(H3N2)",556,2,0
"2017-2018","2018-10",2018-03-05,2018-03-11,"A(H1N1) pdm09",556,62,0
"2017-2018","2018-10",2018-03-05,2018-03-11,"FLU B",556,51,0
"2017-2018","2018-11",2018-03-12,2018-03-18,"FLU A",348,49,0
"2017-2018","2018-11",2018-03-12,2018-03-18,"A",348,1,0
"2017-2018","2018-11",2018-03-12,2018-03-18,"A(H3N2)",348,2,0
"2017-2018","2018-11",2018-03-12,2018-03-18,"A(H1N1) pdm09",348,46,0
"2017-2018","2018-11",2018-03-12,2018-03-18,"FLU B",348,43,0
"2017-2018","2018-12",2018-03-19,2018-03-25,"FLU A",308,27,0
"2017-2018","2018-12",2018-03-19,2018-03-25,"A",308,1,0
"2017-2018","2018-12",2018-03-19,2018-03-25,"A(H3N2)",308,1,0
"2017-2018","2018-12",2018-03-19,2018-03-25,"A(H1N1) pdm09",308,25,0
"2017-2018","2018-12",2018-03-19,2018-03-25,"FLU B",308,20,0
"2017-2018","2018-13",2018-03-26,2018-04-01,"FLU A",205,17,0
"2017-2018","2018-13",2018-03-26,2018-04-01,"A",205,2,0
"2017-2018","2018-13",2018-03-26,2018-04-01,"A(H3N2)",205,3,0
"2017-2018","2018-13",2018-03-26,2018-04-01,"A(H1N1) pdm09",205,12,0
"2017-2018","2018-13",2018-03-26,2018-04-01,"FLU B",205,9,0
"2017-2018","2018-14",2018-04-02,2018-04-08,"FLU A",171,13,0
"2017-2018","2018-14",2018-04-02,2018-04-08,"A",171,0,0
"2017-2018","2018-14",2018-04-02,2018-04-08,"A(H3N2)",171,1,0
"2017-2018","2018-14",2018-04-02,2018-04-08,"A(H1N1) pdm09",171,12,0
"2017-2018","2018-14",2018-04-02,2018-04-08,"FLU B",171,0,0
"2017-2018","2018-15",2018-04-09,2018-04-15,"FLU A",165,7,0
"2017-2018","2018-15",2018-04-09,2018-04-15,"A",165,2,0
"2017-2018","2018-15",2018-04-09,2018-04-15,"A(H3N2)",165,0,0
"2017-2018","2018-15",2018-04-09,2018-04-15,"A(H1N1) pdm09",165,5,0
"2017-2018","2018-15",2018-04-09,2018-04-15,"FLU B",165,1,0
"2017-2018","2018-16",2018-04-16,2018-04-22,"FLU A",107,4,0
"2017-2018","2018-16",2018-04-16,2018-04-22,"A",107,1,0
"2017-2018","2018-16",2018-04-16,2018-04-22,"A(H3N2)",107,0,0
"2017-2018","2018-16",2018-04-16,2018-04-22,"A(H1N1) pdm09",107,3,0
"2017-2018","2018-16",2018-04-16,2018-04-22,"FLU B",107,0,0
"2017-2018","2018-17",2018-04-23,2018-04-29,"FLU A",58,3,0
"2017-2018","2018-17",2018-04-23,2018-04-29,"A",58,0,0
"2017-2018","2018-17",2018-04-23,2018-04-29,"A(H3N2)",58,0,0
"2017-2018","2018-17",2018-04-23,2018-04-29,"A(H1N1) pdm09",58,3,0
"2017-2018","2018-17",2018-04-23,2018-04-29,"FLU B",58,0,0
"2018-2019","2018-46",2018-11-12,2018-11-18,"FLU A",193,193,7
"2018-2019","2018-46",2018-11-12,2018-11-18,"A",193,193,0
"2018-2019","2018-46",2018-11-12,2018-11-18,"A(H3N2)",193,193,3
"2018-2019","2018-46",2018-11-12,2018-11-18,"A(H1N1) pdm09",193,193,4
"2018-2019","2018-46",2018-11-12,2018-11-18,"FLU B",193,193,1
"2018-2019","2018-47",2018-11-19,2018-11-25,"FLU A",222,222,19
"2018-2019","2018-47",2018-11-19,2018-11-25,"A",222,222,0
"2018-2019","2018-47",2018-11-19,2018-11-25,"A(H3N2)",222,222,13
"2018-2019","2018-47",2018-11-19,2018-11-25,"A(H1N1) pdm09",222,222,6
"2018-2019","2018-47",2018-11-19,2018-11-25,"FLU B",222,222,0
"2018-2019","2018-48",2018-11-26,2018-12-02,"FLU A",254,254,20
"2018-2019","2018-48",2018-11-26,2018-12-02,"A",254,254,1
"2018-2019","2018-48",2018-11-26,2018-12-02,"A(H3N2)",254,254,11
"2018-2019","2018-48",2018-11-26,2018-12-02,"A(H1N1) pdm09",254,254,8
"2018-2019","2018-48",2018-11-26,2018-12-02,"FLU B",254,254,0
"2018-2019","2018-49",2018-12-03,2018-12-09,"FLU A",320,320,19
"2018-2019","2018-49",2018-12-03,2018-12-09,"A",320,320,0
"2018-2019","2018-49",2018-12-03,2018-12-09,"A(H3N2)",320,320,9
"2018-2019","2018-49",2018-12-03,2018-12-09,"A(H1N1) pdm09",320,320,10
"2018-2019","2018-49",2018-12-03,2018-12-09,"FLU B",320,320,0
"2018-2019","2018-50",2018-12-10,2018-12-16,"FLU A",346,346,35
"2018-2019","2018-50",2018-12-10,2018-12-16,"A",346,346,0
"2018-2019","2018-50",2018-12-10,2018-12-16,"A(H3N2)",346,346,10
"2018-2019","2018-50",2018-12-10,2018-12-16,"A(H1N1) pdm09",346,346,25
"2018-2019","2018-50",2018-12-10,2018-12-16,"FLU B",346,346,0
"2018-2019","2018-51",2018-12-17,2018-12-23,"FLU A",410,410,55
"2018-2019","2018-51",2018-12-17,2018-12-23,"A",410,410,1
"2018-2019","2018-51",2018-12-17,2018-12-23,"A(H3N2)",410,410,22
"2018-2019","2018-51",2018-12-17,2018-12-23,"A(H1N1) pdm09",410,410,32
"2018-2019","2018-51",2018-12-17,2018-12-23,"FLU B",410,410,0
"2018-2019","2018-52",2018-12-24,2018-12-30,"FLU A",329,312,83
"2018-2019","2018-52",2018-12-24,2018-12-30,"A",329,312,6
"2018-2019","2018-52",2018-12-24,2018-12-30,"A(H3N2)",329,312,19
"2018-2019","2018-52",2018-12-24,2018-12-30,"A(H1N1) pdm09",329,312,58
"2018-2019","2018-52",2018-12-24,2018-12-30,"FLU B",329,312,0
"2018-2019","2019-01",2018-12-31,2019-01-06,"FLU A",462,426,142
"2018-2019","2019-01",2018-12-31,2019-01-06,"A",462,426,3
"2018-2019","2019-01",2018-12-31,2019-01-06,"A(H3N2)",462,426,41
"2018-2019","2019-01",2018-12-31,2019-01-06,"A(H1N1) pdm09",462,426,98
"2018-2019","2019-01",2018-12-31,2019-01-06,"FLU B",462,426,0
"2018-2019","2019-02",2019-01-07,2019-01-13,"FLU A",658,591,267
"2018-2019","2019-02",2019-01-07,2019-01-13,"A",658,591,15
"2018-2019","2019-02",2019-01-07,2019-01-13,"A(H3N2)",658,591,82
"2018-2019","2019-02",2019-01-07,2019-01-13,"A(H1N1) pdm09",658,591,170
"2018-2019","2019-02",2019-01-07,2019-01-13,"FLU B",658,591,3
"2018-2019","2019-03",2019-01-14,2019-01-20,"FLU A",986,859,560
"2018-2019","2019-03",2019-01-14,2019-01-20,"A",986,859,41
"2018-2019","2019-03",2019-01-14,2019-01-20,"A(H3N2)",986,859,176
"2018-2019","2019-03",2019-01-14,2019-01-20,"A(H1N1) pdm09",986,859,343
"2018-2019","2019-03",2019-01-14,2019-01-20,"FLU B",986,859,2
"2018-2019","2019-04",2019-01-21,2019-01-27,"FLU A",1270,1110,727
"2018-2019","2019-04",2019-01-21,2019-01-27,"A",1270,1110,14
"2018-2019","2019-04",2019-01-21,2019-01-27,"A(H3N2)",1270,1110,257
"2018-2019","2019-04",2019-01-21,2019-01-27,"A(H1N1) pdm09",1270,1110,456
"2018-2019","2019-04",2019-01-21,2019-01-27,"FLU B",1270,1110,1
"2018-2019","2019-05",2019-01-28,2019-02-03,"FLU A",1431,1352,833
"2018-2019","2019-05",2019-01-28,2019-02-03,"A",1431,1352,62
"2018-2019","2019-05",2019-01-28,2019-02-03,"A(H3N2)",1431,1352,316
"2018-2019","2019-05",2019-01-28,2019-02-03,"A(H1N1) pdm09",1431,1352,455
"2018-2019","2019-05",2019-01-28,2019-02-03,"FLU B",1431,1352,0
"2018-2019","2019-06",2019-02-04,2019-02-10,"FLU A",1563,1486,918
"2018-2019","2019-06",2019-02-04,2019-02-10,"A",1563,1486,84
"2018-2019","2019-06",2019-02-04,2019-02-10,"A(H3N2)",1563,1486,391
"2018-2019","2019-06",2019-02-04,2019-02-10,"A(H1N1) pdm09",1563,1486,443
"2018-2019","2019-06",2019-02-04,2019-02-10,"FLU B",1563,1486,0
"2018-2019","2019-07",2019-02-11,2019-02-17,"FLU A",1416,1337,742
"2018-2019","2019-07",2019-02-11,2019-02-17,"A",1416,1337,30
"2018-2019","2019-07",2019-02-11,2019-02-17,"A(H3N2)",1416,1337,378
"2018-2019","2019-07",2019-02-11,2019-02-17,"A(H1N1) pdm09",1416,1337,334
"2018-2019","2019-07",2019-02-11,2019-02-17,"FLU B",1416,1337,0
"2018-2019","2019-08",2019-02-18,2019-02-24,"FLU A",1294,1253,661
"2018-2019","2019-08",2019-02-18,2019-02-24,"A",1294,1253,81
"2018-2019","2019-08",2019-02-18,2019-02-24,"A(H3N2)",1294,1253,342
"2018-2019","2019-08",2019-02-18,2019-02-24,"A(H1N1) pdm09",1294,1253,238
"2018-2019","2019-08",2019-02-18,2019-02-24,"FLU B",1294,1253,2
"2018-2019","2019-09",2019-02-25,2019-03-03,"FLU A",924,853,468
"2018-2019","2019-09",2019-02-25,2019-03-03,"A",924,853,54
"2018-2019","2019-09",2019-02-25,2019-03-03,"A(H3N2)",924,853,298
"2018-2019","2019-09",2019-02-25,2019-03-03,"A(H1N1) pdm09",924,853,116
"2018-2019","2019-09",2019-02-25,2019-03-03,"FLU B",924,853,0
"2018-2019","2019-10",2019-03-04,2019-03-10,"FLU A",929,886,328
"2018-2019","2019-10",2019-03-04,2019-03-10,"A",929,886,38
"2018-2019","2019-10",2019-03-04,2019-03-10,"A(H3N2)",929,886,223
"2018-2019","2019-10",2019-03-04,2019-03-10,"A(H1N1) pdm09",929,886,67
"2018-2019","2019-10",2019-03-04,2019-03-10,"FLU B",929,886,0
"2018-2019","2019-11",2019-03-11,2019-03-17,"FLU A",667,619,192
"2018-2019","2019-11",2019-03-11,2019-03-17,"A",667,619,17
"2018-2019","2019-11",2019-03-11,2019-03-17,"A(H3N2)",667,619,138
"2018-2019","2019-11",2019-03-11,2019-03-17,"A(H1N1) pdm09",667,619,37
"2018-2019","2019-11",2019-03-11,2019-03-17,"FLU B",667,619,0
"2018-2019","2019-12",2019-03-18,2019-03-24,"FLU A",422,407,139
"2018-2019","2019-12",2019-03-18,2019-03-24,"A",422,407,16
"2018-2019","2019-12",2019-03-18,2019-03-24,"A(H3N2)",422,407,102
"2018-2019","2019-12",2019-03-18,2019-03-24,"A(H1N1) pdm09",422,407,21
"2018-2019","2019-12",2019-03-18,2019-03-24,"FLU B",422,407,0
"2018-2019","2019-13",2019-03-25,2019-03-31,"FLU A",406,392,62
"2018-2019","2019-13",2019-03-25,2019-03-31,"A",406,392,3
"2018-2019","2019-13",2019-03-25,2019-03-31,"A(H3N2)",406,392,45
"2018-2019","2019-13",2019-03-25,2019-03-31,"A(H1N1) pdm09",406,392,14
"2018-2019","2019-13",2019-03-25,2019-03-31,"FLU B",406,392,0
"2018-2019","2019-14",2019-04-01,2019-04-07,"FLU A",328,327,41
"2018-2019","2019-14",2019-04-01,2019-04-07,"A",328,327,4
"2018-2019","2019-14",2019-04-01,2019-04-07,"A(H3N2)",328,327,32
"2018-2019","2019-14",2019-04-01,2019-04-07,"A(H1N1) pdm09",328,327,5
"2018-2019","2019-14",2019-04-01,2019-04-07,"FLU B",328,327,0
"2018-2019","2019-15",2019-04-08,2019-04-14,"FLU A",271,267,24
"2018-2019","2019-15",2019-04-08,2019-04-14,"A",271,267,0
"2018-2019","2019-15",2019-04-08,2019-04-14,"A(H3N2)",271,267,18
"2018-2019","2019-15",2019-04-08,2019-04-14,"A(H1N1) pdm09",271,267,6
"2018-2019","2019-15",2019-04-08,2019-04-14,"FLU B",271,267,0
"2018-2019","2019-16",2019-04-15,2019-04-21,"FLU A",203,200,13
"2018-2019","2019-16",2019-04-15,2019-04-21,"A",203,200,2
"2018-2019","2019-16",2019-04-15,2019-04-21,"A(H3N2)",203,200,8
"2018-2019","2019-16",2019-04-15,2019-04-21,"A(H1N1) pdm09",203,200,3
"2018-2019","2019-16",2019-04-15,2019-04-21,"FLU B",84,82,0
"2018-2019","2019-17",2019-04-22,2019-04-28,"FLU A",84,82,4
"2018-2019","2019-17",2019-04-22,2019-04-28,"A",84,82,0
"2018-2019","2019-17",2019-04-22,2019-04-28,"A(H3N2)",84,82,2
"2018-2019","2019-17",2019-04-22,2019-04-28,"A(H1N1) pdm09",84,82,2
"2018-2019","2019-17",2019-04-22,2019-04-28,"FLU B",84,82,0
"2019-2020","2019-46",2019-11-11,2019-11-17,"FLU A",307,273,3
"2019-2020","2019-46",2019-11-11,2019-11-17,"A",307,273,0
"2019-2020","2019-46",2019-11-11,2019-11-17,"A(H3N2)",307,273,2
"2019-2020","2019-46",2019-11-11,2019-11-17,"A(H1N1) pdm09",307,273,1
"2019-2020","2019-46",2019-11-11,2019-11-17,"FLU B",307,273,0
"2019-2020","2019-47",2019-11-18,2019-11-24,"FLU A",514,466,3
"2019-2020","2019-47",2019-11-18,2019-11-24,"A",514,466,0
"2019-2020","2019-47",2019-11-18,2019-11-24,"A(H3N2)",514,466,1
"2019-2020","2019-47",2019-11-18,2019-11-24,"A(H1N1) pdm09",514,466,2
"2019-2020","2019-47",2019-11-18,2019-11-24,"FLU B",514,466,1
"2019-2020","2019-48",2019-11-25,2019-12-01,"FLU A",383,343,15
"2019-2020","2019-48",2019-11-25,2019-12-01,"A",383,343,0
"2019-2020","2019-48",2019-11-25,2019-12-01,"A(H3N2)",383,343,9
"2019-2020","2019-48",2019-11-25,2019-12-01,"A(H1N1) pdm09",383,343,6
"2019-2020","2019-48",2019-11-25,2019-12-01,"FLU B",383,343,3
"2019-2020","2019-49",2019-12-02,2019-12-08,"FLU A",544,469,26
"2019-2020","2019-49",2019-12-02,2019-12-08,"A",544,469,1
"2019-2020","2019-49",2019-12-02,2019-12-08,"A(H3N2)",544,469,22
"2019-2020","2019-49",2019-12-02,2019-12-08,"A(H1N1) pdm09",544,469,3
"2019-2020","2019-49",2019-12-02,2019-12-08,"FLU B",544,469,1
"2019-2020","2019-50",2019-12-09,2019-12-15,"FLU A",444,393,38
"2019-2020","2019-50",2019-12-09,2019-12-15,"A",444,393,0
"2019-2020","2019-50",2019-12-09,2019-12-15,"A(H3N2)",444,393,27
"2019-2020","2019-50",2019-12-09,2019-12-15,"A(H1N1) pdm09",444,393,11
"2019-2020","2019-50",2019-12-09,2019-12-15,"FLU B",444,393,7
"2019-2020","2019-51",2019-12-16,2019-12-22,"FLU A",518,471,54
"2019-2020","2019-51",2019-12-16,2019-12-22,"A",518,471,5
"2019-2020","2019-51",2019-12-16,2019-12-22,"A(H3N2)",518,471,42
"2019-2020","2019-51",2019-12-16,2019-12-22,"A(H1N1) pdm09",518,471,7
"2019-2020","2019-51",2019-12-16,2019-12-22,"FLU B",518,471,21
"2019-2020","2019-52",2019-12-23,2019-12-29,"FLU A",385,354,46
"2019-2020","2019-52",2019-12-23,2019-12-29,"A",385,354,4
"2019-2020","2019-52",2019-12-23,2019-12-29,"A(H3N2)",385,354,31
"2019-2020","2019-52",2019-12-23,2019-12-29,"A(H1N1) pdm09",385,354,11
"2019-2020","2019-52",2019-12-23,2019-12-29,"FLU B",385,354,22
"2019-2020","2020-01",2019-12-30,2020-01-05,"FLU A",538,483,60
"2019-2020","2020-01",2019-12-30,2020-01-05,"A",538,483,5
"2019-2020","2020-01",2019-12-30,2020-01-05,"A(H3N2)",538,483,30
"2019-2020","2020-01",2019-12-30,2020-01-05,"A(H1N1) pdm09",538,483,25
"2019-2020","2020-01",2019-12-30,2020-01-05,"FLU B",538,483,25
"2019-2020","2020-02",2020-01-06,2020-01-12,"FLU A",872,796,128
"2019-2020","2020-02",2020-01-06,2020-01-12,"A",872,796,3
"2019-2020","2020-02",2020-01-06,2020-01-12,"A(H3N2)",872,796,70
"2019-2020","2020-02",2020-01-06,2020-01-12,"A(H1N1) pdm09",872,796,55
"2019-2020","2020-02",2020-01-06,2020-01-12,"FLU B",872,796,50
"2019-2020","2020-03",2020-01-13,2020-01-19,"FLU A",953,831,213
"2019-2020","2020-03",2020-01-13,2020-01-19,"A",953,831,10
"2019-2020","2020-03",2020-01-13,2020-01-19,"A(H3N2)",953,831,99
"2019-2020","2020-03",2020-01-13,2020-01-19,"A(H1N1) pdm09",953,831,104
"2019-2020","2020-03",2020-01-13,2020-01-19,"FLU B",953,831,90
"2019-2020","2020-04",2020-01-20,2020-01-26,"FLU A",1140,965,310
"2019-2020","2020-04",2020-01-20,2020-01-26,"A",1140,965,12
"2019-2020","2020-04",2020-01-20,2020-01-26,"A(H3N2)",1140,965,167
"2019-2020","2020-04",2020-01-20,2020-01-26,"A(H1N1) pdm09",1140,965,131
"2019-2020","2020-04",2020-01-20,2020-01-26,"FLU B",1140,965,145
"2019-2020","2020-05",2020-01-27,2020-02-02,"FLU A",1257,1102,364
"2019-2020","2020-05",2020-01-27,2020-02-02,"A",1257,1102,20
"2019-2020","2020-05",2020-01-27,2020-02-02,"A(H3N2)",1257,1102,195
"2019-2020","2020-05",2020-01-27,2020-02-02,"A(H1N1) pdm09",1257,1102,149
"2019-2020","2020-05",2020-01-27,2020-02-02,"FLU B",1257,1102,185
"2019-2020","2020-06",2020-02-03,2020-02-09,"FLU A",1264,1097,330
"2019-2020","2020-06",2020-02-03,2020-02-09,"A",1264,1097,25
"2019-2020","2020-06",2020-02-03,2020-02-09,"A(H3N2)",1264,1097,180
"2019-2020","2020-06",2020-02-03,2020-02-09,"A(H1N1) pdm09",1264,1097,125
"2019-2020","2020-06",2020-02-03,2020-02-09,"FLU B",1264,1097,186
"2019-2020","2020-07",2020-02-10,2020-02-16,"FLU A",1191,1054,343
"2019-2020","2020-07",2020-02-10,2020-02-16,"A",1191,1054,32
"2019-2020","2020-07",2020-02-10,2020-02-16,"A(H3N2)",1191,1054,193
"2019-2020","2020-07",2020-02-10,2020-02-16,"A(H1N1) pdm09",1191,1054,118
"2019-2020","2020-07",2020-02-10,2020-02-16,"FLU B",1191,1054,205
"2019-2020","2020-08",2020-02-17,2020-02-23,"FLU A",1072,918,290
"2019-2020","2020-08",2020-02-17,2020-02-23,"A",1072,918,58
"2019-2020","2020-08",2020-02-17,2020-02-23,"A(H3N2)",1072,918,144
"2019-2020","2020-08",2020-02-17,2020-02-23,"A(H1N1) pdm09",1072,918,88
"2019-2020","2020-08",2020-02-17,2020-02-23,"FLU B",1072,918,155
"2019-2020","2020-09",2020-02-24,2020-03-01,"FLU A",761,686,195
"2019-2020","2020-09",2020-02-24,2020-03-01,"A",761,686,12
"2019-2020","2020-09",2020-02-24,2020-03-01,"A(H3N2)",761,686,126
"2019-2020","2020-09",2020-02-24,2020-03-01,"A(H1N1) pdm09",761,686,57
"2019-2020","2020-09",2020-02-24,2020-03-01,"FLU B",761,686,97
"2019-2020","2020-10",2020-03-02,2020-03-08,"FLU A",475,441,80
"2019-2020","2020-10",2020-03-02,2020-03-08,"A",475,441,9
"2019-2020","2020-10",2020-03-02,2020-03-08,"A(H3N2)",475,441,47
"2019-2020","2020-10",2020-03-02,2020-03-08,"A(H1N1) pdm09",475,441,24
"2019-2020","2020-10",2020-03-02,2020-03-08,"FLU B",475,441,39
"2019-2020","2020-11",2020-03-09,2020-03-15,"FLU A",239,228,14
"2019-2020","2020-11",2020-03-09,2020-03-15,"A",239,228,2
"2019-2020","2020-11",2020-03-09,2020-03-15,"A(H3N2)",239,228,5
"2019-2020","2020-11",2020-03-09,2020-03-15,"A(H1N1) pdm09",239,228,7
"2019-2020","2020-11",2020-03-09,2020-03-15,"FLU B",239,228,13
"2019-2020","2020-12",2020-03-16,2020-03-22,"FLU A",97,89,2
"2019-2020","2020-12",2020-03-16,2020-03-22,"A",97,89,0
"2019-2020","2020-12",2020-03-16,2020-03-22,"A(H3N2)",97,89,2
"2019-2020","2020-12",2020-03-16,2020-03-22,"A(H1N1) pdm09",97,89,0
"2019-2020","2020-12",2020-03-16,2020-03-22,"FLU B",97,89,0
"2019-2020","2020-13",2020-03-23,2020-03-29,"FLU A",77,44,0
"2019-2020","2020-13",2020-03-23,2020-03-29,"A",77,44,0
"2019-2020","2020-13",2020-03-23,2020-03-29,"A(H3N2)",77,44,0
"2019-2020","2020-13",2020-03-23,2020-03-29,"A(H1N1) pdm09",77,44,0
"2019-2020","2020-13",2020-03-23,2020-03-29,"FLU B",77,44,0
"2019-2020","2020-14",2020-03-30,2020-04-05,"FLU A",68,39,1
"2019-2020","2020-14",2020-03-30,2020-04-05,"A",68,39,0
"2019-2020","2020-14",2020-03-30,2020-04-05,"A(H3N2)",68,39,0
"2019-2020","2020-14",2020-03-30,2020-04-05,"A(H1N1) pdm09",68,39,1
"2019-2020","2020-14",2020-03-30,2020-04-05,"FLU B",68,39,0
"2019-2020","2020-15",2020-04-06,2020-04-12,"FLU A",82,68,0
"2019-2020","2020-15",2020-04-06,2020-04-12,"A",82,68,0
"2019-2020","2020-15",2020-04-06,2020-04-12,"A(H3N2)",82,68,0
"2019-2020","2020-15",2020-04-06,2020-04-12,"A(H1N1) pdm09",82,68,0
"2019-2020","2020-15",2020-04-06,2020-04-12,"FLU B",82,68,0
"2019-2020","2020-16",2020-04-13,2020-04-19,"FLU A",59,29,0
"2019-2020","2020-16",2020-04-13,2020-04-19,"A",59,29,0
"2019-2020","2020-16",2020-04-13,2020-04-19,"A(H3N2)",59,29,0
"2019-2020","2020-16",2020-04-13,2020-04-19,"A(H1N1) pdm09",59,29,0
"2019-2020","2020-16",2020-04-13,2020-04-19,"FLU B",59,29,0
"2019-2020","2020-17",2020-04-20,2020-04-26,"FLU A",62,33,0
"2019-2020","2020-17",2020-04-20,2020-04-26,"A",62,33,0
"2019-2020","2020-17",2020-04-20,2020-04-26,"A(H3N2)",62,33,0
"2019-2020","2020-17",2020-04-20,2020-04-26,"A(H1N1) pdm09",62,33,0
"2019-2020","2020-17",2020-04-20,2020-04-26,"FLU B",62,33,0
"2020-2021","2020-46",2020-11-09,2020-11-15,"FLU A",49,48,0
"2020-2021","2020-46",2020-11-09,2020-11-15,"A",49,48,0
"2020-2021","2020-46",2020-11-09,2020-11-15,"A(H3N2)",49,48,0
"2020-2021","2020-46",2020-11-09,2020-11-15,"A(H1N1)pdm2009",49,48,0
"2020-2021","2020-46",2020-11-09,2020-11-15,"FLU B",49,48,0
"2020-2021","2020-46",2020-11-09,2020-11-15,"SARS-CoV-2",49,48,18
"2020-2021","2020-47",2020-11-16,2020-11-22,"FLU A",174,173,0
"2020-2021","2020-47",2020-11-16,2020-11-22,"A",174,173,0
"2020-2021","2020-47",2020-11-16,2020-11-22,"A(H3N2)",174,173,0
"2020-2021","2020-47",2020-11-16,2020-11-22,"A(H1N1)pdm2009",174,173,0
"2020-2021","2020-47",2020-11-16,2020-11-22,"FLU B",174,173,0
"2020-2021","2020-47",2020-11-16,2020-11-22,"SARS-CoV-2",174,173,12
"2020-2021","2020-48",2020-11-23,2020-11-29,"FLU A",156,153,0
"2020-2021","2020-48",2020-11-23,2020-11-29,"A",156,153,0
"2020-2021","2020-48",2020-11-23,2020-11-29,"A(H3N2)",156,153,0
"2020-2021","2020-48",2020-11-23,2020-11-29,"A(H1N1)pdm2009",156,153,0
"2020-2021","2020-48",2020-11-23,2020-11-29,"FLU B",156,153,0
"2020-2021","2020-48",2020-11-23,2020-11-29,"SARS-CoV-2",156,153,29
"2020-2021","2020-49",2020-11-30,2020-12-06,"FLU A",148,148,0
"2020-2021","2020-49",2020-11-30,2020-12-06,"A",148,148,0
"2020-2021","2020-49",2020-11-30,2020-12-06,"A(H3N2)",148,148,0
"2020-2021","2020-49",2020-11-30,2020-12-06,"A(H1N1)pdm2009",148,148,0
"2020-2021","2020-49",2020-11-30,2020-12-06,"FLU B",148,148,0
"2020-2021","2020-49",2020-11-30,2020-12-06,"SARS-CoV-2",148,148,17
"2020-2021","2020-50",2020-12-07,2020-12-13,"FLU A",152,148,0
"2020-2021","2020-50",2020-12-07,2020-12-13,"A",152,148,0
"2020-2021","2020-50",2020-12-07,2020-12-13,"A(H3N2)",152,148,0
"2020-2021","2020-50",2020-12-07,2020-12-13,"A(H1N1)pdm2009",152,148,0
"2020-2021","2020-50",2020-12-07,2020-12-13,"FLU B",152,148,0
"2020-2021","2020-50",2020-12-07,2020-12-13,"SARS-CoV-2",152,148,26
"2020-2021","2020-51",2020-12-14,2020-12-20,"FLU A",128,128,0
"2020-2021","2020-51",2020-12-14,2020-12-20,"A",128,128,0
"2020-2021","2020-51",2020-12-14,2020-12-20,"A(H3N2)",128,128,0
"2020-2021","2020-51",2020-12-14,2020-12-20,"A(H1N1)pdm2009",128,128,0
"2020-2021","2020-51",2020-12-14,2020-12-20,"FLU B",128,128,0
"2020-2021","2020-51",2020-12-14,2020-12-20,"SARS-CoV-2",128,128,12
"2020-2021","2020-52",2020-12-21,2020-12-27,"FLU A",90,80,0
"2020-2021","2020-52",2020-12-21,2020-12-27,"A",90,80,0
"2020-2021","2020-52",2020-12-21,2020-12-27,"A(H3N2)",90,80,0
"2020-2021","2020-52",2020-12-21,2020-12-27,"A(H1N1)pdm2009",90,80,0
"2020-2021","2020-52",2020-12-21,2020-12-27,"FLU B",90,80,0
"2020-2021","2020-52",2020-12-21,2020-12-27,"SARS-CoV-2",90,80,11
"2020-2021","2020-53",2020-12-28,2021-01-03,"FLU A",100,100,0
"2020-2021","2020-53",2020-12-28,2021-01-03,"A",100,100,0
"2020-2021","2020-53",2020-12-28,2021-01-03,"A(H3N2)",100,100,0
"2020-2021","2020-53",2020-12-28,2021-01-03,"A(H1N1)pdm2009",100,100,0
"2020-2021","2020-53",2020-12-28,2021-01-03,"FLU B",100,100,0
"2020-2021","2020-53",2020-12-28,2021-01-03,"SARS-CoV-2",100,100,9
"2020-2021","2021-01",2021-01-04,2021-01-10,"FLU A",121,119,0
"2020-2021","2021-01",2021-01-04,2021-01-10,"A",121,119,0
"2020-2021","2021-01",2021-01-04,2021-01-10,"A(H3N2)",121,119,0
"2020-2021","2021-01",2021-01-04,2021-01-10,"A(H1N1)pdm2009",121,119,0
"2020-2021","2021-01",2021-01-04,2021-01-10,"FLU B",121,119,0
"2020-2021","2021-01",2021-01-04,2021-01-10,"SARS-CoV-2",121,119,16
"2020-2021","2021-02",2021-01-11,2021-01-17,"FLU A",154,149,0
"2020-2021","2021-02",2021-01-11,2021-01-17,"A",154,149,0
"2020-2021","2021-02",2021-01-11,2021-01-17,"A(H3N2)",154,149,0
"2020-2021","2021-02",2021-01-11,2021-01-17,"A(H1N1)pdm2009",154,149,0
"2020-2021","2021-02",2021-01-11,2021-01-17,"FLU B",154,149,0
"2020-2021","2021-02",2021-01-11,2021-01-17,"SARS-CoV-2",154,149,10
"2020-2021","2021-03",2021-01-18,2021-01-24,"FLU A",223,172,0
"2020-2021","2021-03",2021-01-18,2021-01-24,"A",223,172,0
"2020-2021","2021-03",2021-01-18,2021-01-24,"A(H3N2)",223,172,0
"2020-2021","2021-03",2021-01-18,2021-01-24,"A(H1N1)pdm2009",223,172,0
"2020-2021","2021-03",2021-01-18,2021-01-24,"FLU B",223,172,0
"2020-2021","2021-03",2021-01-18,2021-01-24,"SARS-CoV-2",223,172,23
"2020-2021","2021-04",2021-01-25,2021-01-31,"FLU A",103,95,0
"2020-2021","2021-04",2021-01-25,2021-01-31,"A",103,95,0
"2020-2021","2021-04",2021-01-25,2021-01-31,"A(H3N2)",103,95,0
"2020-2021","2021-04",2021-01-25,2021-01-31,"A(H1N1)pdm2009",103,95,0
"2020-2021","2021-04",2021-01-25,2021-01-31,"FLU B",103,95,0
"2020-2021","2021-04",2021-01-25,2021-01-31,"SARS-CoV-2",103,95,14
"2020-2021","2021-05",2021-02-01,2021-02-07,"FLU A",240,234,0
"2020-2021","2021-05",2021-02-01,2021-02-07,"A",240,234,0
"2020-2021","2021-05",2021-02-01,2021-02-07,"A(H3N2)",240,234,0
"2020-2021","2021-05",2021-02-01,2021-02-07,"A(H1N1)pdm2009",240,234,0
"2020-2021","2021-05",2021-02-01,2021-02-07,"FLU B",240,234,0
"2020-2021","2021-05",2021-02-01,2021-02-07,"SARS-CoV-2",240,234,27
"2020-2021","2021-06",2021-02-08,2021-02-14,"FLU A",158,155,0
"2020-2021","2021-06",2021-02-08,2021-02-14,"A",158,155,0
"2020-2021","2021-06",2021-02-08,2021-02-14,"A(H3N2)",158,155,0
"2020-2021","2021-06",2021-02-08,2021-02-14,"A(H1N1)pdm2009",158,155,0
"2020-2021","2021-06",2021-02-08,2021-02-14,"FLU B",158,155,0
"2020-2021","2021-06",2021-02-08,2021-02-14,"SARS-CoV-2",158,155,5
"2020-2021","2021-07",2021-02-15,2021-02-21,"FLU A",195,190,0
"2020-2021","2021-07",2021-02-15,2021-02-21,"A",195,190,0
"2020-2021","2021-07",2021-02-15,2021-02-21,"A(H3N2)",195,190,0
"2020-2021","2021-07",2021-02-15,2021-02-21,"A(H1N1)pdm2009",195,190,0
"2020-2021","2021-07",2021-02-15,2021-02-21,"FLU B",195,190,0
"2020-2021","2021-07",2021-02-15,2021-02-21,"SARS-CoV-2",195,190,24
"2020-2021","2021-08",2021-02-22,2021-02-28,"FLU A",282,280,0
"2020-2021","2021-08",2021-02-22,2021-02-28,"A",282,280,0
"2020-2021","2021-08",2021-02-22,2021-02-28,"A(H3N2)",282,280,0
"2020-2021","2021-08",2021-02-22,2021-02-28,"A(H1N1)pdm2009",282,280,0
"2020-2021","2021-08",2021-02-22,2021-02-28,"FLU B",282,280,0
"2020-2021","2021-08",2021-02-22,2021-02-28,"SARS-CoV-2",282,280,48
"2020-2021","2021-09",2021-03-01,2021-03-07,"FLU A",247,241,0
"2020-2021","2021-09",2021-03-01,2021-03-07,"A",247,241,0
"2020-2021","2021-09",2021-03-01,2021-03-07,"A(H3N2)",247,241,0
"2020-2021","2021-09",2021-03-01,2021-03-07,"A(H1N1)pdm2009",247,241,0
"2020-2021","2021-09",2021-03-01,2021-03-07,"FLU B",247,241,0
"2020-2021","2021-09",2021-03-01,2021-03-07,"SARS-CoV-2",247,241,46
"2020-2021","2021-10",2021-03-08,2021-03-14,"FLU A",314,310,0
"2020-2021","2021-10",2021-03-08,2021-03-14,"A",314,310,0
"2020-2021","2021-10",2021-03-08,2021-03-14,"A(H3N2)",314,310,0
"2020-2021","2021-10",2021-03-08,2021-03-14,"A(H1N1)pdm2009",314,310,0
"2020-2021","2021-10",2021-03-08,2021-03-14,"FLU B",314,310,0
"2020-2021","2021-10",2021-03-08,2021-03-14,"SARS-CoV-2",314,310,109
"2020-2021","2021-11",2021-03-15,2021-03-21,"FLU A",306,305,0
"2020-2021","2021-11",2021-03-15,2021-03-21,"A",306,305,0
"2020-2021","2021-11",2021-03-15,2021-03-21,"A(H3N2)",306,305,0
"2020-2021","2021-11",2021-03-15,2021-03-21,"A(H1N1)pdm2009",306,305,0
"2020-2021","2021-11",2021-03-15,2021-03-21,"FLU B",306,305,0
"2020-2021","2021-11",2021-03-15,2021-03-21,"SARS-CoV-2",306,305,104
"2020-2021","2021-12",2021-03-22,2021-03-28,"FLU A",396,390,0
"2020-2021","2021-12",2021-03-22,2021-03-28,"A",396,390,0
"2020-2021","2021-12",2021-03-22,2021-03-28,"A(H3N2)",396,390,0
"2020-2021","2021-12",2021-03-22,2021-03-28,"A(H1N1)pdm2009",396,390,0
"2020-2021","2021-12",2021-03-22,2021-03-28,"FLU B",396,390,0
"2020-2021","2021-12",2021-03-22,2021-03-28,"SARS-CoV-2",396,390,115
"2020-2021","2021-13",2021-03-29,2021-04-04,"FLU A",310,309,0
"2020-2021","2021-13",2021-03-29,2021-04-04,"A",310,309,0
"2020-2021","2021-13",2021-03-29,2021-04-04,"A(H3N2)",310,309,0
"2020-2021","2021-13",2021-03-29,2021-04-04,"A(H1N1)pdm2009",310,309,0
"2020-2021","2021-13",2021-03-29,2021-04-04,"FLU B",310,309,0
"2020-2021","2021-13",2021-03-29,2021-04-04,"SARS-CoV-2",310,309,87
"2020-2021","2021-14",2021-04-05,2021-04-11,"FLU A",255,249,0
"2020-2021","2021-14",2021-04-05,2021-04-11,"A",255,249,0
"2020-2021","2021-14",2021-04-05,2021-04-11,"A(H3N2)",255,249,0
"2020-2021","2021-14",2021-04-05,2021-04-11,"A(H1N1)pdm2009",255,249,0
"2020-2021","2021-14",2021-04-05,2021-04-11,"FLU B",255,249,0
"2020-2021","2021-14",2021-04-05,2021-04-11,"SARS-CoV-2",255,249,63
"2020-2021","2021-15",2021-04-12,2021-04-18,"FLU A",236,234,0
"2020-2021","2021-15",2021-04-12,2021-04-18,"A",236,234,0
"2020-2021","2021-15",2021-04-12,2021-04-18,"A(H3N2)",236,234,0
"2020-2021","2021-15",2021-04-12,2021-04-18,"A(H1N1)pdm2009",236,234,0
"2020-2021","2021-15",2021-04-12,2021-04-18,"FLU B",236,234,0
"2020-2021","2021-15",2021-04-12,2021-04-18,"SARS-CoV-2",236,234,36
"2020-2021","2021-16",2021-04-19,2021-04-25,"FLU A",252,252,0
"2020-2021","2021-16",2021-04-19,2021-04-25,"A",252,252,0
"2020-2021","2021-16",2021-04-19,2021-04-25,"A(H3N2)",252,252,0
"2020-2021","2021-16",2021-04-19,2021-04-25,"A(H1N1)pdm2009",252,252,0
"2020-2021","2021-16",2021-04-19,2021-04-25,"FLU B",252,252,0
"2020-2021","2021-16",2021-04-19,2021-04-25,"SARS-CoV-2",252,252,50
"2021-2022","2021-46",2021-11-15,2021-11-21,"FLU A",280,259,2
"2021-2022","2021-46",2021-11-15,2021-11-21,"A",280,259,0
"2021-2022","2021-46",2021-11-15,2021-11-21,"A(H3N2)",280,259,2
"2021-2022","2021-46",2021-11-15,2021-11-21,"A(H1N1)pdm2009",280,259,0
"2021-2022","2021-46",2021-11-15,2021-11-21,"FLU B",280,259,1
"2021-2022","2021-46",2021-11-15,2021-11-21,"SARS-CoV-2",280,259,10
"2021-2022","2021-47",2021-11-22,2021-11-28,"FLU A",631,589,3
"2021-2022","2021-47",2021-11-22,2021-11-28,"A",631,589,0
"2021-2022","2021-47",2021-11-22,2021-11-28,"A(H3N2)",631,589,3
"2021-2022","2021-47",2021-11-22,2021-11-28,"A(H1N1)pdm2009",631,589,0
"2021-2022","2021-47",2021-11-22,2021-11-28,"FLU B",631,589,0
"2021-2022","2021-47",2021-11-22,2021-11-28,"SARS-CoV-2",631,589,155
"2021-2022","2021-48",2021-11-29,2021-12-05,"FLU A",513,484,1
"2021-2022","2021-48",2021-11-29,2021-12-05,"A",513,484,1
"2021-2022","2021-48",2021-11-29,2021-12-05,"A(H3N2)",513,484,0
"2021-2022","2021-48",2021-11-29,2021-12-05,"A(H1N1)pdm2009",513,484,0
"2021-2022","2021-48",2021-11-29,2021-12-05,"FLU B",513,484,0
"2021-2022","2021-48",2021-11-29,2021-12-05,"SARS-CoV-2",513,484,106
"2021-2022","2021-49",2021-12-06,2021-12-12,"FLU A",409,396,3
"2021-2022","2021-49",2021-12-06,2021-12-12,"A",409,396,0
"2021-2022","2021-49",2021-12-06,2021-12-12,"A(H3N2)",409,396,3
"2021-2022","2021-49",2021-12-06,2021-12-12,"A(H1N1)pdm2009",409,396,0
"2021-2022","2021-49",2021-12-06,2021-12-12,"FLU B",409,396,2
"2021-2022","2021-49",2021-12-06,2021-12-12,"SARS-CoV-2",409,396,72
"2021-2022","2021-50",2021-12-13,2021-12-19,"FLU A",396,387,3
"2021-2022","2021-50",2021-12-13,2021-12-19,"A",396,387,0
"2021-2022","2021-50",2021-12-13,2021-12-19,"A(H3N2)",396,387,3
"2021-2022","2021-50",2021-12-13,2021-12-19,"A(H1N1)pdm2009",396,387,0
"2021-2022","2021-50",2021-12-13,2021-12-19,"FLU B",396,387,1
"2021-2022","2021-50",2021-12-13,2021-12-19,"SARS-CoV-2",396,387,80
"2021-2022","2021-51",2021-12-20,2021-12-26,"FLU A",318,287,11
"2021-2022","2021-51",2021-12-20,2021-12-26,"A",318,287,1
"2021-2022","2021-51",2021-12-20,2021-12-26,"A(H3N2)",318,287,9
"2021-2022","2021-51",2021-12-20,2021-12-26,"A(H1N1)pdm2009",318,287,1
"2021-2022","2021-51",2021-12-20,2021-12-26,"FLU B",318,287,1
"2021-2022","2021-51",2021-12-20,2021-12-26,"SARS-CoV-2",318,287,60
"2021-2022","2021-52",2021-12-27,2022-01-02,"FLU A",399,389,4
"2021-2022","2021-52",2021-12-27,2022-01-02,"A",399,389,0
"2021-2022","2021-52",2021-12-27,2022-01-02,"A(H3N2)",399,389,3
"2021-2022","2021-52",2021-12-27,2022-01-02,"A(H1N1)pdm2009",399,389,1
"2021-2022","2021-52",2021-12-27,2022-01-02,"FLU B",399,389,0
"2021-2022","2021-52",2021-12-27,2022-01-02,"SARS-CoV-2",399,389,164
"2021-2022","2022-01",2022-01-03,2022-01-09,"FLU A",496,480,10
"2021-2022","2022-01",2022-01-03,2022-01-09,"A",496,480,1
"2021-2022","2022-01",2022-01-03,2022-01-09,"A(H3N2)",496,480,9
"2021-2022","2022-01",2022-01-03,2022-01-09,"A(H1N1)pdm2009",496,480,0
"2021-2022","2022-01",2022-01-03,2022-01-09,"FLU B",496,480,0
"2021-2022","2022-01",2022-01-03,2022-01-09,"SARS-CoV-2",496,480,232
"2021-2022","2022-02",2022-01-10,2022-01-16,"FLU A",303,287,5
"2021-2022","2022-02",2022-01-10,2022-01-16,"A",303,287,0
"2021-2022","2022-02",2022-01-10,2022-01-16,"A(H3N2)",303,287,4
"2021-2022","2022-02",2022-01-10,2022-01-16,"A(H1N1)pdm2009",303,287,1
"2021-2022","2022-02",2022-01-10,2022-01-16,"FLU B",303,287,0
"2021-2022","2022-02",2022-01-10,2022-01-16,"SARS-CoV-2",303,287,110
"2021-2022","2022-03",2022-01-17,2022-01-23,"FLU A",542,527,8
"2021-2022","2022-03",2022-01-17,2022-01-23,"A",542,527,1
"2021-2022","2022-03",2022-01-17,2022-01-23,"A(H3N2)",542,527,6
"2021-2022","2022-03",2022-01-17,2022-01-23,"A(H1N1)pdm2009",542,527,1
"2021-2022","2022-03",2022-01-17,2022-01-23,"FLU B",542,527,0
"2021-2022","2022-03",2022-01-17,2022-01-23,"SARS-CoV-2",542,527,266
"2021-2022","2022-04",2022-01-24,2022-01-30,"FLU A",344,331,14
"2021-2022","2022-04",2022-01-24,2022-01-30,"A",344,331,2
"2021-2022","2022-04",2022-01-24,2022-01-30,"A(H3N2)",344,331,10
"2021-2022","2022-04",2022-01-24,2022-01-30,"A(H1N1)pdm2009",344,331,2
"2021-2022","2022-04",2022-01-24,2022-01-30,"FLU B",344,331,0
"2021-2022","2022-04",2022-01-24,2022-01-30,"SARS-CoV-2",344,331,126
"2021-2022","2022-05",2022-01-31,2022-02-06,"FLU A",265,255,10
"2021-2022","2022-05",2022-01-31,2022-02-06,"A",265,255,2
"2021-2022","2022-05",2022-01-31,2022-02-06,"A(H3N2)",265,255,8
"2021-2022","2022-05",2022-01-31,2022-02-06,"A(H1N1)pdm2009",265,255,0
"2021-2022","2022-05",2022-01-31,2022-02-06,"FLU B",265,255,0
"2021-2022","2022-05",2022-01-31,2022-02-06,"SARS-CoV-2",265,255,72
"2021-2022","2022-06",2022-02-07,2022-02-13,"FLU A",537,524,12
"2021-2022","2022-06",2022-02-07,2022-02-13,"A",537,524,0
"2021-2022","2022-06",2022-02-07,2022-02-13,"A(H3N2)",537,524,12
"2021-2022","2022-06",2022-02-07,2022-02-13,"A(H1N1)pdm2009",537,524,0
"2021-2022","2022-06",2022-02-07,2022-02-13,"FLU B",537,524,0
"2021-2022","2022-06",2022-02-07,2022-02-13,"SARS-CoV-2",537,524,230
"2021-2022","2022-07",2022-02-14,2022-02-20,"FLU A",394,388,17
"2021-2022","2022-07",2022-02-14,2022-02-20,"A",394,388,0
"2021-2022","2022-07",2022-02-14,2022-02-20,"A(H3N2)",394,388,17
"2021-2022","2022-07",2022-02-14,2022-02-20,"A(H1N1)pdm2009",394,388,0
"2021-2022","2022-07",2022-02-14,2022-02-20,"FLU B",394,388,0
"2021-2022","2022-07",2022-02-14,2022-02-20,"SARS-CoV-2",394,388,151
"2021-2022","2022-08",2022-02-21,2022-02-27,"FLU A",388,356,40
"2021-2022","2022-08",2022-02-21,2022-02-27,"A",388,356,0
"2021-2022","2022-08",2022-02-21,2022-02-27,"A(H3N2)",388,356,39
"2021-2022","2022-08",2022-02-21,2022-02-27,"A(H1N1)pdm2009",388,356,1
"2021-2022","2022-08",2022-02-21,2022-02-27,"FLU B",388,356,0
"2021-2022","2022-08",2022-02-21,2022-02-27,"SARS-CoV-2",388,356,94
"2021-2022","2022-09",2022-02-28,2022-03-06,"FLU A",487,479,75
"2021-2022","2022-09",2022-02-28,2022-03-06,"A",487,479,6
"2021-2022","2022-09",2022-02-28,2022-03-06,"A(H3N2)",487,479,69
"2021-2022","2022-09",2022-02-28,2022-03-06,"A(H1N1)pdm2009",487,479,0
"2021-2022","2022-09",2022-02-28,2022-03-06,"FLU B",487,479,0
"2021-2022","2022-09",2022-02-28,2022-03-06,"SARS-CoV-2",487,479,178
"2021-2022","2022-10",2022-03-07,2022-03-13,"FLU A",629,610,180
"2021-2022","2022-10",2022-03-07,2022-03-13,"A",629,610,48
"2021-2022","2022-10",2022-03-07,2022-03-13,"A(H3N2)",629,610,132
"2021-2022","2022-10",2022-03-07,2022-03-13,"A(H1N1)pdm2009",629,610,0
"2021-2022","2022-10",2022-03-07,2022-03-13,"FLU B",629,610,0
"2021-2022","2022-10",2022-03-07,2022-03-13,"SARS-CoV-2",629,610,154
"2021-2022","2022-11",2022-03-14,2022-03-20,"FLU A",758,741,303
"2021-2022","2022-11",2022-03-14,2022-03-20,"A",758,741,83
"2021-2022","2022-11",2022-03-14,2022-03-20,"A(H3N2)",758,741,219
"2021-2022","2022-11",2022-03-14,2022-03-20,"A(H1N1)pdm2009",758,741,1
"2021-2022","2022-11",2022-03-14,2022-03-20,"FLU B",758,741,0
"2021-2022","2022-11",2022-03-14,2022-03-20,"SARS-CoV-2",758,741,185
"2021-2022","2022-12",2022-03-21,2022-03-27,"FLU A",780,753,338
"2021-2022","2022-12",2022-03-21,2022-03-27,"A",780,753,120
"2021-2022","2022-12",2022-03-21,2022-03-27,"A(H3N2)",780,753,217
"2021-2022","2022-12",2022-03-21,2022-03-27,"A(H1N1)pdm2009",780,753,1
"2021-2022","2022-12",2022-03-21,2022-03-27,"FLU B",780,753,0
"2021-2022","2022-12",2022-03-21,2022-03-27,"SARS-CoV-2",780,753,211
"2021-2022","2022-13",2022-03-28,2022-04-03,"FLU A",705,676,301
"2021-2022","2022-13",2022-03-28,2022-04-03,"A",705,676,93
"2021-2022","2022-13",2022-03-28,2022-04-03,"A(H3N2)",705,676,207
"2021-2022","2022-13",2022-03-28,2022-04-03,"A(H1N1)pdm2009",705,676,1
"2021-2022","2022-13",2022-03-28,2022-04-03,"FLU B",705,676,0
"2021-2022","2022-13",2022-03-28,2022-04-03,"SARS-CoV-2",705,676,177
"2021-2022","2022-14",2022-04-04,2022-04-10,"FLU A",696,664,248
"2021-2022","2022-14",2022-04-04,2022-04-10,"A",696,664,102
"2021-2022","2022-14",2022-04-04,2022-04-10,"A(H3N2)",696,664,145
"2021-2022","2022-14",2022-04-04,2022-04-10,"A(H1N1)pdm2009",696,664,1
"2021-2022","2022-14",2022-04-04,2022-04-10,"FLU B",696,664,0
"2021-2022","2022-14",2022-04-04,2022-04-10,"SARS-CoV-2",696,664,233
"2021-2022","2022-15",2022-04-11,2022-04-17,"FLU A",491,472,142
"2021-2022","2022-15",2022-04-11,2022-04-17,"A",491,472,29
"2021-2022","2022-15",2022-04-11,2022-04-17,"A(H3N2)",491,472,112
"2021-2022","2022-15",2022-04-11,2022-04-17,"A(H1N1)pdm2009",491,472,1
"2021-2022","2022-15",2022-04-11,2022-04-17,"FLU B",491,472,1
"2021-2022","2022-15",2022-04-11,2022-04-17,"SARS-CoV-2",491,472,195
"2021-2022","2022-16",2022-04-18,2022-04-24,"FLU A",384,375,99
"2021-2022","2022-16",2022-04-18,2022-04-24,"A",384,375,14
"2021-2022","2022-16",2022-04-18,2022-04-24,"A(H3N2)",384,375,84
"2021-2022","2022-16",2022-04-18,2022-04-24,"A(H1N1)pdm2009",384,375,1
"2021-2022","2022-16",2022-04-18,2022-04-24,"FLU B",384,375,0
"2021-2022","2022-16",2022-04-18,2022-04-24,"SARS-CoV-2",384,375,136
"2021-2022","2022-17",2022-04-25,2022-05-01,"FLU A",437,431,64
"2021-2022","2022-17",2022-04-25,2022-05-01,"A",437,431,41
"2021-2022","2022-17",2022-04-25,2022-05-01,"A(H3N2)",437,431,23
"2021-2022","2022-17",2022-04-25,2022-05-01,"A(H1N1)pdm2009",437,431,0
"2021-2022","2022-17",2022-04-25,2022-05-01,"FLU B",437,431,0
"2021-2022","2022-17",2022-04-25,2022-05-01,"SARS-CoV-2",437,431,146
"2022-2023","2022-46",2022-11-14,2022-11-20,"FLU A",656,494,285
"2022-2023","2022-46",2022-11-14,2022-11-20,"A",656,494,12
"2022-2023","2022-46",2022-11-14,2022-11-20,"A(H3N2)",656,494,259
"2022-2023","2022-46",2022-11-14,2022-11-20,"A(H1N1)pdm2009",656,494,14
"2022-2023","2022-46",2022-11-14,2022-11-20,"FLU B",656,494,2
"2022-2023","2022-46",2022-11-14,2022-11-20,"SARS-CoV-2",656,494,24
"2022-2023","2022-46",2022-11-14,2022-11-20,"Rhinovirus",656,494,35
"2022-2023","2022-46",2022-11-14,2022-11-20,"RSV",656,494,32
"2022-2023","2022-46",2022-11-14,2022-11-20,"Parainfluenzali",656,494,10
"2022-2023","2022-46",2022-11-14,2022-11-20,"Adenovirus",656,494,8
"2022-2023","2022-46",2022-11-14,2022-11-20,"Generic coronavirus",656,494,4
"2022-2023","2022-46",2022-11-14,2022-11-20,"Bocavirus",656,494,2
"2022-2023","2022-47",2022-11-21,2022-11-27,"FLU A",855,717,441
"2022-2023","2022-47",2022-11-21,2022-11-27,"A",855,717,14
"2022-2023","2022-47",2022-11-21,2022-11-27,"A(H3N2)",855,717,421
"2022-2023","2022-47",2022-11-21,2022-11-27,"A(H1N1)pdm2009",855,717,6
"2022-2023","2022-47",2022-11-21,2022-11-27,"FLU B",855,717,1
"2022-2023","2022-47",2022-11-21,2022-11-27,"SARS-CoV-2",855,717,29
"2022-2023","2022-47",2022-11-21,2022-11-27,"Rhinovirus",855,717,36
"2022-2023","2022-47",2022-11-21,2022-11-27,"RSV",855,717,63
"2022-2023","2022-47",2022-11-21,2022-11-27,"Parainfluenzali",855,717,11
"2022-2023","2022-47",2022-11-21,2022-11-27,"Adenovirus",855,717,6
"2022-2023","2022-47",2022-11-21,2022-11-27,"Generic coronavirus",855,717,8
"2022-2023","2022-47",2022-11-21,2022-11-27,"Bocavirus",855,717,0
"2022-2023","2022-47",2022-11-21,2022-11-27,"Metapneumovirus",855,717,2
"2022-2023","2022-48",2022-11-28,2022-12-04,"FLU A",1263,1145,710
"2022-2023","2022-48",2022-11-28,2022-12-04,"A",1263,1145,38
"2022-2023","2022-48",2022-11-28,2022-12-04,"A(H3N2)",1263,1145,642
"2022-2023","2022-48",2022-11-28,2022-12-04,"A(H1N1)pdm2009",1263,1145,30
"2022-2023","2022-48",2022-11-28,2022-12-04,"FLU B",1263,1145,1
"2022-2023","2022-48",2022-11-28,2022-12-04,"SARS-CoV-2",1263,1145,123
"2022-2023","2022-48",2022-11-28,2022-12-04,"Rhinovirus",1263,1145,43
"2022-2023","2022-48",2022-11-28,2022-12-04,"RSV",1263,1145,138
"2022-2023","2022-48",2022-11-28,2022-12-04,"Parainfluenzali",1263,1145,7
"2022-2023","2022-48",2022-11-28,2022-12-04,"Adenovirus",1263,1145,6
"2022-2023","2022-48",2022-11-28,2022-12-04,"Generic coronavirus",1263,1145,12
"2022-2023","2022-48",2022-11-28,2022-12-04,"Bocavirus",1263,1145,1
"2022-2023","2022-48",2022-11-28,2022-12-04,"Metapneumovirus",1263,1145,4
"2022-2023","2022-49",2022-12-05,2022-12-11,"FLU A",1420,1293,729
"2022-2023","2022-49",2022-12-05,2022-12-11,"A",1420,1293,45
"2022-2023","2022-49",2022-12-05,2022-12-11,"A(H3N2)",1420,1293,649
"2022-2023","2022-49",2022-12-05,2022-12-11,"A(H1N1)pdm2009",1420,1293,35
"2022-2023","2022-49",2022-12-05,2022-12-11,"FLU B",1420,1293,9
"2022-2023","2022-49",2022-12-05,2022-12-11,"SARS-CoV-2",1420,1293,93
"2022-2023","2022-49",2022-12-05,2022-12-11,"Rhinovirus",1420,1293,42
"2022-2023","2022-49",2022-12-05,2022-12-11,"RSV",1420,1293,157
"2022-2023","2022-49",2022-12-05,2022-12-11,"Parainfluenzali",1420,1293,12
"2022-2023","2022-49",2022-12-05,2022-12-11,"Adenovirus",1420,1293,7
"2022-2023","2022-49",2022-12-05,2022-12-11,"Generic coronavirus",1420,1293,12
"2022-2023","2022-49",2022-12-05,2022-12-11,"Bocavirus",1420,1293,2
"2022-2023","2022-49",2022-12-05,2022-12-11,"Metapneumovirus",1420,1293,1
"2022-2023","2022-50",2022-12-12,2022-12-18,"FLU A",1686,1389,647
"2022-2023","2022-50",2022-12-12,2022-12-18,"A",1686,1389,27
"2022-2023","2022-50",2022-12-12,2022-12-18,"A(H3N2)",1686,1389,587
"2022-2023","2022-50",2022-12-12,2022-12-18,"A(H1N1)pdm2009",1686,1389,33
"2022-2023","2022-50",2022-12-12,2022-12-18,"FLU B",1686,1389,12
"2022-2023","2022-50",2022-12-12,2022-12-18,"SARS-CoV-2",1686,1389,74
"2022-2023","2022-50",2022-12-12,2022-12-18,"Rhinovirus",1686,1389,47
"2022-2023","2022-50",2022-12-12,2022-12-18,"RSV",1686,1389,208
"2022-2023","2022-50",2022-12-12,2022-12-18,"Parainfluenzali",1686,1389,17
"2022-2023","2022-50",2022-12-12,2022-12-18,"Adenovirus",1686,1389,11
"2022-2023","2022-50",2022-12-12,2022-12-18,"Generic coronavirus",1686,1389,5
"2022-2023","2022-50",2022-12-12,2022-12-18,"Bocavirus",1686,1389,2
"2022-2023","2022-50",2022-12-12,2022-12-18,"Metapneumovirus",1686,1389,12
"2022-2023","2022-51",2022-12-19,2022-12-25,"FLU A",1581,1402,603
"2022-2023","2022-51",2022-12-19,2022-12-25,"A",1581,1402,56
"2022-2023","2022-51",2022-12-19,2022-12-25,"A(H3N2)",1581,1402,506
"2022-2023","2022-51",2022-12-19,2022-12-25,"A(H1N1)pdm2009",1581,1402,41
"2022-2023","2022-51",2022-12-19,2022-12-25,"FLU B",1581,1402,8
"2022-2023","2022-51",2022-12-19,2022-12-25,"SARS-CoV-2",1581,1402,127
"2022-2023","2022-51",2022-12-19,2022-12-25,"Rhinovirus",1581,1402,40
"2022-2023","2022-51",2022-12-19,2022-12-25,"RSV",1581,1402,214
"2022-2023","2022-51",2022-12-19,2022-12-25,"Parainfluenzali",1581,1402,5
"2022-2023","2022-51",2022-12-19,2022-12-25,"Adenovirus",1581,1402,5
"2022-2023","2022-51",2022-12-19,2022-12-25,"Generic coronavirus",1581,1402,11
"2022-2023","2022-51",2022-12-19,2022-12-25,"Bocavirus",1581,1402,0
"2022-2023","2022-51",2022-12-19,2022-12-25,"Metapneumovirus",1581,1402,12
"2022-2023","2022-52",2022-12-26,2023-01-01,"FLU A",1432,1284,429
"2022-2023","2022-52",2022-12-26,2023-01-01,"A",1432,1284,37
"2022-2023","2022-52",2022-12-26,2023-01-01,"A(H3N2)",1432,1284,338
"2022-2023","2022-52",2022-12-26,2023-01-01,"A(H1N1)pdm2009",1432,1284,54
"2022-2023","2022-52",2022-12-26,2023-01-01,"FLU B",1432,1284,12
"2022-2023","2022-52",2022-12-26,2023-01-01,"SARS-CoV-2",1432,1284,108
"2022-2023","2022-52",2022-12-26,2023-01-01,"Rhinovirus",1432,1284,34
"2022-2023","2022-52",2022-12-26,2023-01-01,"RSV",1432,1284,270
"2022-2023","2022-52",2022-12-26,2023-01-01,"Parainfluenzali",1432,1284,4
"2022-2023","2022-52",2022-12-26,2023-01-01,"Adenovirus",1432,1284,8
"2022-2023","2022-52",2022-12-26,2023-01-01,"Generic coronavirus",1432,1284,4
"2022-2023","2022-52",2022-12-26,2023-01-01,"Bocavirus",1432,1284,0
"2022-2023","2022-52",2022-12-26,2023-01-01,"Metapneumovirus",1432,1284,11
"2022-2023","2023-01",2023-01-02,2023-01-08,"FLU A",1395,1305,299
"2022-2023","2023-01",2023-01-02,2023-01-08,"A",1395,1305,23
"2022-2023","2023-01",2023-01-02,2023-01-08,"A(H3N2)",1395,1305,236
"2022-2023","2023-01",2023-01-02,2023-01-08,"A(H1N1)pdm2009",1395,1305,40
"2022-2023","2023-01",2023-01-02,2023-01-08,"FLU B",1395,1305,17
"2022-2023","2023-01",2023-01-02,2023-01-08,"SARS-CoV-2",1395,1305,94
"2022-2023","2023-01",2023-01-02,2023-01-08,"Rhinovirus",1395,1305,31
"2022-2023","2023-01",2023-01-02,2023-01-08,"RSV",1395,1305,273
"2022-2023","2023-01",2023-01-02,2023-01-08,"Parainfluenzali",1395,1305,5
"2022-2023","2023-01",2023-01-02,2023-01-08,"Adenovirus",1395,1305,14
"2022-2023","2023-01",2023-01-02,2023-01-08,"Generic coronavirus",1395,1305,8
"2022-2023","2023-01",2023-01-02,2023-01-08,"Bocavirus",1395,1305,2
"2022-2023","2023-01",2023-01-02,2023-01-08,"Metapneumovirus",1395,1305,20
"2022-2023","2023-02",2023-01-09,2023-01-15,"FLU A",1431,1300,163
"2022-2023","2023-02",2023-01-09,2023-01-15,"A",1431,1300,21
"2022-2023","2023-02",2023-01-09,2023-01-15,"A(H3N2)",1431,1300,91
"2022-2023","2023-02",2023-01-09,2023-01-15,"A(H1N1)pdm2009",1431,1300,51
"2022-2023","2023-02",2023-01-09,2023-01-15,"FLU B",1431,1300,19
"2022-2023","2023-02",2023-01-09,2023-01-15,"SARS-CoV-2",1431,1300,96
"2022-2023","2023-02",2023-01-09,2023-01-15,"Rhinovirus",1431,1300,48
"2022-2023","2023-02",2023-01-09,2023-01-15,"RSV",1431,1300,250
"2022-2023","2023-02",2023-01-09,2023-01-15,"Parainfluenzali",1431,1300,7
"2022-2023","2023-02",2023-01-09,2023-01-15,"Adenovirus",1431,1300,22
"2022-2023","2023-02",2023-01-09,2023-01-15,"Generic coronavirus",1431,1300,4
"2022-2023","2023-02",2023-01-09,2023-01-15,"Bocavirus",1431,1300,2
"2022-2023","2023-02",2023-01-09,2023-01-15,"Metapneumovirus",1431,1300,18
"2022-2023","2023-03",2023-01-16,2023-01-22,"FLU A",1220,1124,152
"2022-2023","2023-03",2023-01-16,2023-01-22,"A",1220,1124,17
"2022-2023","2023-03",2023-01-16,2023-01-22,"A(H3N2)",1220,1124,90
"2022-2023","2023-03",2023-01-16,2023-01-22,"A(H1N1)pdm2009",1220,1124,45
"2022-2023","2023-03",2023-01-16,2023-01-22,"FLU B",1220,1124,43
"2022-2023","2023-03",2023-01-16,2023-01-22,"SARS-CoV-2",1220,1124,64
"2022-2023","2023-03",2023-01-16,2023-01-22,"Rhinovirus",1220,1124,25
"2022-2023","2023-03",2023-01-16,2023-01-22,"RSV",1220,1124,195
"2022-2023","2023-03",2023-01-16,2023-01-22,"Parainfluenzali",1220,1124,8
"2022-2023","2023-03",2023-01-16,2023-01-22,"Adenovirus",1220,1124,4
"2022-2023","2023-03",2023-01-16,2023-01-22,"Generic coronavirus",1220,1124,3
"2022-2023","2023-03",2023-01-16,2023-01-22,"Bocavirus",1220,1124,1
"2022-2023","2023-03",2023-01-16,2023-01-22,"Metapneumovirus",1220,1124,22
"2022-2023","2023-04",2023-01-23,2023-01-29,"FLU A",1099,1028,83
"2022-2023","2023-04",2023-01-23,2023-01-29,"A",1099,1028,9
"2022-2023","2023-04",2023-01-23,2023-01-29,"A(H3N2)",1099,1028,41
"2022-2023","2023-04",2023-01-23,2023-01-29,"A(H1N1)pdm2009",1099,1028,33
"2022-2023","2023-04",2023-01-23,2023-01-29,"FLU B",1099,1028,44
"2022-2023","2023-04",2023-01-23,2023-01-29,"SARS-CoV-2",1099,1028,60
"2022-2023","2023-04",2023-01-23,2023-01-29,"Rhinovirus",1099,1028,42
"2022-2023","2023-04",2023-01-23,2023-01-29,"RSV",1099,1028,171
"2022-2023","2023-04",2023-01-23,2023-01-29,"Parainfluenzali",1099,1028,11
"2022-2023","2023-04",2023-01-23,2023-01-29,"Adenovirus",1099,1028,15
"2022-2023","2023-04",2023-01-23,2023-01-29,"Generic coronavirus",1099,1028,0
"2022-2023","2023-04",2023-01-23,2023-01-29,"Bocavirus",1099,1028,2
"2022-2023","2023-04",2023-01-23,2023-01-29,"Metapneumovirus",1099,1028,30
"2022-2023","2023-05",2023-01-30,2023-02-05,"FLU A",1069,992,61
"2022-2023","2023-05",2023-01-30,2023-02-05,"A",1069,992,4
"2022-2023","2023-05",2023-01-30,2023-02-05,"A(H3N2)",1069,992,27
"2022-2023","2023-05",2023-01-30,2023-02-05,"A(H1N1)pdm2009",1069,992,30
"2022-2023","2023-05",2023-01-30,2023-02-05,"FLU B",1069,992,50
"2022-2023","2023-05",2023-01-30,2023-02-05,"SARS-CoV-2",1069,992,52
"2022-2023","2023-05",2023-01-30,2023-02-05,"Rhinovirus",1069,992,57
"2022-2023","2023-05",2023-01-30,2023-02-05,"RSV",1069,992,136
"2022-2023","2023-05",2023-01-30,2023-02-05,"Parainfluenzali",1069,992,7
"2022-2023","2023-05",2023-01-30,2023-02-05,"Adenovirus",1069,992,15
"2022-2023","2023-05",2023-01-30,2023-02-05,"Generic coronavirus",1069,992,6
"2022-2023","2023-05",2023-01-30,2023-02-05,"Bocavirus",1069,992,2
"2022-2023","2023-05",2023-01-30,2023-02-05,"Metapneumovirus",1069,992,45
"2022-2023","2023-06",2023-02-06,2023-02-12,"FLU A",818,777,57
"2022-2023","2023-06",2023-02-06,2023-02-12,"A",818,777,6
"2022-2023","2023-06",2023-02-06,2023-02-12,"A(H3N2)",818,777,16
"2022-2023","2023-06",2023-02-06,2023-02-12,"A(H1N1)pdm2009",818,777,35
"2022-2023","2023-06",2023-02-06,2023-02-12,"FLU B",818,777,66
"2022-2023","2023-06",2023-02-06,2023-02-12,"SARS-CoV-2",818,777,42
"2022-2023","2023-06",2023-02-06,2023-02-12,"Rhinovirus",818,777,39
"2022-2023","2023-06",2023-02-06,2023-02-12,"RSV",818,777,84
"2022-2023","2023-06",2023-02-06,2023-02-12,"Parainfluenzali",818,777,3
"2022-2023","2023-06",2023-02-06,2023-02-12,"Adenovirus",818,777,12
"2022-2023","2023-06",2023-02-06,2023-02-12,"Generic coronavirus",818,777,2
"2022-2023","2023-06",2023-02-06,2023-02-12,"Bocavirus",818,777,5
"2022-2023","2023-06",2023-02-06,2023-02-12,"Metapneumovirus",818,777,45
"2022-2023","2023-07",2023-02-13,2023-02-19,"FLU A",955,897,58
"2022-2023","2023-07",2023-02-13,2023-02-19,"A",955,897,3
"2022-2023","2023-07",2023-02-13,2023-02-19,"A(H3N2)",955,897,7
"2022-2023","2023-07",2023-02-13,2023-02-19,"A(H1N1)pdm2009",955,897,48
"2022-2023","2023-07",2023-02-13,2023-02-19,"FLU B",955,897,85
"2022-2023","2023-07",2023-02-13,2023-02-19,"SARS-CoV-2",955,897,59
"2022-2023","2023-07",2023-02-13,2023-02-19,"Rhinovirus",955,897,53
"2022-2023","2023-07",2023-02-13,2023-02-19,"RSV",955,897,66
"2022-2023","2023-07",2023-02-13,2023-02-19,"Parainfluenzali",955,897,7
"2022-2023","2023-07",2023-02-13,2023-02-19,"Adenovirus",955,897,18
"2022-2023","2023-07",2023-02-13,2023-02-19,"Generic coronavirus",955,897,6
"2022-2023","2023-07",2023-02-13,2023-02-19,"Bocavirus",955,897,1
"2022-2023","2023-07",2023-02-13,2023-02-19,"Metapneumovirus",955,897,56
"2022-2023","2023-08",2023-02-20,2023-02-26,"FLU A",1000,945,61
"2022-2023","2023-08",2023-02-20,2023-02-26,"A",1000,945,4
"2022-2023","2023-08",2023-02-20,2023-02-26,"A(H3N2)",1000,945,13
"2022-2023","2023-08",2023-02-20,2023-02-26,"A(H1N1)pdm2009",1000,945,44
"2022-2023","2023-08",2023-02-20,2023-02-26,"FLU B",1000,945,139
"2022-2023","2023-08",2023-02-20,2023-02-26,"SARS-CoV-2",1000,945,36
"2022-2023","2023-08",2023-02-20,2023-02-26,"Rhinovirus",1000,945,67
"2022-2023","2023-08",2023-02-20,2023-02-26,"RSV",1000,945,47
"2022-2023","2023-08",2023-02-20,2023-02-26,"Parainfluenzali",1000,945,12
"2022-2023","2023-08",2023-02-20,2023-02-26,"Adenovirus",1000,945,29
"2022-2023","2023-08",2023-02-20,2023-02-26,"Generic coronavirus",1000,945,5
"2022-2023","2023-08",2023-02-20,2023-02-26,"Bocavirus",1000,945,0
"2022-2023","2023-08",2023-02-20,2023-02-26,"Metapneumovirus",1000,945,38
"2022-2023","2023-09",2023-02-27,2023-03-05,"FLU A",922,882,34
"2022-2023","2023-09",2023-02-27,2023-03-05,"A",922,882,1
"2022-2023","2023-09",2023-02-27,2023-03-05,"A(H3N2)",922,882,6
"2022-2023","2023-09",2023-02-27,2023-03-05,"A(H1N1)pdm2009",922,882,27
"2022-2023","2023-09",2023-02-27,2023-03-05,"FLU B",922,882,141
"2022-2023","2023-09",2023-02-27,2023-03-05,"SARS-CoV-2",922,882,53
"2022-2023","2023-09",2023-02-27,2023-03-05,"Rhinovirus",922,882,46
"2022-2023","2023-09",2023-02-27,2023-03-05,"RSV",922,882,27
"2022-2023","2023-09",2023-02-27,2023-03-05,"Parainfluenzali",922,882,19
"2022-2023","2023-09",2023-02-27,2023-03-05,"Adenovirus",922,882,14
"2022-2023","2023-09",2023-02-27,2023-03-05,"Generic coronavirus",922,882,3
"2022-2023","2023-09",2023-02-27,2023-03-05,"Bocavirus",922,882,1
"2022-2023","2023-09",2023-02-27,2023-03-05,"Metapneumovirus",922,882,32
"2022-2023","2023-10",2023-03-06,2023-03-12,"FLU A",929,855,38
"2022-2023","2023-10",2023-03-06,2023-03-12,"A",929,855,7
"2022-2023","2023-10",2023-03-06,2023-03-12,"A(H3N2)",929,855,4
"2022-2023","2023-10",2023-03-06,2023-03-12,"A(H1N1)pdm2009",929,855,27
"2022-2023","2023-10",2023-03-06,2023-03-12,"FLU B",929,855,89
"2022-2023","2023-10",2023-03-06,2023-03-12,"SARS-CoV-2",929,855,27
"2022-2023","2023-10",2023-03-06,2023-03-12,"Rhinovirus",929,855,44
"2022-2023","2023-10",2023-03-06,2023-03-12,"RSV",929,855,31
"2022-2023","2023-10",2023-03-06,2023-03-12,"Parainfluenzali",929,855,16
"2022-2023","2023-10",2023-03-06,2023-03-12,"Adenovirus",929,855,29
"2022-2023","2023-10",2023-03-06,2023-03-12,"Generic coronavirus",929,855,13
"2022-2023","2023-10",2023-03-06,2023-03-12,"Bocavirus",929,855,0
"2022-2023","2023-10",2023-03-06,2023-03-12,"Metapneumovirus",929,855,38
