"year_week","start_date","e0_date","region_name","region_code","lat","long","number_healthcare_workers","number_cases","population","incidence","cases_0-4","inc_0-4","cases_5-14","inc_5-14","cases_15-64","inc_15-64","cases_65+","inc_65+"
"2022-43",2022-10-24,2022-10-30,"Piedmont",1,45.0732745,7.680687483,"55","478","75002","6.37","64","15.63","63","6.45","261","6.15","90","4.82"
"2022-43",2022-10-24,2022-10-30,"Aosta Valley",2,45.73750286,7.320149366,"3","3","4349","0.69","0","0","0","0","3","0.92","0","0"
"2022-43",2022-10-24,2022-10-30,"Lombardy",3,45.46679409,9.190347404,"175","2085","238298","8.75","435","26.06","347","9.02","1014","7.73","289","5.57"
"2022-43",2022-10-24,2022-10-30,"AP Bolzano",21,46.49933453,11.35662422,"0","0","0","0","0","0","0","0","0","0","0","0"
"2022-43",2022-10-24,2022-10-30,"AP Trento",22,46.06893511,11.12123097,"11","21","16452","1.28","2","6.21","6","5.05","12","1.15","1","0.22"
"2022-43",2022-10-24,2022-10-30,"Veneto",5,45.43490485,12.33845213,"0","0","0","0","0","0","0","0","0","0","0","0"
"2022-43",2022-10-24,2022-10-30,"Friuli-Venezia Giulia",6,45.6494354,13.76813649,"11","22","14151","1.55","2","1.4","2","0.48","17","2.82","1","0.39"
"2022-43",2022-10-24,2022-10-30,"Liguria",7,44.41149315,8.9326992,"7","15","8583","1.75","3","6.74","7","5.21","4","0.93","1","0.4"
"2022-43",2022-10-24,2022-10-30,"Emilia-Romagna",8,44.49436681,11.3417208,"39","163","45114","3.61","38","10.28","37","4.27","66","2.71","22","2.63"
"2022-43",2022-10-24,2022-10-30,"Tuscany",9,43.76923077,11.25588885,"35","243","47908","5.07","118","51.44","22","3.84","80","2.85","23","1.94"
"2022-43",2022-10-24,2022-10-30,"Umbria",10,43.10675841,12.38824698,"8","33","7886","4.18","6","5.99","11","4.85","9","2.77","7","5.12"
"2022-43",2022-10-24,2022-10-30,"Marche",11,43.61675973,13.5188753,"22","110","26989","4.08","28","12.62","16","2.49","55","4.15","11","2.17"
"2022-43",2022-10-24,2022-10-30,"Lazio",12,41.89277044,12.48366722,"175","642","230590","2.78","94","10.04","81","3.21","363","2.56","104","1.93"
"2022-43",2022-10-24,2022-10-30,"Abruzzo",13,42.35122196,13.39843823,"8","32","11641","2.75","0","0","2","1.78","22","2.92","8","2.98"
"2022-43",2022-10-24,2022-10-30,"Molise",14,41.55774754,14.65916051,"3","0","3425","0","0","0","0","0","0","0","0","0"
"2022-43",2022-10-24,2022-10-30,"Campania",15,40.83956555,14.25084984,"0","0","0","0","0","0","0","0","0","0","0","0"
"2022-43",2022-10-24,2022-10-30,"Apulia",16,41.12559576,16.86736689,"53","200","67444","2.97","33","8.62","36","4.03","106","2.72","25","1.59"
"2022-43",2022-10-24,2022-10-30,"Basilicata",17,40.63947052,15.80514834,"10","30","17249","1.74","10","8.97","20","9.02","0","0","0","0"
"2022-43",2022-10-24,2022-10-30,"Calabria",18,38.90597598,16.59440194,"0","0","0","0","0","0","0","0","0","0","0","0"
"2022-43",2022-10-24,2022-10-30,"Sicily",19,38.11569725,13.3623567,"108","495","132014","3.75","199","35.73","115","8.33","134","1.65","47","1.49"
"2022-43",2022-10-24,2022-10-30,"Sardinia",20,39.21531192,9.110616306,"0","0","0","0","0","0","0","0","0","0","0","0"
"2022-44",2022-10-31,2022-11-06,"Piedmont",1,45.0732745,7.680687483,"64","547","86517","6.32","55","12.52","72","6.85","321","6.47","99","4.49"
"2022-44",2022-10-31,2022-11-06,"Aosta Valley",2,45.73750286,7.320149366,"2","2","2729","0.73","0","0","0","0","1","0.5","1","1.54"
"2022-44",2022-10-31,2022-11-06,"Lombardy",3,45.46679409,9.190347404,"183","1971","245853","8.02","408","22.57","341","8.15","990","7.49","232","4.32"
"2022-44",2022-10-31,2022-11-06,"AP Bolzano",21,46.49933453,11.35662422,"0","0","0","0","0","0","0","0","0","0","0","0"
"2022-44",2022-10-31,2022-11-06,"AP Trento",22,46.06893511,11.12123097,"16","64","21935","2.92","10","11.16","14","4.69","31","2.43","9","1.7"
"2022-44",2022-10-31,2022-11-06,"Veneto",5,45.43490485,12.33845213,"0","0","0","0","0","0","0","0","0","0","0","0"
"2022-44",2022-10-31,2022-11-06,"Friuli-Venezia Giulia",6,45.6494354,13.76813649,"20","84","25797","3.26","17","8.19","9","1.81","50","3.87","8","1.37"
"2022-44",2022-10-31,2022-11-06,"Liguria",7,44.41149315,8.9326992,"21","58","26893","2.16","7","6.48","9","3.05","29","1.95","13","1.63"
"2022-44",2022-10-31,2022-11-06,"Emilia-Romagna",8,44.49436681,11.3417208,"43","205","49730","4.12","47","10.65","53","4.77","94","3.86","11","1.12"
"2022-44",2022-10-31,2022-11-06,"Tuscany",9,43.76923077,11.25588885,"40","211","52514","4.02","44","16.25","39","5.75","95","3.16","33","2.54"
"2022-44",2022-10-31,2022-11-06,"Umbria",10,43.10675841,12.38824698,"13","71","14409","4.93","15","14.99","16","6.66","32","4.13","8","2.46"
"2022-44",2022-10-31,2022-11-06,"Marche",11,43.61675973,13.5188753,"34","204","41338","4.93","72","18.44","47","4.39","66","3.45","19","2.5"
"2022-44",2022-10-31,2022-11-06,"Lazio",12,41.89277044,12.48366722,"186","929","245400","3.79","93","9.66","128","4.92","549","3.63","159","2.72"
"2022-44",2022-10-31,2022-11-06,"Abruzzo",13,42.35122196,13.39843823,"19","81","25350","3.2","18","16.97","11","3.43","39","2.55","13","2.26"
"2022-44",2022-10-31,2022-11-06,"Molise",14,41.55774754,14.65916051,"2","0","1746","0","0","0","0","0","0","0","0","0"
"2022-44",2022-10-31,2022-11-06,"Campania",15,40.83956555,14.25084984,"0","0","0","0","0","0","0","0","0","0","0","0"
"2022-44",2022-10-31,2022-11-06,"Apulia",16,41.12559576,16.86736689,"65","250","83139","3.01","61","12.01","54","4.71","116","2.42","19","1.02"
"2022-44",2022-10-31,2022-11-06,"Basilicata",17,40.63947052,15.80514834,"10","29","17249","1.68","19","17.04","10","4.51","0","0","0","0"
"2022-44",2022-10-31,2022-11-06,"Calabria",18,38.90597598,16.59440194,"0","0","0","0","0","0","0","0","0","0","0","0"
"2022-44",2022-10-31,2022-11-06,"Sicily",19,38.11569725,13.3623567,"109","548","135992","4.03","90","14.2","126","8.22","215","2.62","117","3.61"
"2022-44",2022-10-31,2022-11-06,"Sardinia",20,39.21531192,9.110616306,"0","0","0","0","0","0","0","0","0","0","0","0"
"2022-45",2022-11-07,2022-11-13,"Piedmont",1,45.0732745,7.680687483,"62","742","83976","8.84","79","16.72","113","9.84","405","8.57","145","7.07"
"2022-45",2022-11-07,2022-11-13,"Aosta Valley",2,45.73750286,7.320149366,"2","3","2832","1.06","0","0","0","0","1","0.5","2","2.64"
"2022-45",2022-11-07,2022-11-13,"Lombardy",3,45.46679409,9.190347404,"210","3042","282675","10.76","594","29.24","618","13.12","1525","9.84","305","5.06"
"2022-45",2022-11-07,2022-11-13,"AP Bolzano",21,46.49933453,11.35662422,"6","30","8731","3.44","4","5.93","9","5.47","17","3.64","0","0"
"2022-45",2022-11-07,2022-11-13,"AP Trento",22,46.06893511,11.12123097,"14","92","19345","4.76","20","34.97","12","5.82","52","4.4","8","1.64"
"2022-45",2022-11-07,2022-11-13,"Veneto",5,45.43490485,12.33845213,"44","280","61833","4.53","48","13.23","102","11.5","112","3.23","18","1.23"
"2022-45",2022-11-07,2022-11-13,"Friuli-Venezia Giulia",6,45.6494354,13.76813649,"21","109","27519","3.96","18","8.67","20","4.03","57","4.02","14","2.21"
"2022-45",2022-11-07,2022-11-13,"Liguria",7,44.41149315,8.9326992,"29","153","37076","4.13","11","13.51","20","8.34","102","4.57","20","1.74"
"2022-45",2022-11-07,2022-11-13,"Emilia-Romagna",8,44.49436681,11.3417208,"60","473","72648","6.51","96","18.79","115","8.72","218","5.56","44","2.91"
"2022-45",2022-11-07,2022-11-13,"Tuscany",9,43.76923077,11.25588885,"43","275","57907","4.75","61","21.49","59","8.16","114","3.42","41","2.82"
"2022-45",2022-11-07,2022-11-13,"Umbria",10,43.10675841,12.38824698,"12","134","12911","10.38","29","28.97","30","12.51","60","8.53","15","6.06"
"2022-45",2022-11-07,2022-11-13,"Marche",11,43.61675973,13.5188753,"39","301","44133","6.82","77","18.5","90","7.97","117","5.77","17","2.03"
"2022-45",2022-11-07,2022-11-13,"Lazio",12,41.89277044,12.48366722,"197","1273","261721","4.86","121","12.57","166","6.32","811","4.96","175","2.8"
"2022-45",2022-11-07,2022-11-13,"Abruzzo",13,42.35122196,13.39843823,"29","268","35059","7.64","84","27.74","74","11.09","88","4.7","22","3.32"
"2022-45",2022-11-07,2022-11-13,"Molise",14,41.55774754,14.65916051,"10","12","11818","1.02","0","0","0","0","8","1.01","4","1.31"
"2022-45",2022-11-07,2022-11-13,"Campania",15,40.83956555,14.25084984,"0","0","0","0","0","0","0","0","0","0","0","0"
"2022-45",2022-11-07,2022-11-13,"Apulia",16,41.12559576,16.86736689,"58","324","68938","4.7","58","9.17","67","5.19","158","4.36","41","3.05"
"2022-45",2022-11-07,2022-11-13,"Basilicata",17,40.63947052,15.80514834,"10","39","17249","2.26","18","16.14","7","3.16","13","1.81","1","0.15"
"2022-45",2022-11-07,2022-11-13,"Calabria",18,38.90597598,16.59440194,"0","0","0","0","0","0","0","0","0","0","0","0"
"2022-45",2022-11-07,2022-11-13,"Sicily",19,38.11569725,13.3623567,"113","661","141067","4.69","88","16.49","118","8.79","324","3.67","131","3.85"
"2022-45",2022-11-07,2022-11-13,"Sardinia",20,39.21531192,9.110616306,"0","0","0","0","0","0","0","0","0","0","0","0"
"2022-46",2022-11-14,2022-11-20,"Piedmont",1,45.0732745,7.680687483,"62","824","83086","9.92","105","23.91","133","12.64","466","9.93","120","5.65"
"2022-46",2022-11-14,2022-11-20,"Aosta Valley",2,45.73750286,7.320149366,"4","19","5449","3.49","10","28.9","5","6.02","4","1.23","0","0"
"2022-46",2022-11-14,2022-11-20,"Lombardy",3,45.46679409,9.190347404,"215","4212","293294","14.36","769","38.68","973","21.29","2085","12.67","385","6.09"
"2022-46",2022-11-14,2022-11-20,"AP Bolzano",21,46.49933453,11.35662422,"7","64","10310","6.21","19","28.19","21","12.76","22","3.73","2","0.96"
"2022-46",2022-11-14,2022-11-20,"AP Trento",22,46.06893511,11.12123097,"14","115","19232","5.98","19","33.22","25","11.95","66","5.61","5","1.04"
"2022-46",2022-11-14,2022-11-20,"Veneto",5,45.43490485,12.33845213,"73","1098","102231","10.74","265","35.49","391","21.63","392","7.2","50","2.25"
"2022-46",2022-11-14,2022-11-20,"Friuli-Venezia Giulia",6,45.6494354,13.76813649,"23","204","32069","6.36","37","20.72","40","8.17","105","5.99","22","2.8"
"2022-46",2022-11-14,2022-11-20,"Liguria",7,44.41149315,8.9326992,"26","218","33797","6.45","14","12.95","20","6.59","149","7.67","35","3.41"
"2022-46",2022-11-14,2022-11-20,"Emilia-Romagna",8,44.49436681,11.3417208,"70","1047","85577","12.23","218","35.1","302","18.89","449","9.82","78","4.42"
"2022-46",2022-11-14,2022-11-20,"Tuscany",9,43.76923077,11.25588885,"43","563","58307","9.66","109","38.39","156","21.55","243","7.19","55","3.81"
"2022-46",2022-11-14,2022-11-20,"Umbria",10,43.10675841,12.38824698,"13","168","14408","11.66","46","45.95","37","15.19","72","9.07","13","4.29"
"2022-46",2022-11-14,2022-11-20,"Marche",11,43.61675973,13.5188753,"44","540","49885","10.82","178","33.71","204","14.79","128","5.88","30","3.32"
"2022-46",2022-11-14,2022-11-20,"Lazio",12,41.89277044,12.48366722,"188","1529","249340","6.13","147","15.83","242","9.47","958","6.17","182","3.07"
"2022-46",2022-11-14,2022-11-20,"Abruzzo",13,42.35122196,13.39843823,"36","345","44723","7.71","76","30.76","91","14.79","135","5.19","43","4.26"
"2022-46",2022-11-14,2022-11-20,"Molise",14,41.55774754,14.65916051,"8","35","9709","3.6","8","19.18","12","12.62","11","1.7","4","2.13"
"2022-46",2022-11-14,2022-11-20,"Campania",15,40.83956555,14.25084984,"0","0","0","0","0","0","0","0","0","0","0","0"
"2022-46",2022-11-14,2022-11-20,"Apulia",16,41.12559576,16.86736689,"73","511","96251","5.31","69","12.55","103","8.38","268","4.71","71","3.29"
"2022-46",2022-11-14,2022-11-20,"Basilicata",17,40.63947052,15.80514834,"10","32","17249","1.86","16","14.35","12","5.41","4","0.56","0","0"
"2022-46",2022-11-14,2022-11-20,"Calabria",18,38.90597598,16.59440194,"0","0","0","0","0","0","0","0","0","0","0","0"
"2022-46",2022-11-14,2022-11-20,"Sicily",19,38.11569725,13.3623567,"84","904","103412","8.74","158","26.06","258","18.25","389","6.52","99","4.21"
"2022-46",2022-11-14,2022-11-20,"Sardinia",20,39.21531192,9.110616306,"0","0","0","0","0","0","0","0","0","0","0","0"
"2022-47",2022-11-21,2022-11-27,"Piedmont",1,45.0732745,7.680687483,"60","1164","82943","14.03","140","31.88","234","22.57","638","13.59","152","7.16"
"2022-47",2022-11-21,2022-11-27,"Aosta Valley",2,45.73750286,7.320149366,"3","25","3829","6.53","12","34.68","7","8.55","6","2.98","0","0"
"2022-47",2022-11-21,2022-11-27,"Lombardy",3,45.46679409,9.190347404,"222","5427","304850","17.8","1082","48.1","1394","27.76","2480","14.73","471","7.39"
"2022-47",2022-11-21,2022-11-27,"AP Bolzano",21,46.49933453,11.35662422,"5","123","7645","16.09","44","130.56","37","42.43","39","8.26","3","1.75"
"2022-47",2022-11-21,2022-11-27,"AP Trento",22,46.06893511,11.12123097,"15","202","20590","9.81","11","19.23","44","20.49","130","10.15","17","3.36"
"2022-47",2022-11-21,2022-11-27,"Veneto",5,45.43490485,12.33845213,"86","1980","120541","16.43","406","45.72","789","37.15","675","10.5","110","4.21"
"2022-47",2022-11-21,2022-11-27,"Friuli-Venezia Giulia",6,45.6494354,13.76813649,"21","232","28909","8.03","54","30.24","38","7.8","121","7.85","19","2.77"
"2022-47",2022-11-21,2022-11-27,"Liguria",7,44.41149315,8.9326992,"23","327","30143","10.85","49","60.2","62","27.56","178","9.91","38","4.17"
"2022-47",2022-11-21,2022-11-27,"Emilia-Romagna",8,44.49436681,11.3417208,"75","1816","89720","20.24","374","53.77","667","38.69","678","14.36","97","5.3"
"2022-47",2022-11-21,2022-11-27,"Tuscany",9,43.76923077,11.25588885,"45","778","58959","13.2","144","48.71","194","25.53","335","9.91","105","7.2"
"2022-47",2022-11-21,2022-11-27,"Umbria",10,43.10675841,12.38824698,"14","308","15705","19.61","89","71.09","80","25.97","121","13.92","18","6.71"
"2022-47",2022-11-21,2022-11-27,"Marche",11,43.61675973,13.5188753,"43","788","50585","15.58","219","41.93","332","23.83","202","9.08","35","3.82"
"2022-47",2022-11-21,2022-11-27,"Lazio",12,41.89277044,12.48366722,"192","2028","254043","7.98","256","26.59","397","15.16","1155","7.31","220","3.65"
"2022-47",2022-11-21,2022-11-27,"Abruzzo",13,42.35122196,13.39843823,"35","516","41667","12.38","107","45.38","153","24.33","192","8.06","64","6.96"
"2022-47",2022-11-21,2022-11-27,"Molise",14,41.55774754,14.65916051,"13","36","15520","2.32","0","0","7","6.89","21","2.02","8","2.16"
"2022-47",2022-11-21,2022-11-27,"Campania",15,40.83956555,14.25084984,"0","0","0","0","0","0","0","0","0","0","0","0"
"2022-47",2022-11-21,2022-11-27,"Apulia",16,41.12559576,16.86736689,"71","704","91647","7.68","109","20.39","164","13.82","343","6.38","88","4.26"
"2022-47",2022-11-21,2022-11-27,"Basilicata",17,40.63947052,15.80514834,"10","44","17249","2.55","15","13.45","15","6.76","11","1.53","3","0.45"
"2022-47",2022-11-21,2022-11-27,"Calabria",18,38.90597598,16.59440194,"0","0","0","0","0","0","0","0","0","0","0","0"
"2022-47",2022-11-21,2022-11-27,"Sicily",19,38.11569725,13.3623567,"96","1020","118337","8.62","172","32.65","296","22.48","451","6.31","101","3.55"
"2022-47",2022-11-21,2022-11-27,"Sardinia",20,39.21531192,9.110616306,"0","0","0","0","0","0","0","0","0","0","0","0"
"2022-48",2022-11-28,2022-12-04,"Piedmont",1,45.0732745,7.680687483,"66","1611","90771","17.75","179","40.41","348","31.23","856","16.33","228","10"
"2022-48",2022-11-28,2022-12-04,"Aosta Valley",2,45.73750286,7.320149366,"4","45","5449","8.26","14","40.46","11","13.24","18","5.52","2","1.98"
"2022-48",2022-11-28,2022-12-04,"Lombardy",3,45.46679409,9.190347404,"213","6123","296084","20.68","1188","61.52","1467","32.3","2936","17.58","532","8.27"
"2022-48",2022-11-28,2022-12-04,"AP Bolzano",21,46.49933453,11.35662422,"4","57","6462","8.82","0","0","1","11.76","49","10.51","7","4.08"
"2022-48",2022-11-28,2022-12-04,"AP Trento",22,46.06893511,11.12123097,"13","234","17798","13.15","24","41.96","47","23.05","144","13.29","19","4.37"
"2022-48",2022-11-28,2022-12-04,"Veneto",5,45.43490485,12.33845213,"88","2299","120772","19.04","535","52.48","743","30.51","899","14.75","122","4.83"
"2022-48",2022-11-28,2022-12-04,"Friuli-Venezia Giulia",6,45.6494354,13.76813649,"24","513","31978","16.04","98","47.21","101","20.1","254","14.8","60","7.78"
"2022-48",2022-11-28,2022-12-04,"Liguria",7,44.41149315,8.9326992,"28","458","36841","12.43","41","30.44","89","23.03","262","12.41","66","6.28"
"2022-48",2022-11-28,2022-12-04,"Emilia-Romagna",8,44.49436681,11.3417208,"75","2029","92295","21.98","367","58.99","638","40.52","901","17.84","123","6.2"
"2022-48",2022-11-28,2022-12-04,"Tuscany",9,43.76923077,11.25588885,"43","988","57000","17.33","157","64.32","241","39.02","459","13.7","131","8.8"
"2022-48",2022-11-28,2022-12-04,"Umbria",10,43.10675841,12.38824698,"12","249","13034","19.1","92","73.48","81","26.65","63","9.84","13","5.55"
"2022-48",2022-11-28,2022-12-04,"Marche",11,43.61675973,13.5188753,"42","1001","50768","19.72","252","53.4","371","29.39","326","13.52","52","5.58"
"2022-48",2022-11-28,2022-12-04,"Lazio",12,41.89277044,12.48366722,"185","2704","243821","11.09","351","37.69","579","22.86","1470","9.74","304","5.22"
"2022-48",2022-11-28,2022-12-04,"Abruzzo",13,42.35122196,13.39843823,"34","831","40891","20.32","142","56.02","226","36.52","374","16.15","89","9.88"
"2022-48",2022-11-28,2022-12-04,"Molise",14,41.55774754,14.65916051,"14","68","15965","4.26","7","16.79","18","17.56","31","2.91","12","3.1"
"2022-48",2022-11-28,2022-12-04,"Campania",15,40.83956555,14.25084984,"0","0","0","0","0","0","0","0","0","0","0","0"
"2022-48",2022-11-28,2022-12-04,"Apulia",16,41.12559576,16.86736689,"64","847","84586","10.01","131","30.23","208","19.81","448","8.86","60","3.13"
"2022-48",2022-11-28,2022-12-04,"Basilicata",17,40.63947052,15.80514834,"10","45","17249","2.61","17","15.25","17","7.66","7","0.98","4","0.59"
"2022-48",2022-11-28,2022-12-04,"Calabria",18,38.90597598,16.59440194,"0","0","0","0","0","0","0","0","0","0","0","0"
"2022-48",2022-11-28,2022-12-04,"Sicily",19,38.11569725,13.3623567,"110","1685","138510","12.17","266","50.63","405","30.65","806","9.33","208","6.17"
"2022-48",2022-11-28,2022-12-04,"Sardinia",20,39.21531192,9.110616306,"0","0","0","0","0","0","0","0","0","0","0","0"
"2022-49",2022-12-05,2022-12-11,"Piedmont",1,45.0732745,7.680687483,"58","1517","76582","19.81","187","46.89","323","34.6","798","18.23","209","10.73"
"2022-49",2022-12-05,2022-12-11,"Aosta Valley",2,45.73750286,7.320149366,"4","74","5449","13.58","32","92.49","30","36.1","12","3.68","0","0"
"2022-49",2022-12-05,2022-12-11,"Lombardy",3,45.46679409,9.190347404,"217","5280","304706","17.33","906","48.92","1016","22.83","2808","16.12","550","8.15"
"2022-49",2022-12-05,2022-12-11,"AP Bolzano",21,46.49933453,11.35662422,"9","341","13087","26.06","78","79.75","91","39.58","160","22.03","12","4.71"
"2022-49",2022-12-05,2022-12-11,"AP Trento",22,46.06893511,11.12123097,"12","236","17582","13.42","31","54.2","61","30.32","120","11.3","24","5.49"
"2022-49",2022-12-05,2022-12-11,"Veneto",5,45.43490485,12.33845213,"91","1807","127234","14.2","424","43","506","21.28","735","11.14","142","5.14"
"2022-49",2022-12-05,2022-12-11,"Friuli-Venezia Giulia",6,45.6494354,13.76813649,"24","375","31839","11.78","63","30.35","120","23.65","169","9.97","23","2.97"
"2022-49",2022-12-05,2022-12-11,"Liguria",7,44.41149315,8.9326992,"32","644","43041","14.96","46","56.51","107","45.84","383","14.36","108","8.17"
"2022-49",2022-12-05,2022-12-11,"Emilia-Romagna",8,44.49436681,11.3417208,"86","1956","108681","18","394","54.43","563","31.32","860","14.65","139","5.62"
"2022-49",2022-12-05,2022-12-11,"Tuscany",9,43.76923077,11.25588885,"39","996","51060","19.51","217","76.44","253","35.37","436","15.13","90","7.34"
"2022-49",2022-12-05,2022-12-11,"Umbria",10,43.10675841,12.38824698,"16","300","19241","15.59","84","67.09","73","22.47","123","11.5","20","4.95"
"2022-49",2022-12-05,2022-12-11,"Marche",11,43.61675973,13.5188753,"44","1126","53051","21.22","254","57.32","426","35.07","398","15.41","48","4.51"
"2022-49",2022-12-05,2022-12-11,"Lazio",12,41.89277044,12.48366722,"192","3063","255326","12","438","45.5","634","24.23","1643","10.36","348","5.72"
"2022-49",2022-12-05,2022-12-11,"Abruzzo",13,42.35122196,13.39843823,"35","938","41540","22.58","196","70.61","323","48.03","337","14.67","82","9.05"
"2022-49",2022-12-05,2022-12-11,"Molise",14,41.55774754,14.65916051,"12","69","13898","4.96","11","26.38","19","18.96","36","3.9","3","0.92"
"2022-49",2022-12-05,2022-12-11,"Campania",15,40.83956555,14.25084984,"26","590","34051","17.33","165","48.02","161","23.48","210","11.72","54","9.24"
"2022-49",2022-12-05,2022-12-11,"Apulia",16,41.12559576,16.86736689,"73","1093","91944","11.89","232","39.1","292","23.46","467","8.71","102","5.12"
"2022-49",2022-12-05,2022-12-11,"Basilicata",17,40.63947052,15.80514834,"10","70","17249","4.06","22","19.73","16","7.21","20","2.79","12","1.78"
"2022-49",2022-12-05,2022-12-11,"Calabria",18,38.90597598,16.59440194,"0","0","0","0","0","0","0","0","0","0","0","0"
"2022-49",2022-12-05,2022-12-11,"Sicily",19,38.11569725,13.3623567,"110","1895","135355","14","343","65.99","489","35.02","867","10.33","196","6.08"
"2022-49",2022-12-05,2022-12-11,"Sardinia",20,39.21531192,9.110616306,"0","0","0","0","0","0","0","0","0","0","0","0"
"2022-50",2022-12-12,2022-12-18,"Piedmont",1,45.0732745,7.680687483,"62","1793","84258","21.28","226","47.82","327","28.9","987","20.93","253","12.02"
"2022-50",2022-12-12,2022-12-18,"Aosta Valley",2,45.73750286,7.320149366,"2","39","2729","14.29","0","0","3","38.96","32","15.98","4","6.16"
"2022-50",2022-12-12,2022-12-18,"Lombardy",3,45.46679409,9.190347404,"204","4626","285630","16.2","882","44.68","878","19.57","2383","15.00","483","7.77"
"2022-50",2022-12-12,2022-12-18,"AP Bolzano",21,46.49933453,11.35662422,"8","164","11904","13.78","17","26.52","17","11.24","121","16.79","9","3.53"
"2022-50",2022-12-12,2022-12-18,"AP Trento",22,46.06893511,11.12123097,"11","215","16035","13.41","26","45.45","35","17.61","132","13.71","22","5.72"
"2022-50",2022-12-12,2022-12-18,"Veneto",5,45.43490485,12.33845213,"86","1592","120032","13.26","392","39.9","405","17.28","684","11.19","111","4.33"
"2022-50",2022-12-12,2022-12-18,"Friuli-Venezia Giulia",6,45.6494354,13.76813649,"18","215","23830","9.02","46","22.16","57","11.48","100","8.67","12","2.28"
"2022-50",2022-12-12,2022-12-18,"Liguria",7,44.41149315,8.9326992,"30","604","39212","15.4","68","62.96","114","36.8","360","15.53","62","5.23"
"2022-50",2022-12-12,2022-12-18,"Emilia-Romagna",8,44.49436681,11.3417208,"78","1507","100047","15.06","266","41.48","346","21.33","787","14.43","108","4.72"
"2022-50",2022-12-12,2022-12-18,"Tuscany",9,43.76923077,11.25588885,"41","1123","53606","20.95","244","80.45","294","37.15","480","16.19","105","8.07"
"2022-50",2022-12-12,2022-12-18,"Umbria",10,43.10675841,12.38824698,"15","325","17115","18.99","86","68.69","93","29.26","118","12.85","28","7.99"
"2022-50",2022-12-12,2022-12-18,"Marche",11,43.61675973,13.5188753,"37","961","43935","21.87","218","66.42","255","29.45","403","17.7","85","9.22"
"2022-50",2022-12-12,2022-12-18,"Lazio",12,41.89277044,12.48366722,"176","2858","231548","12.34","428","45.56","573","22.81","1561","10.95","296","5.44"
"2022-50",2022-12-12,2022-12-18,"Abruzzo",13,42.35122196,13.39843823,"34","984","40116","24.53","190","54.43","295","39.72","402","18.99","97","12.09"
"2022-50",2022-12-12,2022-12-18,"Molise",14,41.55774754,14.65916051,"14","102","15965","6.39","12","28.78","16","15.61","61","5.73","13","3.36"
"2022-50",2022-12-12,2022-12-18,"Campania",15,40.83956555,14.25084984,"32","616","39792","15.48","154","33.71","184","20.1","216","11.24","62","9.05"
"2022-50",2022-12-12,2022-12-18,"Apulia",16,41.12559576,16.86736689,"78","1134","101872","11.13","185","33.72","225","18.13","588","9.66","136","5.88"
"2022-50",2022-12-12,2022-12-18,"Basilicata",17,40.63947052,15.80514834,"10","100","17249","5.8","27","24.22","33","14.88","26","3.62","14","2.08"
"2022-50",2022-12-12,2022-12-18,"Calabria",18,38.90597598,16.59440194,"0","0","0","0","0","0","0","0","0","0","0","0"
"2022-50",2022-12-12,2022-12-18,"Sicily",19,38.11569725,13.3623567,"109","1835","134960","13.6","257","53.34","345","26.82","972","11.55","261","7.87"
"2022-50",2022-12-12,2022-12-18,"Sardinia",20,39.21531192,9.110616306,"0","0","0","0","0","0","0","0","0","0","0","0"
"2022-51",2022-12-19,2022-12-25,"Piedmont",1,45.0732745,7.680687483,"45","866","58716","14.75","81","23.77","109","14.36","534","16.37","142","9.41"
"2022-51",2022-12-19,2022-12-25,"Aosta Valley",2,45.73750286,7.320149366,"4","161","5449","29.55","62","179.19","36","43.32","54","16.56","9","8.89"
"2022-51",2022-12-19,2022-12-25,"Lombardy",3,45.46679409,9.190347404,"183","3578","256627","13.94","544","38.24","508","14.25","2066","13.93","460","7.87"
"2022-51",2022-12-19,2022-12-25,"AP Bolzano",21,46.49933453,11.35662422,"5","81","7811","10.37","5","14.84","6","6.65","60","12.36","10","5.83"
"2022-51",2022-12-19,2022-12-25,"AP Trento",22,46.06893511,11.12123097,"9","115","12903","8.91","13","22.73","29","15.07","65","8.73","8","2.7"
"2022-51",2022-12-19,2022-12-25,"Veneto",5,45.43490485,12.33845213,"74","1078","106175","10.15","208","32.35","209","13.37","555","9.38","106","4.25"
"2022-51",2022-12-19,2022-12-25,"Friuli-Venezia Giulia",6,45.6494354,13.76813649,"17","233","22608","10.31","45","32.19","40","11.8","127","10.26","21","3.86"
"2022-51",2022-12-19,2022-12-25,"Liguria",7,44.41149315,8.9326992,"23","378","30105","12.56","41","37.93","76","25.43","222","12.81","39","4.48"
"2022-51",2022-12-19,2022-12-25,"Emilia-Romagna",8,44.49436681,11.3417208,"68","1170","87776","13.33","182","35.68","212","15.66","665","13.64","111","5.44"
"2022-51",2022-12-19,2022-12-25,"Tuscany",9,43.76923077,11.25588885,"38","742","50533","14.68","107","53.63","120","23.72","417","13.6","98","7.65"
"2022-51",2022-12-19,2022-12-25,"Umbria",10,43.10675841,12.38824698,"16","252","17855","14.11","58","46.33","64","19.77","95","10","35","9.05"
"2022-51",2022-12-19,2022-12-25,"Marche",11,43.61675973,13.5188753,"33","721","36393","19.81","199","51.47","251","24.22","231","14.71","40","6.19"
"2022-51",2022-12-19,2022-12-25,"Lazio",12,41.89277044,12.48366722,"181","2708","240158","11.28","309","33.96","469","18.91","1612","10.79","318","5.6"
"2022-51",2022-12-19,2022-12-25,"Abruzzo",13,42.35122196,13.39843823,"27","804","32942","24.41","181","76.18","241","42.97","286","15.9","96","13.78"
"2022-51",2022-12-19,2022-12-25,"Molise",14,41.55774754,14.65916051,"2","7","2188","3.2","2","5.88","5","12.25","0","0","0","0"
"2022-51",2022-12-19,2022-12-25,"Campania",15,40.83956555,14.25084984,"23","447","28200","15.85","125","28.82","159","18.3","126","10.86","37","10.34"
"2022-51",2022-12-19,2022-12-25,"Apulia",16,41.12559576,16.86736689,"68","1052","88756","11.85","187","39.8","253","22.97","511","9.65","101","5.02"
"2022-51",2022-12-19,2022-12-25,"Basilicata",17,40.63947052,15.80514834,"3","28","4556","6.15","7","9.42","16","12.54","4","1.86","1","2.56"
"2022-51",2022-12-19,2022-12-25,"Calabria",18,38.90597598,16.59440194,"0","0","0","0","0","0","0","0","0","0","0","0"
"2022-51",2022-12-19,2022-12-25,"Sicily",19,38.11569725,13.3623567,"112","1686","137496","12.26","237","43.27","295","21.35","925","10.91","229","6.85"
"2022-51",2022-12-19,2022-12-25,"Sardinia",20,39.21531192,9.110616306,"0","0","0","0","0","0","0","0","0","0","0","0"
"2022-52",2022-12-26,2023-01-01,"Piedmont",1,45.0732745,7.680687483,"45","847","62951","13.45","58","18.09","73","9.75","524","14.64","192","11.66"
"2022-52",2022-12-26,2023-01-01,"Aosta Valley",2,45.73750286,7.320149366,"3","182","3829","47.53","82","236.99","75","91.58","21","10.42","4","6.16"
"2022-52",2022-12-26,2023-01-01,"Lombardy",3,45.46679409,9.190347404,"186","3015","263222","11.45","558","34.38","425","10.89","1572","10.45","460","8"
"2022-52",2022-12-26,2023-01-01,"AP Bolzano",21,46.49933453,11.35662422,"5","44","7412","5.94","3","8.9","3","3.5","32","6.7","6","4.17"
"2022-52",2022-12-26,2023-01-01,"AP Trento",22,46.06893511,11.12123097,"9","147","13105","11.22","15","26.22","22","11.43","90","11.98","20","6.46"
"2022-52",2022-12-26,2023-01-01,"Veneto",5,45.43490485,12.33845213,"72","996","100947","9.87","183","25.76","167","9.54","525","9.75","121","5.38"
"2022-52",2022-12-26,2023-01-01,"Friuli-Venezia Giulia",6,45.6494354,13.76813649,"16","179","21209","8.44","17","11.6","16","4.16","130","11.77","16","3.29"
"2022-52",2022-12-26,2023-01-01,"Liguria",7,44.41149315,8.9326992,"24","355","31328","11.33","32","39.31","43","19.41","229","12.4","51","5.19"
"2022-52",2022-12-26,2023-01-01,"Emilia-Romagna",8,44.49436681,11.3417208,"68","1081","88122","12.27","166","32.5","217","17.37","569","11.52","129","6.1"
"2022-52",2022-12-26,2023-01-01,"Tuscany",9,43.76923077,11.25588885,"37","657","49653","13.23","120","47.81","80","12.5","357","12.51","100","8.19"
"2022-52",2022-12-26,2023-01-01,"Umbria",10,43.10675841,12.38824698,"13","137","13478","10.16","41","27.61","39","10.04","41","7.02","16","7.06"
"2022-52",2022-12-26,2023-01-01,"Marche",11,43.61675973,13.5188753,"38","764","46064","16.59","171","41.27","220","18.86","302","13.99","71","8.19"
"2022-52",2022-12-26,2023-01-01,"Lazio",12,41.89277044,12.48366722,"183","2551","240539","10.61","282","30.11","372","14.65","1518","10.2","379","6.65"
"2022-52",2022-12-26,2023-01-01,"Abruzzo",13,42.35122196,13.39843823,"32","844","38419","21.97","193","72.28","235","37.44","316","15.33","100","11.28"
"2022-52",2022-12-26,2023-01-01,"Molise",14,41.55774754,14.65916051,"12","88","13686","6.43","14","33.57","14","14.52","51","5.71","9","2.66"
"2022-52",2022-12-26,2023-01-01,"Campania",15,40.83956555,14.25084984,"50","938","60736","15.44","269","35.49","286","18.48","294","10.52","89","9.15"
"2022-52",2022-12-26,2023-01-01,"Apulia",16,41.12559576,16.86736689,"89","1565","112830","13.87","292","35.55","351","20.28","743","11.84","179","7.29"
"2022-52",2022-12-26,2023-01-01,"Basilicata",17,40.63947052,15.80514834,"10","85","17249","4.93","17","15.25","31","13.98","34","4.74","3","0.45"
"2022-52",2022-12-26,2023-01-01,"Calabria",18,38.90597598,16.59440194,"0","0","0","0","0","0","0","0","0","0","0","0"
"2022-52",2022-12-26,2023-01-01,"Sicily",19,38.11569725,13.3623567,"114","1715","141132","12.15","172","33.15","306","22.33","955","10.9","282","8.14"
"2022-52",2022-12-26,2023-01-01,"Sardinia",20,39.21531192,9.110616306,"12","180","15963","11.28","50","41.36","70","26.13","52","5.8","8","2.57"
"2023-01",2023-01-02,2023-01-08,"Piedmont",1,45.0732745,7.680687483,"52","757","69918","10.83","59","19.29","66","8.45","484","11.84","148","8.15"
"2023-01",2023-01-02,2023-01-08,"Aosta Valley",2,45.73750286,7.320149366,"2","101","2591","38.98","48","138.73","39","51.52","13","12.07","1","2.43"
"2023-01",2023-01-02,2023-01-08,"Lombardy",3,45.46679409,9.190347404,"207","2781","288341","9.64","332","18.33","254","6.04","1694","10.25","501","7.98"
"2023-01",2023-01-02,2023-01-08,"AP Bolzano",21,46.49933453,11.35662422,"5","42","7451","5.64","1","3.29","5","7.29","33","6.66","3","1.99"
"2023-01",2023-01-02,2023-01-08,"AP Trento",22,46.06893511,11.12123097,"11","111","16035","6.92","8","13.99","12","6.04","70","7.27","21","5.46"
"2023-01",2023-01-02,2023-01-08,"Veneto",5,45.43490485,12.33845213,"77","947","107524","8.81","169","19.3","133","6.54","539","9.85","106","4.47"
"2023-01",2023-01-02,2023-01-08,"Friuli-Venezia Giulia",6,45.6494354,13.76813649,"16","80","20585","3.89","13","7.57","7","1.65","51","4.94","9","2.09"
"2023-01",2023-01-02,2023-01-08,"Liguria",7,44.41149315,8.9326992,"30","359","40604","8.84","17","24.43","20","8.28","251","10.07","71","5.65"
"2023-01",2023-01-02,2023-01-08,"Emilia-Romagna",8,44.49436681,11.3417208,"70","946","91682","10.32","125","22.64","123","8.67","581","11.48","117","5.47"
"2023-01",2023-01-02,2023-01-08,"Tuscany",9,43.76923077,11.25588885,"37","473","48767","9.7","89","29.34","110","13.94","213","8.08","61","5.31"
"2023-01",2023-01-02,2023-01-08,"Umbria",10,43.10675841,12.38824698,"15","114","16689","6.83","9","7.29","12","3.66","67","7.74","26","7.39"
"2023-01",2023-01-02,2023-01-08,"Marche",11,43.61675973,13.5188753,"38","521","43991","11.84","127","29.18","100","8.44","238","12.18","56","6.79"
"2023-01",2023-01-02,2023-01-08,"Lazio",12,41.89277044,12.48366722,"181","2425","239516","10.12","223","23.94","284","11.23","1517","10.21","401","7.11"
"2023-01",2023-01-02,2023-01-08,"Abruzzo",13,42.35122196,13.39843823,"31","629","35776","17.58","143","37.78","148","19.66","272","15.61","66","9.37"
"2023-01",2023-01-02,2023-01-08,"Molise",14,41.55774754,14.65916051,"11","85","13062","6.51","6","14.39","12","12.54","50","5.72","17","5.78"
"2023-01",2023-01-02,2023-01-08,"Campania",15,40.83956555,14.25084984,"39","633","48355","13.09","132","22.49","157","13.02","287","12.45","57","7.72"
"2023-01",2023-01-02,2023-01-08,"Apulia",16,41.12559576,16.86736689,"76","1291","100368","12.86","194","35.42","216","17.38","719","12.09","162","7.04"
"2023-01",2023-01-02,2023-01-08,"Basilicata",17,40.63947052,15.80514834,"10","82","17249","4.75","23","20.63","18","8.12","39","5.43","2","0.3"
"2023-01",2023-01-02,2023-01-08,"Calabria",18,38.90597598,16.59440194,"0","0","0","0","0","0","0","0","0","0","0","0"
"2023-01",2023-01-02,2023-01-08,"Sicily",19,38.11569725,13.3623567,"112","1631","135667","12.02","248","38.28","310","20.48","839","10.28","234","7.21"
"2023-01",2023-01-02,2023-01-08,"Sardinia",20,39.21531192,9.110616306,"14","143","18996","7.53","33","27.3","53","19.49","49","4.45","8","1.97"
"2023-02",2023-01-09,2023-01-15,"Piedmont",1,45.0732745,7.680687483,"49","800","68307","11.71","59","13.37","68","6.72","501","13.47","172","10.39"
"2023-02",2023-01-09,2023-01-15,"Aosta Valley",2,45.73750286,7.320149366,"3","45","4349","10.35","0","0","3","33.71","39","12.01","3","2.96"
"2023-02",2023-01-09,2023-01-15,"Lombardy",3,45.46679409,9.190347404,"200","2583","274663","9.4","371","18.76","324","7.3","1486","9.81","402","6.8"
"2023-02",2023-01-09,2023-01-15,"AP Bolzano",21,46.49933453,11.35662422,"5","35","6983","5.01","5","7.8","1","0.67","27","7.43","2","1.63"
"2023-02",2023-01-09,2023-01-15,"AP Trento",22,46.06893511,11.12123097,"10","79","14430","5.47","7","12.24","7","3.57","54","6.44","11","3.14"
"2023-02",2023-01-09,2023-01-15,"Veneto",5,45.43490485,12.33845213,"77","839","107851","7.78","129","15.92","117","5.95","490","8.66","103","4.39"
"2023-02",2023-01-09,2023-01-15,"Friuli-Venezia Giulia",6,45.6494354,13.76813649,"17","99","21052","4.7","19","9.15","8","1.63","60","6.24","12","2.7"
"2023-02",2023-01-09,2023-01-15,"Liguria",7,44.41149315,8.9326992,"26","315","33756","9.33","12","11.4","16","5.19","237","12.07","50","5.01"
"2023-02",2023-01-09,2023-01-15,"Emilia-Romagna",8,44.49436681,11.3417208,"69","845","87223","9.69","121","19.26","145","9.45","468","10.12","111","5.73"
"2023-02",2023-01-09,2023-01-15,"Tuscany",9,43.76923077,11.25588885,"36","494","48347","10.22","64","24.7","116","18.2","257","9.3","57","4.85"
"2023-02",2023-01-09,2023-01-15,"Umbria",10,43.10675841,12.38824698,"15","149","16956","8.79","25","19.49","26","8.13","62","6.96","36","10.08"
"2023-02",2023-01-09,2023-01-15,"Marche",11,43.61675973,13.5188753,"30","354","35682","9.92","57","18.54","49","5.61","215","12.83","33","4.63"
"2023-02",2023-01-09,2023-01-15,"Lazio",12,41.89277044,12.48366722,"157","1909","205933","9.27","166","19.18","214","9.08","1209","9.64","320","6.63"
"2023-02",2023-01-09,2023-01-15,"Abruzzo",13,42.35122196,13.39843823,"24","539","30040","17.94","84","33.71","129","23.37","245","15.37","81","13.31"
"2023-02",2023-01-09,2023-01-15,"Molise",14,41.55774754,14.65916051,"12","81","13195","6.14","7","16.79","9","9.26","56","6.38","9","2.97"
"2023-02",2023-01-09,2023-01-15,"Campania",15,40.83956555,14.25084984,"48","745","57637","12.93","228","27.11","212","12.81","256","10.49","49","5.93"
"2023-02",2023-01-09,2023-01-15,"Apulia",16,41.12559576,16.86736689,"56","654","70138","9.32","134","29.73","166","17.12","291","7.22","63","4.03"
"2023-02",2023-01-09,2023-01-15,"Basilicata",17,40.63947052,15.80514834,"9","79","16080","4.91","19","17.19","20","9.23","35","5.39","5","0.79"
"2023-02",2023-01-09,2023-01-15,"Calabria",18,38.90597598,16.59440194,"0","0","0","0","0","0","0","0","0","0","0","0"
"2023-02",2023-01-09,2023-01-15,"Sicily",19,38.11569725,13.3623567,"92","1251","114586","10.92","151","31.62","179","14.41","723","10.37","198","7.16"
"2023-02",2023-01-09,2023-01-15,"Sardinia",20,39.21531192,9.110616306,"14","135","18996","7.11","32","26.47","37","13.6","60","5.45","6","1.48"
"2023-03",2023-01-16,2023-01-22,"Piedmont",1,45.0732745,7.680687483,"59","754","81612","9.24","76","17.47","91","8.65","449","9.7","138","6.75"
"2023-03",2023-01-16,2023-01-22,"Aosta Valley",2,45.73750286,7.320149366,"2","25","2729","9.16","0","0","1","12.99","23","11.48","1","1.54"
"2023-03",2023-01-16,2023-01-22,"Lombardy",3,45.46679409,9.190347404,"211","2636","295414","8.92","463","26.39","350","8.33","1459","8.63","364","5.45"
"2023-03",2023-01-16,2023-01-22,"AP Bolzano",21,46.49933453,11.35662422,"7","46","9577","4.8","13","13.29","19","8.28","13","2.67","1","0.69"
"2023-03",2023-01-16,2023-01-22,"AP Trento",22,46.06893511,11.12123097,"10","74","14481","5.11","6","10.49","10","5.1","52","6.07","6","1.77"
"2023-03",2023-01-16,2023-01-22,"Veneto",5,45.43490485,12.33845213,"85","866","120455","7.19","146","17.57","123","6.29","472","7.22","125","4.58"
"2023-03",2023-01-16,2023-01-22,"Friuli-Venezia Giulia",6,45.6494354,13.76813649,"18","116","24234","4.79","25","14.55","22","5.11","54","4.34","15","2.6"
"2023-03",2023-01-16,2023-01-22,"Liguria",7,44.41149315,8.9326992,"43","356","57535","6.19","30","14.37","31","5.28","232","7","63","3.83"
"2023-03",2023-01-16,2023-01-22,"Emilia-Romagna",8,44.49436681,11.3417208,"74","763","94704","8.06","111","18.73","163","10.6","395","7.62","94","4.35"
"2023-03",2023-01-16,2023-01-22,"Tuscany",9,43.76923077,11.25588885,"35","541","46422","11.65","95","34.11","94","13.28","248","9.69","104","9.48"
"2023-03",2023-01-16,2023-01-22,"Umbria",10,43.10675841,12.38824698,"16","137","18122","7.56","20","19.98","19","7.32","77","7.35","21","5.18"
"2023-03",2023-01-16,2023-01-22,"Marche",11,43.61675973,13.5188753,"39","450","46905","9.59","81","24.06","77","7.99","221","9.3","71","7.01"
"2023-03",2023-01-16,2023-01-22,"Lazio",12,41.89277044,12.48366722,"181","1929","239036","8.07","202","21.39","247","9.79","1200","8.13","280","4.94"
"2023-03",2023-01-16,2023-01-22,"Abruzzo",13,42.35122196,13.39843823,"25","475","29522","16.09","112","44.94","133","25.21","183","11.79","47","7.54"
"2023-03",2023-01-16,2023-01-22,"Molise",14,41.55774754,14.65916051,"0","0","0","0","0","0","0","0","0","0","0","0"
"2023-03",2023-01-16,2023-01-22,"Campania",15,40.83956555,14.25084984,"48","667","59063","11.29","192","27.52","185","12.67","223","7.97","67","7.05"
"2023-03",2023-01-16,2023-01-22,"Apulia",16,41.12559576,16.86736689,"69","775","90158","8.6","147","30.58","182","17.31","378","7","68","3.27"
"2023-03",2023-01-16,2023-01-22,"Basilicata",17,40.63947052,15.80514834,"9","74","16080","4.6","25","22.62","19","8.77","25","3.85","5","0.79"
"2023-03",2023-01-16,2023-01-22,"Calabria",18,38.90597598,16.59440194,"0","0","0","0","0","0","0","0","0","0","0","0"
"2023-03",2023-01-16,2023-01-22,"Sicily",19,38.11569725,13.3623567,"110","1586","132763","11.95","245","39.71","312","20.48","772","9.67","257","8.16"
"2023-03",2023-01-16,2023-01-22,"Sardinia",20,39.21531192,9.110616306,"14","138","18996","7.26","49","40.53","51","18.75","28","2.55","10","2.46"
"2023-04",2023-01-23,2023-01-29,"Piedmont",1,45.0732745,7.680687483,"54","690","73200","9.43","74","20.63","95","10.75","420","9.92","101","5.48"
"2023-04",2023-01-23,2023-01-29,"Aosta Valley",2,45.73750286,7.320149366,"2","12","2729","4.4","0","0","0","0","12","5.99","0","0"
"2023-04",2023-01-23,2023-01-29,"Lombardy",3,45.46679409,9.190347404,"207","2585","289718","8.92","549","28.24","409","9.02","1330","8.22","297","4.71"
"2023-04",2023-01-23,2023-01-29,"AP Bolzano",21,46.49933453,11.35662422,"7","44","9584","4.59","6","9.36","12","8.02","24","4.43","2","0.99"
"2023-04",2023-01-23,2023-01-29,"AP Trento",22,46.06893511,11.12123097,"9","58","13062","4.44","2","3.5","8","4.17","43","5.74","5","1.62"
"2023-04",2023-01-23,2023-01-29,"Veneto",5,45.43490485,12.33845213,"83","740","116520","6.35","129","15.6","114","5.57","421","6.85","76","2.88"
"2023-04",2023-01-23,2023-01-29,"Friuli-Venezia Giulia",6,45.6494354,13.76813649,"19","154","24486","6.29","32","15.41","36","7.28","71","5.92","15","2.74"
"2023-04",2023-01-23,2023-01-29,"Liguria",7,44.41149315,8.9326992,"35","333","46779","7.12","48","22.99","50","8.95","191","7.42","44","3.29"
"2023-04",2023-01-23,2023-01-29,"Emilia-Romagna",8,44.49436681,11.3417208,"72","763","94961","8.03","128","24.34","126","8.89","417","7.84","92","4.12"
"2023-04",2023-01-23,2023-01-29,"Tuscany",9,43.76923077,11.25588885,"41","559","54258","10.3","95","33.46","81","11.29","327","10.63","56","4.15"
"2023-04",2023-01-23,2023-01-29,"Umbria",10,43.10675841,12.38824698,"12","103","12849","8.02","21","20.98","20","8.31","53","8.09","9","3.12"
"2023-04",2023-01-23,2023-01-29,"Marche",11,43.61675973,13.5188753,"36","345","42400","8.14","89","23.79","74","7.51","154","7.49","28","3.4"
"2023-04",2023-01-23,2023-01-29,"Lazio",12,41.89277044,12.48366722,"190","1913","252088","7.59","192","20.48","257","10.09","1197","7.61","267","4.45"
"2023-04",2023-01-23,2023-01-29,"Abruzzo",13,42.35122196,13.39843823,"25","454","29666","15.3","137","49.35","145","25.06","136","9.18","36","5.73"
"2023-04",2023-01-23,2023-01-29,"Molise",14,41.55774754,14.65916051,"13","83","14496","5.73","10","23.98","9","9.04","57","5.94","7","2.01"
"2023-04",2023-01-23,2023-01-29,"Campania",15,40.83956555,14.25084984,"52","709","63857","11.1","150","20.12","153","9.56","325","10.84","81","7.78"
"2023-04",2023-01-23,2023-01-29,"Apulia",16,41.12559576,16.86736689,"77","926","100573","9.21","137","24.5","192","15.17","496","8.4","101","4.34"
"2023-04",2023-01-23,2023-01-29,"Basilicata",17,40.63947052,15.80514834,"9","92","16080","5.72","27","24.43","23","10.61","36","5.55","6","0.95"
"2023-04",2023-01-23,2023-01-29,"Calabria",18,38.90597598,16.59440194,"0","0","0","0","0","0","0","0","0","0","0","0"
"2023-04",2023-01-23,2023-01-29,"Sicily",19,38.11569725,13.3623567,"109","1279","132908","9.62","204","36.85","278","20.14","640","7.89","157","4.85"
"2023-04",2023-01-23,2023-01-29,"Sardinia",20,39.21531192,9.110616306,"13","146","17488","8.35","61","50.45","46","16.96","39","3.9","0","0"
"2023-05",2023-01-30,2023-02-05,"Piedmont",1,45.0732745,7.680687483,"51","627","71219","8.80","51","13.77","125","14.65","356","8.68","95","5.29"
"2023-05",2023-01-30,2023-02-05,"Aosta Valley",2,45.73750286,7.320149366,"2","11","2729","4.03","0","0","1","12.99","10","4.99","0","0"
"2023-05",2023-01-30,2023-02-05,"Lombardy",3,45.46679409,9.190347404,"215","2666","297910","8.95","539","30.58","493","11.51","1375","8.08","259","3.84"
"2023-05",2023-01-30,2023-02-05,"AP Bolzano",21,46.49933453,11.35662422,"7","70","9785","7.15","18","26.71","18","11.03","33","6.06","1","0.49"
"2023-05",2023-01-30,2023-02-05,"AP Trento",22,46.06893511,11.12123097,"9","70","13368","5.24","8","13.99","13","6.82","35","4.54","14","4.40"
"2023-05",2023-01-30,2023-02-05,"Veneto",5,45.43490485,12.33845213,"77","649","107531","6.04","121","15.49","111","6.05","340","5.94","77","3.19"
"2023-05",2023-01-30,2023-02-05,"Friuli-Venezia Giulia",6,45.6494354,13.76813649,"15","133","20544","6.47","30","21.01","26","6.35","68","6.47","9","1.99"
"2023-05",2023-01-30,2023-02-05,"Liguria",7,44.41149315,8.9326992,"41","422","55426","7.61","38","20.86","51","10.37","281","8.67","52","3.19"
"2023-05",2023-01-30,2023-02-05,"Emilia-Romagna",8,44.49436681,11.3417208,"74","792","95579","8.29","118","21.08","156","10.91","462","8.69","56","2.49"
"2023-05",2023-01-30,2023-02-05,"Tuscany",9,43.76923077,11.25588885,"37","528","48866","10.81","100","38.6","81","12.73","274","9.89","73","5.98"
"2023-05",2023-01-30,2023-02-05,"Umbria",10,43.10675841,12.38824698,"14","129","14308","9.02","25","24.98","24","9.88","59","7.45","21","7.10"
"2023-05",2023-01-30,2023-02-05,"Marche",11,43.61675973,13.5188753,"33","329","38925","8.45","80","24.95","77","8.23","138","7.48","34","4.30"
"2023-05",2023-01-30,2023-02-05,"Lazio",12,41.89277044,12.48366722,"171","1709","225336","7.58","165","18.46","231","9.74","1098","7.90","215","4.01"
"2023-05",2023-01-30,2023-02-05,"Abruzzo",13,42.35122196,13.39843823,"35","531","40890","12.99","128","36.56","181","24.54","178","8.40","44","4.99"
"2023-05",2023-01-30,2023-02-05,"Molise",14,41.55774754,14.65916051,"14","61","15965","3.82","3","7.19","15","14.63","32","3","11","2.84"
"2023-05",2023-01-30,2023-02-05,"Campania",15,40.83956555,14.25084984,"48","520","57766","9","176","23.6","128","8.09","169","6.64","47","5.21"
"2023-05",2023-01-30,2023-02-05,"Apulia",16,41.12559576,16.86736689,"64","614","83899","7.32","113","22.45","164","15.26","272","5.51","65","3.47"
"2023-05",2023-01-30,2023-02-05,"Basilicata",17,40.63947052,15.80514834,"9","86","16080","5.35","27","24.43","26","12","25","3.85","8","1.27"
"2023-05",2023-01-30,2023-02-05,"Calabria",18,38.90597598,16.59440194,"0","0","0","0","0","0","0","0","0","0","0","0"
"2023-05",2023-01-30,2023-02-05,"Sicily",19,38.11569725,13.3623567,"102","1184","124385","9.52","204","37.54","289","20.42","540","7.20","151","5.07"
"2023-05",2023-01-30,2023-02-05,"Sardinia",20,39.21531192,9.110616306,"12","121","16259","7.44","47","38.88","44","16.76","30","3.35","0","0"
"2023-06",2023-02-06,2023-02-12,"Piedmont",1,45.0732745,7.680687483,"51","737","70997","10.38","71","19.91","137","15.86","448","10.84","81","4.64"
"2023-06",2023-02-06,2023-02-12,"Aosta Valley",2,45.73750286,7.320149366,"2","10","2729","3.66","0","0","1","12.99","9","4.49","0","0"
"2023-06",2023-02-06,2023-02-12,"Lombardy",3,45.46679409,9.190347404,"210","2501","290573","8.61","528","29.92","435","9.88","1300","7.9","238","3.7"
"2023-06",2023-02-06,2023-02-12,"AP Bolzano",21,46.49933453,11.35662422,"8","72","10599","6.79","18","18.4","19","8.23","33","6.10","2","1.05"
"2023-06",2023-02-06,2023-02-12,"AP Trento",22,46.06893511,11.12123097,"8","54","11824","4.57","8","13.99","15","8.02","29","4.34","2","0.74"
"2023-06",2023-02-06,2023-02-12,"Veneto",5,45.43490485,12.33845213,"68","562","94242","5.96","111","15.22","106","6.25","309","6.25","36","1.76"
"2023-06",2023-02-06,2023-02-12,"Friuli-Venezia Giulia",6,45.6494354,13.76813649,"18","121","22600","5.35","32","15.41","24","4.85","59","5.5","6","1.23"
"2023-06",2023-02-06,2023-02-12,"Liguria",7,44.41149315,8.9326992,"39","411","51918","7.92","30","16.47","47","9.67","271","9.06","63","4.11"
"2023-06",2023-02-06,2023-02-12,"Emilia-Romagna",8,44.49436681,11.3417208,"69","794","89398","8.88","110","20.99","147","10.37","471","9.63","66","3.13"
"2023-06",2023-02-06,2023-02-12,"Tuscany",9,43.76923077,11.25588885,"40","548","53223","10.3","72","28.4","69","10.95","325","10.47","82","6.14"
"2023-06",2023-02-06,2023-02-12,"Umbria",10,43.10675841,12.38824698,"10","88","10756","8.18","23","22.98","21","8.72","40","7.24","4","2.20"
"2023-06",2023-02-06,2023-02-12,"Marche",11,43.61675973,13.5188753,"33","445","39738","11.2","51","18.37","109","13.67","230","11.27","55","6.41"
"2023-06",2023-02-06,2023-02-12,"Lazio",12,41.89277044,12.48366722,"182","1789","239228","7.48","162","16.83","217","8.38","1177","7.99","233","4.13"
"2023-06",2023-02-06,2023-02-12,"Abruzzo",13,42.35122196,13.39843823,"27","426","32969","12.92","119","47.75","117","22.29","151","8.50","39","5.23"
"2023-06",2023-02-06,2023-02-12,"Molise",14,41.55774754,14.65916051,"0","0","0","0","0","0","0","0","0","0","0","0"
"2023-06",2023-02-06,2023-02-12,"Campania",15,40.83956555,14.25084984,"46","505","56218","8.98","156","21.64","157","10.31","162","6.50","30","3.39"
"2023-06",2023-02-06,2023-02-12,"Apulia",16,41.12559576,16.86736689,"65","583","83271","7","105","19.78","147","12.9","279","5.82","52","2.79"
"2023-06",2023-02-06,2023-02-12,"Basilicata",17,40.63947052,15.80514834,"9","73","16080","4.54","19","17.19","22","10.15","26","4.01","6","0.95"
"2023-06",2023-02-06,2023-02-12,"Calabria",18,38.90597598,16.59440194,"0","0","0","0","0","0","0","0","0","0","0","0"
"2023-06",2023-02-06,2023-02-12,"Sicily",19,38.11569725,13.3623567,"108","1065","130665","8.15","153","27.51","209","15.04","567","7.13","136","4.29"
"2023-06",2023-02-06,2023-02-12,"Sardinia",20,39.21531192,9.110616306,"14","115","18996","6.05","39","32.26","56","20.59","19","1.73","1","0.25"
"2023-07",2023-02-13,2023-02-19,"Piedmont",1,45.0732745,7.680687483,"49","620","65412","9.48","82","16.18","158","14.36","321","9.35","59","3.93"
"2023-07",2023-02-13,2023-02-19,"Aosta Valley",2,45.73750286,7.320149366,"2","7","2729","2.57","0","0","0","0","7","3.49","0","0"
"2023-07",2023-02-13,2023-02-19,"Lombardy",3,45.46679409,9.190347404,"205","2632","286265","9.19","509","29.24","502","12.03","1359","8.41","262","4"
"2023-07",2023-02-13,2023-02-19,"AP Bolzano",21,46.49933453,11.35662422,"7","64","8972","7.13","13","13.29","23","10.08","24","5.79","4","2.55"
"2023-07",2023-02-13,2023-02-19,"AP Trento",22,46.06893511,11.12123097,"11","127","16035","7.92","14","24.48","32","16.1","64","6.65","17","4.42"
"2023-07",2023-02-13,2023-02-19,"Veneto",5,45.43490485,12.33845213,"55","501","74656","6.71","121","19.82","98","6.6","244","6.45","38","2.39"
"2023-07",2023-02-13,2023-02-19,"Friuli-Venezia Giulia",6,45.6494354,13.76813649,"13","101","17311","5.83","20","14.01","41","10.12","36","4.39","4","1.1"
"2023-07",2023-02-13,2023-02-19,"Liguria",7,44.41149315,8.9326992,"38","369","51999","7.1","21","14.31","46","11.45","250","8.57","52","3"
"2023-07",2023-02-13,2023-02-19,"Emilia-Romagna",8,44.49436681,11.3417208,"64","743","83037","8.95","111","20.35","169","12.3","399","8.91","64","3.36"
"2023-07",2023-02-13,2023-02-19,"Tuscany",9,43.76923077,11.25588885,"38","543","50054","10.85","77","29.72","80","12.5","305","10.67","81","6.49"
"2023-07",2023-02-13,2023-02-19,"Umbria",10,43.10675841,12.38824698,"10","83","10325","8.04","16","15.98","20","8.42","40","8.58","7","3.06"
"2023-07",2023-02-13,2023-02-19,"Marche",11,43.61675973,13.5188753,"38","437","45626","9.58","93","23.47","112","10.46","199","9.08","33","3.65"
"2023-07",2023-02-13,2023-02-19,"Lazio",12,41.89277044,12.48366722,"155","1594","204617","7.79","130","15.69","172","7.66","1093","8.69","199","4.14"
"2023-07",2023-02-13,2023-02-19,"Abruzzo",13,42.35122196,13.39843823,"27","482","32742","14.72","126","44.81","157","26.03","172","10.11","27","3.92"
"2023-07",2023-02-13,2023-02-19,"Molise",14,41.55774754,14.65916051,"14","64","15965","4.01","6","14.39","14","13.66","38","3.57","6","1.55"
"2023-07",2023-02-13,2023-02-19,"Campania",15,40.83956555,14.25084984,"46","411","55868","7.36","126","18.59","125","8.9","137","5.28","23","2.52"
"2023-07",2023-02-13,2023-02-19,"Apulia",16,41.12559576,16.86736689,"56","485","74908","6.47","75","18.9","146","16.26","235","5.22","29","1.71"
"2023-07",2023-02-13,2023-02-19,"Basilicata",17,40.63947052,15.80514834,"9","56","16080","3.48","11","9.95","17","7.84","23","3.54","5","0.79"
"2023-07",2023-02-13,2023-02-19,"Calabria",18,38.90597598,16.59440194,"0","0","0","0","0","0","0","0","0","0","0","0"
"2023-07",2023-02-13,2023-02-19,"Sicily",19,38.11569725,13.3623567,"79","586","94877","6.18","51","12.58","95","9.58","338","5.86","102","4.38"
"2023-07",2023-02-13,2023-02-19,"Sardinia",20,39.21531192,9.110616306,"13","130","17798","7.3","45","37.22","38","14.12","42","4.12","5","1.35"
"2023-08",2023-02-20,2023-02-26,"Piedmont",1,45.0732745,7.680687483,"54","586","73579","7.96","63","15.57","100","11.68","338","8.06","85","4.47"
"2023-08",2023-02-20,2023-02-26,"Aosta Valley",2,45.73750286,7.320149366,"2","14","2729","5.13","NA","NA","NA","NA","13","6.49","1","1.54"
"2023-08",2023-02-20,2023-02-26,"Lombardy",3,45.46679409,9.190347404,"200","2514","284365","8.84","442","26.51","461","11.28","1379","8.49","232","3.6"
"2023-08",2023-02-20,2023-02-26,"AP Bolzano",21,46.49933453,11.35662422,"7","44","10244","4.3","4","11.87","6","6.38","29","4.41","5","2.09"
"2023-08",2023-02-20,2023-02-26,"AP Trento",22,46.06893511,11.12123097,"8","88","11676","7.54","12","20.98","16","8.46","46","7.19","14","4.98"
"2023-08",2023-02-20,2023-02-26,"Veneto",5,45.43490485,12.33845213,"56","586","76945","7.62","147","21.53","110","6.91","292","7.65","37","2.31"
"2023-08",2023-02-20,2023-02-26,"Friuli-Venezia Giulia",6,45.6494354,13.76813649,"16","123","20680","5.95","10","5.83","19","4.36","77","7.66","17","3.73"
"2023-08",2023-02-20,2023-02-26,"Liguria",7,44.41149315,8.9326992,"39","399","55217","7.23","18","12.26","31","7.57","278","9.03","72","3.81"
"2023-08",2023-02-20,2023-02-26,"Emilia-Romagna",8,44.49436681,11.3417208,"69","960","90261","10.64","128","27.08","210","16.7","537","10.46","85","3.93"
"2023-08",2023-02-20,2023-02-26,"Tuscany",9,43.76923077,11.25588885,"35","576","45424","12.68","75","28.95","72","11.41","339","13.25","90","8.23"
"2023-08",2023-02-20,2023-02-26,"Umbria",10,43.10675841,12.38824698,"13","104","14251","7.3","20","19.98","22","8.69","50","6.33","12","4.26"
"2023-08",2023-02-20,2023-02-26,"Marche",11,43.61675973,13.5188753,"34","564","40532","13.91","122","33.53","175","17.89","229","12.04","38","4.69"
"2023-08",2023-02-20,2023-02-26,"Lazio",12,41.89277044,12.48366722,"176","1444","232353","6.21","135","14.41","178","7.07","944","6.6","187","3.42"
"2023-08",2023-02-20,2023-02-26,"Abruzzo",13,42.35122196,13.39843823,"29","403","36265","11.11","112","44.94","141","24.18","126","6.36","24","2.95"
"2023-08",2023-02-20,2023-02-26,"Molise",14,41.55774754,14.65916051,"14","66","15965","4.13","5","11.99","15","14.63","40","3.76","6","1.55"
"2023-08",2023-02-20,2023-02-26,"Campania",15,40.83956555,14.25084984,"47","328","57905","5.66","88","12.74","113","7.92","107","3.94","20","2.1"
"2023-08",2023-02-20,2023-02-26,"Apulia",16,41.12559576,16.86736689,"101","1035","131545","7.87","174","21.7","256","14.43","512","6.72","93","3.14"
"2023-08",2023-02-20,2023-02-26,"Basilicata",17,40.63947052,15.80514834,"9","50","16080","3.11","11","9.95","20","9.23","17","2.62","2","0.32"
"2023-08",2023-02-20,2023-02-26,"Calabria",18,38.90597598,16.59440194,"NA","NA","NA","NA","NA","NA","NA","NA","NA","NA","NA","NA"
"2023-08",2023-02-20,2023-02-26,"Sicily",19,38.11569725,13.3623567,"114","1141","139368","8.19","207","30.67","247","15.02","569","6.82","118","3.61"
"2023-08",2023-02-20,2023-02-26,"Sardinia",20,39.21531192,9.110616306,"14","133","18996","7","40","33.09","43","15.81","43","3.91","7","1.72"
"2023-09",2023-02-27,2023-03-05,"Piedmont",1,45.0732745,7.680687483,"53","586","74116","7.91","65","13.73","93","9.00","365","8.89","63","3.5"
"2023-09",2023-02-27,2023-03-05,"Aosta Valley",2,45.73750286,7.320149366,"2","19","2729","6.96","NA","NA","NA","NA","18","8.99","1","1.54"
"2023-09",2023-02-27,2023-03-05,"Lombardy",3,45.46679409,9.190347404,"203","2413","279163","8.64","443","25.16","420","9.8","1255","8.01","295","4.76"
"2023-09",2023-02-27,2023-03-05,"AP Bolzano",21,46.49933453,11.35662422,"4","21","5210","4.03","1","3.29","4","5.78","16","5.2","NA","NA"
"2023-09",2023-02-27,2023-03-05,"AP Trento",22,46.06893511,11.12123097,"11","77","15739","4.89","7","12.24","11","5.52","55","5.84","4","1.07"
"2023-09",2023-02-27,2023-03-05,"Veneto",5,45.43490485,12.33845213,"69","531","95540","5.56","80","11.99","91","5.74","317","6.15","43","2"
"2023-09",2023-02-27,2023-03-05,"Friuli-Venezia Giulia",6,45.6494354,13.76813649,"17","88","22975","3.83","22","12.32","13","2.68","47","4.15","6","1.2"
"2023-09",2023-02-27,2023-03-05,"Liguria",7,44.41149315,8.9326992,"40","359","56441","6.36","21","12.12","17","3.48","275","8.87","46","2.44"
"2023-09",2023-02-27,2023-03-05,"Emilia-Romagna",8,44.49436681,11.3417208,"67","803","86174","9.32","137","23.8","185","12.64","422","9.15","59","3.00"
"2023-09",2023-02-27,2023-03-05,"Tuscany",9,43.76923077,11.25588885,"38","606","51522","11.76","110","36.27","100","12.7","310","10.9","86","7.07"
"2023-09",2023-02-27,2023-03-05,"Umbria",10,43.10675841,12.38824698,"12","97","12517","7.75","21","20.98","24","9.62","46","6.87","6","2.58"
"2023-09",2023-02-27,2023-03-05,"Marche",11,43.61675973,13.5188753,"28","411","34791","11.81","59","28.04","104","15.22","210","11.56","38","4.94"
"2023-09",2023-02-27,2023-03-05,"Lazio",12,41.89277044,12.48366722,"180","1407","237484","5.92","112","12.34","174","7.07","962","6.52","159","2.82"
"2023-09",2023-02-27,2023-03-05,"Abruzzo",13,42.35122196,13.39843823,"29","426","33079","12.88","138","49.71","151","25.76","116","6.82","21","2.83"
"2023-09",2023-02-27,2023-03-05,"Molise",14,41.55774754,14.65916051,"13","71","15247","4.66","6","14.39","14","13.82","47","4.64","4","1.08"
"2023-09",2023-02-27,2023-03-05,"Campania",15,40.83956555,14.25084984,"50","446","62363","7.15","145","18.93","139","9.35","131","4.42","31","3.04"
"2023-09",2023-02-27,2023-03-05,"Apulia",16,41.12559576,16.86736689,"62","694","79652","8.71","127","21.75","214","17.34","303","6.8","50","2.95"
"2023-09",2023-02-27,2023-03-05,"Basilicata",17,40.63947052,15.80514834,"9","58","16080","3.61","20","18.1","18","8.31","19","2.93","1","0.16"
"2023-09",2023-02-27,2023-03-05,"Calabria",18,38.90597598,16.59440194,"NA","NA","NA","NA","NA","NA","NA","NA","NA","NA","NA","NA"
"2023-09",2023-02-27,2023-03-05,"Sicily",19,38.11569725,13.3623567,"98","888","118724","7.48","143","28.67","205","15.67","437","6.05","103","3.62"
"2023-09",2023-02-27,2023-03-05,"Sardinia",20,39.21531192,9.110616306,"14","128","18996","6.74","30","24.81","36","13.24","46","4.18","16","3.94"
"2023-10",2023-03-06,2023-03-12,"Piedmont",1,45.0732745,7.680687483,"53","488","73258","6.66","52","11.86","79","8.21","296","7.21","61","3.35"
"2023-10",2023-03-06,2023-03-12,"Aosta Valley",2,45.73750286,7.320149366,"2","15","2729","5.5","0","0","1","12.99","13","6.49","1","1.54"
"2023-10",2023-03-06,2023-03-12,"Lombardy",3,45.46679409,9.190347404,"200","2339","278906","8.39","471","26.9","473","11.04","1193","7.65","202","3.23"
"2023-10",2023-03-06,2023-03-12,"AP Bolzano",21,46.49933453,11.35662422,"7","43","9577","4.49","9","9.2","16","6.97","12","2.47","6","4.17"
"2023-10",2023-03-06,2023-03-12,"AP Trento",22,46.06893511,11.12123097,"10","85","15005","5.66","1","4.00","5","4.51","65","6.8","14","3.42"
"2023-10",2023-03-06,2023-03-12,"Veneto",5,45.43490485,12.33845213,"61","483","85750","5.63","94","18.09","82","6.21","266","5.69","41","1.99"
"2023-10",2023-03-06,2023-03-12,"Friuli-Venezia Giulia",6,45.6494354,13.76813649,"18","126","23174","5.44","14","8.15","23","5.44","76","6.4","13","2.43"
"2023-10",2023-03-06,2023-03-12,"Liguria",7,44.41149315,8.9326992,"41","372","58121","6.4","21","14.31","25","6.06","280","8.59","46","2.31"
"2023-10",2023-03-06,2023-03-12,"Emilia-Romagna",8,44.49436681,11.3417208,"66","678","85301","7.95","126","25.34","175","12.85","318","6.82","59","2.93"
"2023-10",2023-03-06,2023-03-12,"Tuscany",9,43.76923077,11.25588885,"38","451","49773","9.06","71","28.01","68","10.89","237","8.28","75","6.06"
"2023-10",2023-03-06,2023-03-12,"Umbria",10,43.10675841,12.38824698,"11","65","11325","5.74","8","7.99","11","4.68","35","6.29","11","4.57"
"2023-10",2023-03-06,2023-03-12,"Marche",11,43.61675973,13.5188753,"41","412","51278","8.03","79","23.21","113","11.81","197","7.28","23","2.04"
"2023-10",2023-03-06,2023-03-12,"Lazio",12,41.89277044,12.48366722,"191","1308","253484","5.16","92","9.82","158","6.2","892","5.63","166","2.76"
"2023-10",2023-03-06,2023-03-12,"Abruzzo",13,42.35122196,13.39843823,"23","448","26892","16.66","117","46.95","143","27.53","150","10.92","38","6.94"
"2023-10",2023-03-06,2023-03-12,"Molise",14,41.55774754,14.65916051,"14","71","15965","4.45","7","16.79","14","13.66","46","4.32","4","1.03"
"2023-10",2023-03-06,2023-03-12,"Campania",15,40.83956555,14.25084984,"41","322","49179","6.55","110","17.00","131","9.99","64","2.93","17","2.18"
"2023-10",2023-03-06,2023-03-12,"Apulia",16,41.12559576,16.86736689,"59","458","76720","5.97","86","18.47","132","12.71","217","4.87","23","1.34"
"2023-10",2023-03-06,2023-03-12,"Basilicata",17,40.63947052,15.80514834,"9","57","16080","3.54","17","15.38","19","8.77","19","2.93","2","0.32"
"2023-10",2023-03-06,2023-03-12,"Calabria",18,38.90597598,16.59440194,"0","0","0","0","0","0","0","0","0","0","0","0"
"2023-10",2023-03-06,2023-03-12,"Sicily",19,38.11569725,13.3623567,"97","849","117544","7.22","158","29.93","198","14.63","390","5.5","103","3.7"
"2023-10",2023-03-06,2023-03-12,"Sardinia",20,39.21531192,9.110616306,"13","114","17260","6.6","32","26.47","38","14.11","35","3.57","9","2.53"
"2023-11",2023-03-13,2023-03-19,"Piedmont",1,45.0732745,7.680687483,"49","366","67028","5.46","47","9.88","57","5.65","222","6.23","40","2.41"
"2023-11",2023-03-13,2023-03-19,"Aosta Valley",2,45.73750286,7.320149366,"3","13","4349","2.99","0","0","1","11.24","11","3.39","1","0.99"
"2023-11",2023-03-13,2023-03-19,"Lombardy",3,45.46679409,9.190347404,"208","1952","286941","6.8","401","22.3","318","7.5","1048","6.44","185","2.9"
"2023-11",2023-03-13,2023-03-19,"AP Bolzano",21,46.49933453,11.35662422,"8","47","11427","4.11","14","20.77","12","6.94","21","3.17","0","0"
"2023-11",2023-03-13,2023-03-19,"AP Trento",22,46.06893511,11.12123097,"8","34","12160","2.8","0","0","0","0","31","4.06","3","0.92"
"2023-11",2023-03-13,2023-03-19,"Veneto",5,45.43490485,12.33845213,"71","549","100032","5.49","75","12.25","65","4.59","354","6.34","55","2.29"
"2023-11",2023-03-13,2023-03-19,"Friuli-Venezia Giulia",6,45.6494354,13.76813649,"13","119","17847","6.67","33","29.26","31","9.11","49","5.27","6","1.49"
"2023-11",2023-03-13,2023-03-19,"Liguria",7,44.41149315,8.9326992,"29","238","40743","5.84","15","17.52","27","11.41","168","7.38","28","1.9"
"2023-11",2023-03-13,2023-03-19,"Emilia-Romagna",8,44.49436681,11.3417208,"65","611","85674","7.13","104","19.05","147","10.79","325","6.96","35","1.76"
"2023-11",2023-03-13,2023-03-19,"Tuscany",9,43.76923077,11.25588885,"37","388","48317","8.03","59","22.77","68","10.66","196","7.07","65","5.59"
"2023-11",2023-03-13,2023-03-19,"Umbria",10,43.10675841,12.38824698,"11","63","10989","5.73","20","16.21","13","4.14","28","5.66","2","1.19"
"2023-11",2023-03-13,2023-03-19,"Marche",11,43.61675973,13.5188753,"36","330","42764","7.72","53","15.68","100","10.57","150","7.22","27","2.95"
"2023-11",2023-03-13,2023-03-19,"Lazio",12,41.89277044,12.48366722,"180","1157","238429","4.85","92","10.19","149","6.03","762","5.14","154","2.72"
"2023-11",2023-03-13,2023-03-19,"Abruzzo",13,42.35122196,13.39843823,"33","430","40665","10.57","116","36.17","139","19.0","139","6.32","36","4.42"
"2023-11",2023-03-13,2023-03-19,"Molise",14,41.55774754,14.65916051,"14","62","15965","3.88","9","21.58","12","11.71","35","3.29","6","1.55"
"2023-11",2023-03-13,2023-03-19,"Campania",15,40.83956555,14.25084984,"49","330","59492","5.55","118","15.16","105","6.9","90","3.34","17","1.78"
"2023-11",2023-03-13,2023-03-19,"Apulia",16,41.12559576,16.86736689,"58","357","76729","4.65","54","13.36","85","9.57","182","3.93","36","2.05"
"2023-11",2023-03-13,2023-03-19,"Basilicata",17,40.63947052,15.80514834,"9","58","16080","3.61","21","19","25","11.54","12","1.85","0","0"
"2023-11",2023-03-13,2023-03-19,"Calabria",18,38.90597598,16.59440194,"0","0","0","0","0","0","0","0","0","0","0","0"
"2023-11",2023-03-13,2023-03-19,"Sicily",19,38.11569725,13.3623567,"107","868","129973","6.68","188","34.14","189","13.56","410","5.13","81","2.64"
"2023-11",2023-03-13,2023-03-19,"Sardinia",20,39.21531192,9.110616306,"14","103","18996","5.42","34","28.12","39","14.34","26","2.36","4","0.98"
"2023-12",2023-03-20,2023-03-26,"Piedmont",1,45.0732745,7.680687483,"49","415","67932","6.11","45","11.44","76","8.6","250","6.55","44","2.59"
"2023-12",2023-03-20,2023-03-26,"Aosta Valley",2,45.73750286,7.320149366,"2","8","2729","2.93","0","0","1","12.99","7","3.49","0","0"
"2023-12",2023-03-20,2023-03-26,"Lombardy",3,45.46679409,9.190347404,"211","2192","296417","7.39","460","26.62","440","10.68","1084","6.36","208","3.08"
"2023-12",2023-03-20,2023-03-26,"AP Bolzano",21,46.49933453,11.35662422,"7","27","9584","2.82","3","4.68","6","4.01","18","3.32","0","0"
"2023-12",2023-03-20,2023-03-26,"AP Trento",22,46.06893511,11.12123097,"8","28","11817","2.37","5","8.74","8","4.28","12","1.81","3","1.08"
"2023-12",2023-03-20,2023-03-26,"Veneto",5,45.43490485,12.33845213,"58","323","78748","4.1","51","9.31","48","3.62","195","4.63","29","1.62"
"2023-12",2023-03-20,2023-03-26,"Friuli-Venezia Giulia",6,45.6494354,13.76813649,"14","80","18905","4.23","19","13.31","19","4.62","37","3.96","5","1.24"
"2023-12",2023-03-20,2023-03-26,"Liguria",7,44.41149315,8.9326992,"36","234","49178","4.76","12","10.54","21","6.34","163","5.94","38","2.2"
"2023-12",2023-03-20,2023-03-26,"Emilia-Romagna",8,44.49436681,11.3417208,"60","483","78071","6.19","67","14.73","86","7.18","286","6.66","44","2.36"
"2023-12",2023-03-20,2023-03-26,"Tuscany",9,43.76923077,11.25588885,"40","340","53067","6.41","58","20.43","55","7.7","176","5.83","51","3.96"
"2023-12",2023-03-20,2023-03-26,"Umbria",10,43.10675841,12.38824698,"13","81","13231","6.12","24","19.45","17","5.35","32","4.97","8","3.37"
"2023-12",2023-03-20,2023-03-26,"Marche",11,43.61675973,13.5188753,"30","240","35677","6.73","49","15.53","71","8.41","105","6.21","15","2.1"
"2023-12",2023-03-20,2023-03-26,"Lazio",12,41.89277044,12.48366722,"193","1175","256960","4.57","80","8.55","111","4.33","841","5.24","143","2.33"
"2023-12",2023-03-20,2023-03-26,"Abruzzo",13,42.35122196,13.39843823,"27","301","31468","9.57","76","30.5","100","19.11","106","6.37","19","2.67"
"2023-12",2023-03-20,2023-03-26,"Molise",14,41.55774754,14.65916051,"13","44","14131","3.11","8","19.18","10","10.28","23","2.5","3","0.85"
"2023-12",2023-03-20,2023-03-26,"Campania",15,40.83956555,14.25084984,"41","291","49519","5.88","120","18.62","95","7.22","62","2.8","14","1.81"
"2023-12",2023-03-20,2023-03-26,"Apulia",16,41.12559576,16.86736689,"71","452","90753","4.98","80","12.64","124","8.93","217","4.3","31","1.54"
"2023-12",2023-03-20,2023-03-26,"Basilicata",17,40.63947052,15.80514834,"9","68","16080","4.23","19","17.19","31","14.31","14","2.16","4","0.63"
"2023-12",2023-03-20,2023-03-26,"Calabria",18,38.90597598,16.59440194,"0","0","0","0","0","0","0","0","0","0","0","0"
"2023-12",2023-03-20,2023-03-26,"Sicily",19,38.11569725,13.3623567,"105","772","127665","6.05","131","22.83","224","15.39","336","4.39","81","2.63"
"2023-12",2023-03-20,2023-03-26,"Sardinia",20,39.21531192,9.110616306,"14","112","18996","5.9","31","25.64","41","15.07","36","3.27","4","0.98"
"2023-13",2023-03-27,2023-04-02,"Piedmont",1,45.0732745,7.680687483,"49","323","69968","4.62","26","6.47","33","3.88","215","5.35","49","2.84"
"2023-13",2023-03-27,2023-04-02,"Aosta Valley",2,45.73750286,7.320149366,"2","13","2729","4.76","0","0","1","12.99","11","5.49","1","1.54"
"2023-13",2023-03-27,2023-04-02,"Lombardy",3,45.46679409,9.190347404,"200","1785","279787","6.38","315","19.62","268","6.98","1017","6.27","185","2.93"
"2023-13",2023-03-27,2023-04-02,"AP Bolzano",21,46.49933453,11.35662422,"6","31","8602","3.6","7","20.77","4","4.73","18","3.34","2","0.99"
"2023-13",2023-03-27,2023-04-02,"AP Trento",22,46.06893511,11.12123097,"8","37","11723","3.16","12","20.98","9","4.79","15","2.23","1","0.39"
"2023-13",2023-03-27,2023-04-02,"Veneto",5,45.43490485,12.33845213,"59","312","81561","3.83","51","9.41","44","3.54","186","4.13","31","1.66"
"2023-13",2023-03-27,2023-04-02,"Friuli-Venezia Giulia",6,45.6494354,13.76813649,"15","87","17953","4.85","18","8.67","15","3.09","38","4.92","16","4.86"
"2023-13",2023-03-27,2023-04-02,"Liguria",7,44.41149315,8.9326992,"28","197","40107","4.91","18","21.03","18","7.69","132","5.83","29","2.04"
"2023-13",2023-03-27,2023-04-02,"Emilia-Romagna",8,44.49436681,11.3417208,"60","430","79235","5.43","50","12.14","78","6.87","258","5.79","44","2.29"
"2023-13",2023-03-27,2023-04-02,"Tuscany",9,43.76923077,11.25588885,"44","310","59063","5.25","51","17.96","45","6.21","175","5.08","39","2.69"
"2023-13",2023-03-27,2023-04-02,"Umbria",10,43.10675841,12.38824698,"8","52","7806","6.66","18","17.98","15","6.52","17","5.32","2","1.53"
"2023-13",2023-03-27,2023-04-02,"Marche",11,43.61675973,13.5188753,"26","210","32164","6.53","35","16.26","46","6.82","111","6.66","18","2.73"
"2023-13",2023-03-27,2023-04-02,"Lazio",12,41.89277044,12.48366722,"178","957","235876","4.06","75","8.26","103","4.17","668","4.57","111","1.99"
"2023-13",2023-03-27,2023-04-02,"Abruzzo",13,42.35122196,13.39843823,"32","286","38793","7.37","60","23.44","64","10.92","129","5.96","33","3.78"
"2023-13",2023-03-27,2023-04-02,"Molise",14,41.55774754,14.65916051,"14","41","15965","2.57","4","9.59","5","4.88","27","2.53","5","1.29"
"2023-13",2023-03-27,2023-04-02,"Campania",15,40.83956555,14.25084984,"41","211","49832","4.23","72","11.66","79","6.33","52","2.25","8","0.99"
"2023-13",2023-03-27,2023-04-02,"Apulia",16,41.12559576,16.86736689,"52","277","70190","3.95","38","13.76","64","8.85","144","3.32","31","1.84"
"2023-13",2023-03-27,2023-04-02,"Basilicata",17,40.63947052,15.80514834,"9","56","16080","3.48","14","12.67","26","12.00","15","2.31","1","0.16"
"2023-13",2023-03-27,2023-04-02,"Calabria",18,38.90597598,16.59440194,"0","0","0","0","0","0","0","0","0","0","0","0"
"2023-13",2023-03-27,2023-04-02,"Sicily",19,38.11569725,13.3623567,"98","694","122981","5.64","140","30.91","156","13.31","317","4.14","81","2.69"
"2023-13",2023-03-27,2023-04-02,"Sardinia",20,39.21531192,9.110616306,"14","111","18996","5.84","31","25.64","47","17.28","28","2.55","5","1.23"
"2023-14",2023-04-03,2023-04-09,"Piedmont",1,45.0732745,7.680687483,"48","231","65715","3.52","21","5.1","36","4.23","145","3.96","29","1.76"
"2023-14",2023-04-03,2023-04-09,"Aosta Valley",2,45.73750286,7.320149366,"2","4","2729","1.47","0","0","1","12.99","3","1.5","0","0"
"2023-14",2023-04-03,2023-04-09,"Lombardy",3,45.46679409,9.190347404,"190","1841","261832","7.03","483","27.35","384","9.3","814","5.63","160","2.74"
"2023-14",2023-04-03,2023-04-09,"AP Bolzano",21,46.49933453,11.35662422,"6","28","8434","3.32","4","11.87","4","4.6","19","3.57","1","0.53"
"2023-14",2023-04-03,2023-04-09,"AP Trento",22,46.06893511,11.12123097,"5","15","7549","1.99","0","0","2","2.13","10","2.19","3","1.68"
"2023-14",2023-04-03,2023-04-09,"Veneto",5,45.43490485,12.33845213,"51","243","70475","3.45","37","8.52","39","3.49","141","3.68","26","1.56"
"2023-14",2023-04-03,2023-04-09,"Friuli-Venezia Giulia",6,45.6494354,13.76813649,"17","43","21459","2.00","9","4.34","8","1.63","22","2.24","4","0.86"
"2023-14",2023-04-03,2023-04-09,"Liguria",7,44.41149315,8.9326992,"33","180","45470","3.96","13","8.92","18","4.47","126","5.2","23","1.46"
"2023-14",2023-04-03,2023-04-09,"Emilia-Romagna",8,44.49436681,11.3417208,"54","413","70167","5.89","58","13.62","66","5.55","235","6.23","54","3.32"
"2023-14",2023-04-03,2023-04-09,"Tuscany",9,43.76923077,11.25588885,"34","240","44937","5.34","36","15.49","27","4.75","140","5.46","37","3.28"
"2023-14",2023-04-03,2023-04-09,"Umbria",10,43.10675841,12.38824698,"10","37","9986","3.71","11","10.99","5","2.1","17","3.47","4","2.36"
"2023-14",2023-04-03,2023-04-09,"Marche",11,43.61675973,13.5188753,"34","173","39710","4.36","37","10.17","36","3.73","78","4.19","22","2.83"
"2023-14",2023-04-03,2023-04-09,"Lazio",12,41.89277044,12.48366722,"183","896","242662","3.69","80","9.27","109","4.5","594","3.91","113","1.95"
"2023-14",2023-04-03,2023-04-09,"Abruzzo",13,42.35122196,13.39843823,"26","227","32833","6.91","59","21.02","75","11.9","84","4.93","9","1.35"
"2023-14",2023-04-03,2023-04-09,"Molise",14,41.55774754,14.65916051,"0","0","0","0","0","0","0","0","0","0","0","0"
"2023-14",2023-04-03,2023-04-09,"Campania",15,40.83956555,14.25084984,"20","114","23166","4.92","46","12.67","44","6.2","19","2.04","5","1.59"
"2023-14",2023-04-03,2023-04-09,"Apulia",16,41.12559576,16.86736689,"94","519","121275","4.28","85","11.94","136","8.56","243","3.42","55","2.02"
"2023-14",2023-04-03,2023-04-09,"Basilicata",17,40.63947052,15.80514834,"9","43","16080","2.67","17","15.38","19","8.77","7","1.08","0","0"
"2023-14",2023-04-03,2023-04-09,"Calabria",18,38.90597598,16.59440194,"0","0","0","0","0","0","0","0","0","0","0","0"
"2023-14",2023-04-03,2023-04-09,"Sicily",19,38.11569725,13.3623567,"98","537","123535","4.35","88","19.52","129","11.05","268","3.46","52","1.73"
"2023-14",2023-04-03,2023-04-09,"Sardinia",20,39.21531192,9.110616306,"13","114","17798","6.41","36","29.78","50","18.57","26","2.55","2","0.54"
"2023-15",2023-04-10,2023-04-16,"Piedmont",1,45.0732745,7.680687483,"57","311","79186","3.93","18","4.45","26","2.96","207","4.5","60","2.95"
"2023-15",2023-04-10,2023-04-16,"Aosta Valley",2,45.73750286,7.320149366,"1","7","1238","5.65","0","0","0","0","6","6.4","1","4.2"
"2023-15",2023-04-10,2023-04-16,"Lombardy",3,45.46679409,9.190347404,"199","1684","276897","6.08","332","17.68","253","5.62","879","5.8","220","3.58"
"2023-15",2023-04-10,2023-04-16,"AP Bolzano",21,46.49933453,11.35662422,"6","12","8219","1.46","0","0","6","7.98","4","0.76","2","1.05"
"2023-15",2023-04-10,2023-04-16,"AP Trento",22,46.06893511,11.12123097,"6","10","9096","1.1","0","0","0","0","9","1.62","1","0.43"
"2023-15",2023-04-10,2023-04-16,"Veneto",5,45.43490485,12.33845213,"53","251","72152","3.48","42","8.59","26","2.3","156","3.97","27","1.62"
"2023-15",2023-04-10,2023-04-16,"Friuli-Venezia Giulia",6,45.6494354,13.76813649,"12","65","15717","4.14","20","14.01","9","2.22","32","4.46","4","1.3"
"2023-15",2023-04-10,2023-04-16,"Liguria",7,44.41149315,8.9326992,"31","208","42661","4.88","8","9.35","19","8.07","149","6.18","32","2.09"
"2023-15",2023-04-10,2023-04-16,"Emilia-Romagna",8,44.49436681,11.3417208,"62","339","82858","4.09","52","10.79","45","3.77","210","4.54","32","1.61"
"2023-15",2023-04-10,2023-04-16,"Tuscany",9,43.76923077,11.25588885,"37","264","49829","5.3","51","20.78","43","6.89","139","4.84","31","2.5"
"2023-15",2023-04-10,2023-04-16,"Umbria",10,43.10675841,12.38824698,"8","39","8581","4.54","12","15.38","8","4.51","15","3.39","4","2.49"
"2023-15",2023-04-10,2023-04-16,"Marche",11,43.61675973,13.5188753,"31","223","38757","5.75","24","11.1","20","2.95","149","7.09","30","3.41"
"2023-15",2023-04-10,2023-04-16,"Lazio",12,41.89277044,12.48366722,"182","964","240378","4.01","76","8.15","94","3.72","657","4.42","137","2.4"
"2023-15",2023-04-10,2023-04-16,"Abruzzo",13,42.35122196,13.39843823,"26","256","30226","8.47","65","23.21","73","12.37","97","6.37","21","3.33"
"2023-15",2023-04-10,2023-04-16,"Molise",14,41.55774754,14.65916051,"14","21","15965","1.32","2","4.8","2","1.95","14","1.31","3","0.77"
"2023-15",2023-04-10,2023-04-16,"Campania",15,40.83956555,14.25084984,"37","176","45124","3.9","57","9.55","50","4.25","52","2.58","17","2.35"
"2023-15",2023-04-10,2023-04-16,"Apulia",16,41.12559576,16.86736689,"55","233","70809","3.29","41","8.48","52","4.86","114","2.83","26","1.73"
"2023-15",2023-04-10,2023-04-16,"Basilicata",17,40.63947052,15.80514834,"8","34","15227","2.23","16","19.32","18","11.14","0","0","0","0"
"2023-15",2023-04-10,2023-04-16,"Calabria",18,38.90597598,16.59440194,"0","0","0","0","0","0","0","0","0","0","0","0"
"2023-15",2023-04-10,2023-04-16,"Sicily",19,38.11569725,13.3623567,"101","587","125452","4.68","91","18.81","123","9.92","298","3.83","75","2.46"
"2023-15",2023-04-10,2023-04-16,"Sardinia",20,39.21531192,9.110616306,"12","97","15689","6.18","28","23.18","50","19.05","15","1.72","4","1.28"
"2023-16",2023-04-17,2023-04-23,"Piedmont",1,45.0732745,7.680687483,"37","224","51530","4.35","14","5.33","17","2.82","159","5.28","34","2.66"
"2023-16",2023-04-17,2023-04-23,"Aosta Valley",2,45.73750286,7.320149366,"2","1","2729","0.37","0","0","0","0","1","0.5","0","0"
"2023-16",2023-04-17,2023-04-23,"Lombardy",3,45.46679409,9.190347404,"187","1465","258747","5.66","311","17.93","271","6.65","701","4.93","182","3.12"
"2023-16",2023-04-17,2023-04-23,"AP Bolzano",21,46.49933453,11.35662422,"7","32","9632","3.32","5","7.8","4","2.63","19","3.49","4","1.98"
"2023-16",2023-04-17,2023-04-23,"AP Trento",22,46.06893511,11.12123097,"4","8","6150","1.3","0","0","3","3.29","5","1.4","0","0"
"2023-16",2023-04-17,2023-04-23,"Veneto",5,45.43490485,12.33845213,"40","163","54336","3.00","22","5.87","17","1.85","113","3.89","11","0.89"
"2023-16",2023-04-17,2023-04-23,"Friuli-Venezia Giulia",6,45.6494354,13.76813649,"11","17","14751","1.15","0","0","1","0.28","13","1.86","3","0.96"
"2023-16",2023-04-17,2023-04-23,"Liguria",7,44.41149315,8.9326992,"25","121","35468","3.41","9","8.01","12","3.89","78","4.14","22","1.77"
"2023-16",2023-04-17,2023-04-23,"Emilia-Romagna",8,44.49436681,11.3417208,"41","238","53936","4.41","22","6.08","26","2.81","170","5.97","20","1.59"
"2023-16",2023-04-17,2023-04-23,"Tuscany",9,43.76923077,11.25588885,"32","204","41715","4.89","42","18.03","39","6.55","95","4.01","28","2.88"
"2023-16",2023-04-17,2023-04-23,"Umbria",10,43.10675841,12.38824698,"6","25","4981","5.02","8","7.99","7","3.12","6","5.1","4","7.17"
"2023-16",2023-04-17,2023-04-23,"Marche",11,43.61675973,13.5188753,"20","87","26789","3.25","5","5.89","10","2.96","67","4.17","5","0.77"
"2023-16",2023-04-17,2023-04-23,"Lazio",12,41.89277044,12.48366722,"189","756","250217","3.02","64","6.86","94","3.69","505","3.24","93","1.57"
"2023-16",2023-04-17,2023-04-23,"Abruzzo",13,42.35122196,13.39843823,"22","252","26411","9.54","60","32.88","76","20.68","92","6.15","24","4.03"
"2023-16",2023-04-17,2023-04-23,"Molise",14,41.55774754,14.65916051,"12","33","13094","2.52","4","9.59","4","4.18","22","2.58","3","0.94"
"2023-16",2023-04-17,2023-04-23,"Campania",15,40.83956555,14.25084984,"17","87","20171","4.31","25","7.65","34","5.47","24","2.98","4","1.52"
"2023-16",2023-04-17,2023-04-23,"Apulia",16,41.12559576,16.86736689,"36","134","44703","3.00","36","13.38","44","7.23","44","1.7","10","0.99"
"2023-16",2023-04-17,2023-04-23,"Basilicata",17,40.63947052,15.80514834,"9","51","16080","3.17","18","16.29","24","11.08","9","1.39","0","0"
"2023-16",2023-04-17,2023-04-23,"Calabria",18,38.90597598,16.59440194,"0","0","0","0","0","0","0","0","0","0","0","0"
"2023-16",2023-04-17,2023-04-23,"Sicily",19,38.11569725,13.3623567,"79","471","97961","4.81","78","16.09","132","11.2","207","3.6","54","2.27"
"2023-16",2023-04-17,2023-04-23,"Sardinia",20,39.21531192,9.110616306,"10","72","12746","5.65","23","19.04","36","13.9","13","1.98","0","0"
